model,replication,bias,squared_error,covered,parameter_class,parameter,recovered_mean,recovered_median,lower_interval,upper_interval,rhat,ess_bulk,ess_tail,true_value
M4_block_alpha_full_response,1,-1.1189914368,1.2521418356317284,FALSE,group_mu_alpha_stable_raw,mu_alpha_raw[1],-2.6426495368,-2.6373991500000002,-3.4689984849999997,-1.8005909450000006,1.002584000639055,1356.8718086479887,2080.574152601221,-1.5236581
M4_block_alpha_full_response,1,-0.16346523319499995,0.026720882463495712,TRUE,group_mu_alpha_volatile_raw,mu_alpha_raw[2],-1.771134733195,-1.7694986,-2.50614427,-1.0403225250000003,1.0039560566396315,1390.7421298446989,2226.600434661051,-1.6076695
M4_block_alpha_full_response,1,0.06130217044999986,0.003757956101880836,TRUE,group_sigma_alpha_stable_raw,sigma_alpha_raw[1],2.53026017045,2.5038289000000002,2.0186306750000003,3.13948797,1.000176570613031,2418.815595938104,3134.8058616234784,2.468958
M4_block_alpha_full_response,1,-0.6797336171999997,0.4620377903517957,FALSE,group_sigma_alpha_volatile_raw,sigma_alpha_raw[2],2.5262322828,2.49701975,1.99789501,3.1428498799999995,1.0008175479755037,2857.065873124407,2886.457720307515,3.2059659
M4_block_alpha_full_response,1,0.15390620661233,0.023687120433797212,TRUE,group_mu_beta_raw,mu_beta_raw,0.49216261661233,0.50052114,0.18240493650000003,0.7728004899999995,1.0049396784051177,1009.0565744419522,1460.094240721521,0.33825641
M4_block_alpha_full_response,1,-0.25907407668499993,0.06711937721018522,TRUE,group_sigma_beta_raw,sigma_beta_raw,1.256436523315,1.2446521000000002,1.027183985,1.5211858200000001,1.0027392224344724,1185.4047926552837,2090.874658367962,1.5155106
M4_block_alpha_full_response,1,-0.8612259981996871,0.7417102199750475,FALSE,alpha_stable,"alpha[1,1]",0.11692695180031283,0.032276728000000005,0.002119520155,0.6731205509999993,1.001542564267371,5166.60423118831,2613.448817230113,0.97815295
M4_block_alpha_full_response,1,-0.30237970842629247,0.09143348806796965,TRUE,alpha_stable,"alpha[2,1]",0.1288550715737075,0.063926786,0.001649086815,0.496065512999999,1.000567383790247,5851.003204827467,2502.2131323142385,0.43123478
M4_block_alpha_full_response,1,-0.03507255939364751,0.001230084422420932,TRUE,alpha_stable,"alpha[3,1]",0.17750749060635249,0.126439165,0.01082554835,0.5451032170000001,1.001460516344338,5509.840552284781,2746.652414787059,0.21258005
M4_block_alpha_full_response,1,-0.1735675486385,0.03012569394037806,TRUE,alpha_stable,"alpha[4,1]",0.7575539913615,0.779753385,0.45105611,0.9800541915,1.0022256853576272,5079.758330976062,2271.38893769087,0.93112154
M4_block_alpha_full_response,1,-0.498467058966636,0.24846940887484778,FALSE,alpha_stable,"alpha[5,1]",0.044724541033363964,0.009346483400000001,3.28785639e-4,0.20397308399999997,1.0009510634449175,5105.000132188285,2802.241354026839,0.5431916
M4_block_alpha_full_response,1,0.031473725418680015,9.905953917304644e-4,TRUE,alpha_stable,"alpha[6,1]",0.24240866541868,0.17528472,0.03587731245,0.7223081574999997,1.00044027601542,5443.999013391476,2162.975047970926,0.21093494
M4_block_alpha_full_response,1,-0.723522097986648,0.5234842262750007,FALSE,alpha_stable,"alpha[7,1]",0.172117182013352,0.063653957,9.974558015000002e-4,0.7571675344999996,1.000274977704453,6773.187684447003,2867.3427793049373,0.89563928
M4_block_alpha_full_response,1,-0.5216477661069582,0.27211639188437975,TRUE,alpha_stable,"alpha[8,1]",0.1562123938930419,0.030055154,5.262005364999999e-4,0.7417020469999994,1.0008021201316548,5812.810034968676,2590.1224994237505,0.67786016
M4_block_alpha_full_response,1,-0.29070497490966024,0.0845093824372262,TRUE,alpha_stable,"alpha[9,1]",0.17586256509033976,0.039236340499999994,4.825554935e-4,0.8030589869999998,0.9998480373327443,5584.538915387206,2881.229621059923,0.46656754
M4_block_alpha_full_response,1,0.0012835352780051264,1.6474628098836972e-6,TRUE,alpha_stable,"alpha[10,1]",0.011621655278005126,0.0108057445,0.0028232990050000004,0.023127592049999996,0.9999585087415996,3368.512660822038,2246.9828060908767,0.01033812
M4_block_alpha_full_response,1,0.14883169037418195,0.022150872059636364,TRUE,alpha_stable,"alpha[11,1]",0.15789594147418196,0.0632937375,0.0016373990600000005,0.7205360859999999,1.0001868466879154,6650.376999651015,2709.8337286023075,0.0090642511
M4_block_alpha_full_response,1,-0.017899975835927506,3.204091349267886e-4,TRUE,alpha_stable,"alpha[12,1]",0.0940046341640725,0.0806930705,0.0224916668,0.21270097549999997,0.9993873612826893,5652.124373770315,2786.729875683403,0.11190461
M4_block_alpha_full_response,1,-0.849816355739548,0.7221878384824459,FALSE,alpha_stable,"alpha[13,1]",0.117712624260452,0.0414928155,0.001290608095,0.5661072209999998,1.003590959162564,6257.8847592987695,2510.82414410584,0.96752898
M4_block_alpha_full_response,1,0.17741238190024525,0.031475153251518465,TRUE,alpha_stable,"alpha[14,1]",0.21522531590024524,0.088436911000000007,0.001240535825,0.8527994404999998,1.000667821544118,6326.857316618703,2597.952966833496,0.037812934
M4_block_alpha_full_response,1,0.2804304615910041,0.07864124378814362,TRUE,alpha_stable,"alpha[15,1]",0.3835438115910041,0.22586302,0.0017629540000000002,0.972707773,1.0007642619130654,3361.4413406442654,3162.9372253936062,0.10311335
M4_block_alpha_full_response,1,-0.21355623496174247,0.045606265491034956,TRUE,alpha_stable,"alpha[16,1]",0.2503800150382575,0.10657681499999999,0.00115826652,0.8551080004999997,0.9995508429435938,6668.595346430547,3141.1247888917515,0.46393625
M4_block_alpha_full_response,1,-0.8295469289039841,0.6881481072540316,FALSE,alpha_stable,"alpha[17,1]",0.0927428510960159,0.019998646000000002,4.930974975e-4,0.49345986399999975,0.9998915515537964,5985.051087202556,2758.2359498666992,0.92228978
M4_block_alpha_full_response,1,0.02734494416152225,7.477459711967698e-4,TRUE,alpha_stable,"alpha[18,1]",0.11942082416152225,0.056977940500000004,0.002876609530000002,0.48841981199999973,1.0013703317128777,5363.537691016203,2450.131741256796,0.09207588
M4_block_alpha_full_response,1,-0.9171652113980514,0.8411920249988323,FALSE,alpha_stable,"alpha[19,1]",0.06548242860194868,0.017052083000000003,6.064915560000001e-4,0.3115517189999992,1.0023161337447233,4736.348454655419,2510.6691380992665,0.98264764
M4_block_alpha_full_response,1,-0.7649264985078132,0.5851125481194236,FALSE,alpha_stable,"alpha[20,1]",0.2281793114921867,0.0792308115,0.00110181376,0.872826397,1.0005736717398999,6808.333062458756,2998.4053543875652,0.99310581
M4_block_alpha_full_response,1,-0.012675456625704351,1.6066720067011233e-4,TRUE,alpha_stable,"alpha[21,1]",0.08985721337429566,0.0356149675,0.00123823511,0.4011624459999993,1.0000223344995318,6561.4843048514,2755.778676190402,0.10253267
M4_block_alpha_full_response,1,-0.4395296876048177,0.19318634628598863,TRUE,alpha_stable,"alpha[22,1]",0.17299527239518228,0.057921814,8.716196800000003e-4,0.7793181504999999,1.0002126816539403,6587.948749090462,2548.074524174573,0.61252496
M4_block_alpha_full_response,1,0.0053779199772199995,2.8922023281381958e-5,TRUE,alpha_stable,"alpha[23,1]",0.01397263657722,0.0134011045,0.006405519634999999,0.023629190549999995,1.0004269550526304,3729.8835563805105,2710.8980740921716,0.0085947166
M4_block_alpha_full_response,1,0.12959337517259994,0.016794442888626245,TRUE,alpha_stable,"alpha[24,1]",0.7048285951726,0.7441982149999999,0.31509593900000005,0.9727326315,1.0003528849150656,5619.638682535531,2855.6596141641044,0.57523522
M4_block_alpha_full_response,1,-0.398104975641672,0.15848757163065627,TRUE,alpha_stable,"alpha[25,1]",0.242155104358328,0.134500605,0.00163127675,0.802936321,0.9999346757022535,5695.1800680596625,2404.892795506318,0.64026008
M4_block_alpha_full_response,1,0.00101136376546295,1.0228566660913967e-6,TRUE,alpha_stable,"alpha[26,1]",0.00159272412546295,0.00119469065,1.0625923900000001e-4,0.0044076891,0.9998781067799749,4649.213615325352,3064.741467799307,5.8136036e-4
M4_block_alpha_full_response,1,0.0160725320589318,2.5832628678539054e-4,TRUE,alpha_stable,"alpha[27,1]",0.0207534469589318,0.00627359045,2.986682495e-4,0.07878078019999993,1.0001973147705512,6902.310699236589,3152.2179246264354,0.0046809149
M4_block_alpha_full_response,1,-0.002964480532557573,8.788144827912832e-6,TRUE,alpha_stable,"alpha[28,1]",0.12402619946744242,0.039848579999999995,0.001501212065,0.5913231459999994,1.000351423910677,5603.5976278008275,2659.625773094051,0.12699068
M4_block_alpha_full_response,1,0.0400161501029018,0.0016012922690579676,TRUE,alpha_stable,"alpha[29,1]",0.1019289351029018,0.027888544,8.291045775e-4,0.5163192774999981,1.001973856851493,5842.649903337229,2632.2287301968554,0.061912785
M4_block_alpha_full_response,1,-0.7192031989488027,0.5172532413781911,FALSE,alpha_stable,"alpha[30,1]",0.21047096105119736,0.059123796,8.005510920000001e-4,0.8407318844999998,0.9999611878368991,5990.7744953117435,3314.2780575889324,0.92967416
M4_block_alpha_full_response,1,-0.455505816511326,0.20748554887564977,TRUE,alpha_stable,"alpha[31,1]",0.41964154348867405,0.39466546999999996,0.007465603210000001,0.946974903,1.0018423747595664,4493.7095642383265,2494.0799316009275,0.87514736
M4_block_alpha_full_response,1,-0.31210535035918263,0.09740974972282815,FALSE,alpha_stable,"alpha[32,1]",0.08685363964081735,0.049564377,0.002617599385,0.30508466149999974,1.0010282335250598,5110.856523399846,2303.41836039267,0.39895899
M4_block_alpha_full_response,1,0.050967034006749956,0.0025976385554452065,TRUE,alpha_stable,"alpha[33,1]",0.76687981400675,0.7899250200000001,0.47585961449999997,0.978804683,1.0006497504343441,4844.751088484971,2548.643070564909,0.71591278
M4_block_alpha_full_response,1,-0.3143881456993997,0.09883990615630699,TRUE,alpha_stable,"alpha[34,1]",0.46663656430060024,0.47206275,0.0030230945100000006,0.9623132314999999,1.0003908459639668,3807.1732697313223,2291.544291725151,0.78102471
M4_block_alpha_full_response,1,5.715939537684425e-4,3.267196479846404e-7,TRUE,alpha_stable,"alpha[35,1]",0.0011656114137684425,8.974244999999999e-4,7.056443334999999e-5,0.003202972499999999,0.9995563494862523,4120.474634729721,2804.0807775296485,5.9401746e-4
M4_block_alpha_full_response,1,-0.05151568296959218,0.0026538655918235295,TRUE,alpha_stable,"alpha[36,1]",0.11015869703040783,0.022048473,6.066743054999999e-4,0.5729531084999988,1.0012698382772018,5579.648209316484,2939.8430751507626,0.16167438
M4_block_alpha_full_response,1,0.054179135574734576,0.0029353787316254696,TRUE,alpha_stable,"alpha[37,1]",0.060902571074734575,0.0158596505,4.336233280000001e-4,0.2769286304999992,1.0017349733390852,6378.243214979389,2786.71802046498,0.0067234355000000004
M4_block_alpha_full_response,1,-0.5739569712758003,0.3294266048760898,TRUE,alpha_stable,"alpha[38,1]",0.2518109187241997,0.087688192,0.00155691663,0.9196827704999999,1.0006055763439774,5809.320781298229,2973.818089485038,0.82576789
M4_block_alpha_full_response,1,0.0038027980578358433,1.4461273068680062e-5,TRUE,alpha_stable,"alpha[39,1]",0.18558798805783586,0.0620767985,0.0017529290200000002,0.8289225069999996,1.0012677239457464,6757.740445677222,2714.0179532237726,0.18178519
M4_block_alpha_full_response,1,-0.00204970858797692,4.2013052956263395e-6,TRUE,alpha_stable,"alpha[40,1]",0.00262237821202308,0.0020709194,1.5199070850000003e-4,0.006921929084999999,1.0017783208797482,4479.153984334986,2481.7933076025897,0.0046720868
M4_block_alpha_full_response,1,-0.06360393550609622,0.004045460611863647,TRUE,alpha_stable,"alpha[41,1]",0.28289140449390376,0.17521150000000002,0.001854793405,0.8686790024999996,1.0005897061561417,6035.4902097372305,2483.3254130498312,0.34649534
M4_block_alpha_full_response,1,0.09394215564079249,0.00882512860643888,TRUE,alpha_stable,"alpha[42,1]",0.09616844794079249,0.023950160499999998,6.052893475000001e-4,0.4771260509999993,0.9996976456986509,5384.20886999787,3174.543252812629,0.0022262923
M4_block_alpha_full_response,1,0.062016308012925014,0.0038460224595539875,TRUE,alpha_stable,"alpha[43,1]",0.234906498012925,0.221529115,0.05163572565,0.4773487669999999,1.001472570721821,6062.042054828483,2760.7546136933333,0.17289019
M4_block_alpha_full_response,1,0.14678966171297736,0.02154720478581033,TRUE,alpha_stable,"alpha[44,1]",0.17596887271297737,0.025692547,3.846652595000001e-4,0.8197510504999992,0.9998637494643322,3880.3205808390885,3213.011937282358,0.029179211
M4_block_alpha_full_response,1,0.2552250924284545,0.06513984780511313,TRUE,alpha_stable,"alpha[45,1]",0.3728920324284545,0.351963205,0.00198076626,0.9048605879999999,1.0014911742341692,3516.897469787714,3094.145907405984,0.11766694
M4_block_alpha_full_response,1,-0.1354685062532925,0.018351716186498345,TRUE,alpha_stable,"alpha[46,1]",0.0695728637467075,0.0433440285,0.011735388499999999,0.22486863449999978,1.0001053998369034,5099.663618013068,2351.4752009873573,0.20504137
M4_block_alpha_full_response,1,-0.8568372106812818,0.7341700056080793,FALSE,alpha_stable,"alpha[47,1]",0.1322718693187182,0.029604888500000003,6.089239515000002e-4,0.6338497564999996,1.0011103605457177,6499.035409444988,3007.149561717063,0.98910908
M4_block_alpha_full_response,1,-0.055760473626708495,0.0031092304190748535,TRUE,alpha_stable,"alpha[48,1]",0.1475521563732915,0.0373562865,6.81111847e-4,0.7600872989999993,0.9998784821051829,6130.201215314121,2714.6160642264854,0.20331263
M4_block_alpha_full_response,1,0.10717119165437676,0.011485664320619154,TRUE,alpha_stable,"alpha[49,1]",0.11641154385437676,0.020244545500000002,3.8924901650000014e-4,0.6305803424999996,1.0002392325622542,6700.228070517958,2935.4875341861,0.0092403522
M4_block_alpha_full_response,1,0.037098292278372136,0.0013762832899715256,TRUE,alpha_stable,"alpha[50,1]",0.15257619227837213,0.0494499235,8.91093275e-4,0.6541402134999997,0.999860210088541,5885.6835737818965,3137.5513816957578,0.1154779
M4_block_alpha_full_response,1,0.07003746508738845,0.0049052465158671565,TRUE,alpha_stable,"alpha[51,1]",0.19813765508738845,0.0666092595,0.0043304896449999995,0.7491010810000001,0.9999984543530361,4361.918856832076,3022.9925801566687,0.12810019
M4_block_alpha_full_response,1,-0.07490480805510877,0.005610730269772687,TRUE,alpha_stable,"alpha[52,1]",0.20390339194489124,0.19674379,0.06599332314999999,0.360977538,1.000261597442964,3293.065188983659,1429.7292751948678,0.2788082
M4_block_alpha_full_response,1,0.08831673737269058,0.0077998461001568,FALSE,alpha_stable,"alpha[53,1]",0.09008262187269057,0.044204842,0.002125633220000001,0.34523973699999966,0.999629662675733,5414.510097251374,2690.1139823003587,0.0017658845
M4_block_alpha_full_response,1,-0.22363435118849306,0.050012323031498246,TRUE,alpha_stable,"alpha[54,1]",0.22837559881150693,0.0755012805,0.00127309291,0.8955072099999999,1.0016461938536145,5898.953178778423,2946.6406386366,0.45200995
M4_block_alpha_full_response,1,0.07490714961996388,0.005611081064187655,TRUE,alpha_stable,"alpha[55,1]",0.12189019461996388,0.0520495785,0.0015887537049999998,0.48735854999999967,1.0002059054207864,5118.947918734861,2825.988133869021,0.046983045
M4_block_alpha_full_response,1,0.15357531852161121,0.02358537845901434,TRUE,alpha_stable,"alpha[56,1]",0.18541641552161123,0.08100779599999999,0.0017984063500000003,0.7522227239999996,1.0005723080149207,7164.030243965043,2740.236185604678,0.031841097
M4_block_alpha_full_response,1,-0.37272085376173714,0.13892083482887824,TRUE,alpha_stable,"alpha[57,1]",0.15542959623826294,0.0331167235,5.400140620000001e-4,0.7936353104999997,0.9999405277078914,6588.936345338898,3089.0718265140727,0.52815045
M4_block_alpha_full_response,1,0.06718446704022502,0.004513752611479081,TRUE,alpha_stable,"alpha[58,1]",0.321120647040225,0.204469315,0.0437699229,0.8871142444999998,1.0005630031791481,4044.9412933387835,3007.3668169143475,0.25393618
M4_block_alpha_full_response,1,0.029981946370499994,8.989171081635378e-4,TRUE,alpha_stable,"alpha[59,1]",0.0919723583705,0.0864560385,0.03829449904999999,0.16268603399999995,1.0000419766733704,5363.432070300988,3233.28047528805,0.061990412
M4_block_alpha_full_response,1,0.15472311166999997,0.02393924128484728,TRUE,alpha_stable,"alpha[60,1]",0.68726627167,0.68764767,0.47588474599999997,0.9061793459999999,0.9996849041516744,5069.395511482456,2749.615592979803,0.53254316
M4_block_alpha_full_response,1,5.224791616209755e-4,2.729844743281574e-7,TRUE,alpha_stable,"alpha[61,1]",0.005605678461620975,0.0027043201999999997,1.4062104850000003e-4,0.018754101999999977,1.000406547120847,6829.173227111247,2889.425557967593,0.0050831993
M4_block_alpha_full_response,1,-0.30761335967670833,0.09462597905159192,TRUE,alpha_stable,"alpha[62,1]",0.11535470032329165,0.023854741999999998,6.432359395000001e-4,0.6152023749999995,1.0004639856240207,6622.602538241387,3192.7065636185202,0.42296806
M4_block_alpha_full_response,1,-0.13612159571999993,0.018529088821359105,TRUE,alpha_stable,"alpha[63,1]",0.72093686428,0.7274722,0.45912700100000003,0.957970497,1.0002772753708116,4827.215996602744,2598.2333513388985,0.85705846
M4_block_alpha_full_response,1,-0.5245372889841972,0.27513936753489115,TRUE,alpha_stable,"alpha[64,1]",0.38352908101580285,0.30846218000000003,0.00178524673,0.9568509270000001,0.999972055382015,4734.62343492767,2713.455998898954,0.90806637
M4_block_alpha_full_response,1,0.110410889872189,0.012190564602368647,TRUE,alpha_stable,"alpha[65,1]",0.174377244872189,0.08667236850000001,0.009609451765,0.7010043179999994,0.999543632396159,4347.765465546331,2358.1960864324874,0.063966355
M4_block_alpha_full_response,1,-0.28253745260315793,0.07982741212348171,TRUE,alpha_volatile,"alpha[1,2]",0.376877897396842,0.33782398,0.08518633075,0.8122919539999996,1.0004184028843377,4480.909149079038,2105.3754242209534,0.65941535
M4_block_alpha_full_response,1,0.20567655290683498,0.042302844415638086,TRUE,alpha_volatile,"alpha[2,2]",0.222947291906835,0.073309794,0.0018354117550000001,0.9120782014999997,1.0019712005468098,5221.168582375929,3226.698005049844,0.017270739
M4_block_alpha_full_response,1,0.007584759992357498,5.752858414166692e-5,TRUE,alpha_volatile,"alpha[3,2]",0.0796192119923575,0.06910718,0.01937163975,0.16760266599999987,1.0018200498550835,3796.0949841745505,1887.8438098121837,0.072034452
M4_block_alpha_full_response,1,-0.21568306014055,0.04651918243159211,TRUE,alpha_volatile,"alpha[4,2]",0.47997592985945,0.44989951,0.205085799,0.8634846729999999,1.001261199551778,4206.250792023918,2004.1788279212547,0.69565899
M4_block_alpha_full_response,1,0.12465278516501099,0.015538316849394385,TRUE,alpha_volatile,"alpha[5,2]",0.421642435165011,0.39784854000000003,0.011362097850000002,0.9425326739999998,1.0002537436556211,5995.350225835555,2352.4420386992597,0.29698965
M4_block_alpha_full_response,1,-0.20317312332499993,0.04127931804163563,FALSE,alpha_volatile,"alpha[6,2]",0.783607576675,0.8028727200000001,0.514021984,0.979580793,0.9999077625984693,5217.740523937612,2724.1440383485906,0.9867807
M4_block_alpha_full_response,1,-0.3286098768021761,0.10798445113194137,TRUE,alpha_volatile,"alpha[7,2]",0.13786082319782392,0.0370440705,9.097444860000001e-4,0.7209902734999991,1.0018177422581875,5482.256391556837,2794.6527053140253,0.4664707
M4_block_alpha_full_response,1,0.12947331758193079,0.016763339965671507,TRUE,alpha_volatile,"alpha[8,2]",0.13076992718193078,0.045893279999999995,0.001261711415,0.6491949284999997,1.000412037727572,5235.529005016908,2844.943077359163,0.0012966096
M4_block_alpha_full_response,1,0.184227583119883,0.0339398023821934,TRUE,alpha_volatile,"alpha[9,2]",0.212491691119883,0.101322995,0.004048337005000001,0.8437625829999998,1.0020568823623985,4851.388859104618,2645.5306712506963,0.028264108
M4_block_alpha_full_response,1,0.004623591979963249,2.137760279718048e-5,TRUE,alpha_volatile,"alpha[10,2]",0.01965396497996325,0.0187271755,0.0021846898900000004,0.04023280329999999,0.9996409231823049,3563.2114439173993,2588.3249671051917,0.015030373
M4_block_alpha_full_response,1,-0.059702204709201734,0.0035643532471394297,TRUE,alpha_volatile,"alpha[11,2]",0.09109073529079825,0.032102931,0.0012469147300000001,0.4155406739999999,1.000207571072611,6173.932846784466,3208.0748423307587,0.15079294
M4_block_alpha_full_response,1,-0.012850212495574997,1.651279611814318e-4,TRUE,alpha_volatile,"alpha[12,2]",0.064038437504425,0.060792193,0.0356284744,0.10408673549999996,0.9998336014948683,5110.293700186515,3294.753625298853,0.07688865
M4_block_alpha_full_response,1,-0.29567162063835883,0.08742170725091358,TRUE,alpha_volatile,"alpha[13,2]",0.3455919593616412,0.26992022,0.02027520835,0.8926260545,1.0021662215056715,6069.064578807245,2353.498650806123,0.64126358
M4_block_alpha_full_response,1,0.09649641439966569,0.009311557991992007,TRUE,alpha_volatile,"alpha[14,2]",0.1501324373996657,0.060027555499999996,0.0022578844050000005,0.7274991605,0.9998056565156315,5308.798302906134,2563.115568536963,0.053636023
M4_block_alpha_full_response,1,-0.4241306200013587,0.17988678282273693,FALSE,alpha_volatile,"alpha[15,2]",0.5747899199986413,0.632081315,0.01639915135,0.974587207,1.004566393544089,2974.500042884823,2313.029790269202,0.99892054
M4_block_alpha_full_response,1,0.1851454845710392,0.03427885045704491,FALSE,alpha_volatile,"alpha[16,2]",0.18515535992013918,0.0647428045,0.0011184155500000002,0.8294300155000001,1.0013450973721603,6414.267144036212,2925.836408267978,9.8753491e-6
M4_block_alpha_full_response,1,-0.3717287583554203,0.13818226978846246,TRUE,alpha_volatile,"alpha[17,2]",0.16378561164457975,0.083068427,0.003031941055000001,0.6623122584999992,1.0019965064031626,4861.44008718727,3003.154867112539,0.53551437
M4_block_alpha_full_response,1,0.04116473554740996,0.001694535452688197,TRUE,alpha_volatile,"alpha[18,2]",0.66963134554741,0.69899204,0.243190081,0.976026469,1.0009402394573674,5575.3499506599665,2364.8416957231784,0.62846661
M4_block_alpha_full_response,1,0.0018118160130586036,3.282677265175574e-6,TRUE,alpha_volatile,"alpha[19,2]",0.0668095120130586,0.015321986499999999,6.331564485000001e-4,0.37749987449999994,0.999672513972634,4025.5966888773924,2251.4650249617403,0.064997696
M4_block_alpha_full_response,1,0.22487400030689042,0.050568316014023354,TRUE,alpha_volatile,"alpha[20,2]",0.2313266065068904,0.07556692300000001,0.001405961645,0.9010576264999999,1.0003652409147283,6367.688207065678,2671.291492211933,0.0064526062
M4_block_alpha_full_response,1,-0.29725514501246497,0.08836062123638158,TRUE,alpha_volatile,"alpha[21,2]",0.601591654987535,0.65857999,0.032666491800000017,0.974191769,1.0039932997988341,4401.928508494969,2334.201319422253,0.8988468
M4_block_alpha_full_response,1,0.13605547353908143,0.018511091879943688,TRUE,alpha_volatile,"alpha[22,2]",0.13880092383908144,0.017757562499999997,5.616854354999999e-4,0.817465288,1.0000736086138091,3499.7836404473346,3174.8879277082074,0.0027454503
M4_block_alpha_full_response,1,-7.300616365017512e-4,5.329899930916151e-7,TRUE,alpha_volatile,"alpha[23,2]",0.02617517936349825,0.025168768,0.005512497715,0.05012777374999999,1.0004546258834153,3819.6186976580516,1945.278327566,0.026905241
M4_block_alpha_full_response,1,-0.165212247826655,0.027295086831936072,TRUE,alpha_volatile,"alpha[24,2]",0.714472212173345,0.776069125,0.20236322850000002,0.9870265075,1.0002753272397562,5102.708781252444,1966.1914226408912,0.87968446
M4_block_alpha_full_response,1,0.19929380767372676,0.03971802177709239,TRUE,alpha_volatile,"alpha[25,2]",0.21385024967372676,0.0756633075,0.00153287846,0.8446338419999998,0.999746088747591,6875.512002359677,3108.5832579141493,0.014556442
M4_block_alpha_full_response,1,0.01204623003323605,1.4511165801363822e-4,TRUE,alpha_volatile,"alpha[26,2]",0.01287312516323605,0.01091661,7.5156341e-4,0.032036167350000005,1.0004567942177913,3842.1070479484047,2440.1117363556123,8.2689513e-4
M4_block_alpha_full_response,1,0.08912749084462215,0.007943709624258206,FALSE,alpha_volatile,"alpha[27,2]",0.08952438524462215,0.0665187585,0.0021952696300000006,0.2577888374999999,1.0015472385393425,3546.8290887428507,2423.935995056079,3.968944e-4
M4_block_alpha_full_response,1,0.12190079030604281,0.014859802677237821,TRUE,alpha_volatile,"alpha[28,2]",0.1297694050060428,0.060503423,0.003134030955,0.5526081859999995,1.0013511691097838,4434.419278996257,2599.034345906424,0.0078686147
M4_block_alpha_full_response,1,-0.07335124083264455,0.005380404531688621,TRUE,alpha_volatile,"alpha[29,2]",0.34978202916735546,0.30403235500000003,0.007521970565,0.8701653395000001,1.0009392950233709,5427.258184340089,2739.984799583371,0.42313327
M4_block_alpha_full_response,1,-0.09686041947962826,0.00938194086176955,TRUE,alpha_volatile,"alpha[30,2]",0.3369311105203717,0.261119445,0.0050309044749999995,0.9114901914999999,0.9999547218978841,6254.325977778277,2732.840664386273,0.43379153
M4_block_alpha_full_response,1,-0.5181274577136099,0.2684560624367686,TRUE,alpha_volatile,"alpha[31,2]",0.30833906228639,0.20046687000000002,0.01405406645,0.911615594,1.000953483538778,5461.215413194472,2772.1984714087876,0.82646652
M4_block_alpha_full_response,1,-0.6416543617699999,0.4117203199784659,FALSE,alpha_volatile,"alpha[32,2]",0.35676638823,0.309969695,0.137670724,0.7570380734999997,1.000795605807002,4048.11566976775,1968.8777892955177,0.99842075
M4_block_alpha_full_response,1,-0.0016783736906343504,2.8169382454135704e-6,TRUE,alpha_volatile,"alpha[33,2]",0.00834887830936565,0.00585648555,4.026129995e-4,0.023393662449999998,1.0002268834402959,4497.3870949445645,1881.1778551915922,0.010027252
M4_block_alpha_full_response,1,-0.2958450547999458,0.08752429644958291,TRUE,alpha_volatile,"alpha[34,2]",0.42475837520005427,0.33847322999999996,0.009682404825000004,0.9726221509999999,1.0001726864155043,4055.8836486927567,2867.362606678965,0.72060343
M4_block_alpha_full_response,1,0.003792758644425587,1.4385018134865016e-5,TRUE,alpha_volatile,"alpha[35,2]",0.007700802644425587,0.0072311881,0.0017390966300000002,0.0149980852,1.0008073465242893,2707.519389837892,2092.5473735876053,0.003908044
M4_block_alpha_full_response,1,-0.08695863687331251,0.007561804526864627,TRUE,alpha_volatile,"alpha[36,2]",0.8526214531266875,0.8953243900000001,0.582185959,0.9922177935000001,0.9998162475120419,5434.345204310071,2941.5166587945932,0.93958009
M4_block_alpha_full_response,1,0.20874217151189978,0.043573294167503385,TRUE,alpha_volatile,"alpha[37,2]",0.32354866151189976,0.25382029,0.006452796670000001,0.8817181174999998,1.0014742949213276,5521.497702112608,2658.230429462418,0.11480649
M4_block_alpha_full_response,1,0.065399470949071,0.0042770908004183825,TRUE,alpha_volatile,"alpha[38,2]",0.391117400949071,0.32814028500000003,0.010290481800000003,0.939935701,1.0019641744637309,5832.597442248139,2440.1681143342535,0.32571793
M4_block_alpha_full_response,1,0.14914166611889748,0.022243236572720693,TRUE,alpha_volatile,"alpha[39,2]",0.1562554085188975,0.035258845,0.00108253902,0.8027692444999999,1.0007255548442784,5568.798487750624,2967.3988422696134,0.0071137424
M4_block_alpha_full_response,1,-0.00806241889438835,6.500259842859026e-5,TRUE,alpha_volatile,"alpha[40,2]",0.01129425110561165,0.0077060589500000005,4.2697298100000006e-4,0.03377500884999999,1.0006514060006626,4557.878042271573,2702.1564131862087,0.01935667
M4_block_alpha_full_response,1,0.2560227595163071,0.06554765339034481,TRUE,alpha_volatile,"alpha[41,2]",0.4099227195163071,0.33396517000000003,0.00891807122,0.9632801685,1.0011024024599373,6192.046089435302,2853.8164135263046,0.15389996
M4_block_alpha_full_response,1,0.26204513527614715,0.06866765292189425,TRUE,alpha_volatile,"alpha[42,2]",0.2953197982761471,0.20678187,0.0044850431799999995,0.8674938204999999,1.0013709330388907,5545.266523908707,2403.1724976772825,0.033274663
M4_block_alpha_full_response,1,-0.24079999981424993,0.05798463991054277,TRUE,alpha_volatile,"alpha[43,2]",0.53689008018575,0.52771698,0.24032135999999998,0.8869050775,1.00128636230871,5135.64647122762,2581.935995943981,0.77769008
M4_block_alpha_full_response,1,0.042188367658949955,0.0017798583657267345,TRUE,alpha_volatile,"alpha[44,2]",0.71912634765895,0.7780388899999999,0.24709407849999998,0.983428776,0.9995821464157597,5746.819378400241,2643.1186088852614,0.67693798
M4_block_alpha_full_response,1,-0.18194530095704253,0.03310409254034878,TRUE,alpha_volatile,"alpha[45,2]",0.5551260290429575,0.55523974,0.13549275450000003,0.9605878345000001,1.0003855437273184,5009.122619377631,2574.9343821306306,0.73707133
M4_block_alpha_full_response,1,0.07719670365525,0.005959331055236488,TRUE,alpha_volatile,"alpha[46,2]",0.29852667365525,0.25914534,0.09747136829999999,0.6277361129999997,0.9999137751548279,5515.549886748749,2886.2079943265667,0.22132997
M4_block_alpha_full_response,1,0.11247879063008023,0.012651478341605425,TRUE,alpha_volatile,"alpha[47,2]",0.27026637063008024,0.13109590999999998,0.003416163825,0.9160760389999999,1.0004671699061485,7054.034071479191,2923.7695473613776,0.15778758
M4_block_alpha_full_response,1,-0.6692352881163643,0.4478758708601932,TRUE,alpha_volatile,"alpha[48,2]",0.19314689188363562,0.0530274365,0.0012632081650000005,0.865202998,1.0031011389250837,5404.013383853765,2682.993754698034,0.86238218
M4_block_alpha_full_response,1,0.13920861552459912,0.01937903863627566,TRUE,alpha_volatile,"alpha[49,2]",0.2200274885245991,0.0954996025,0.00194206402,0.8562016289999999,1.002470861312853,6024.330927122405,2891.2066791017733,0.080818873
M4_block_alpha_full_response,1,-0.40739127202242775,0.16596764852005172,FALSE,alpha_volatile,"alpha[50,2]",0.5859078079775722,0.63032808,0.03966187185,0.982936462,1.0027373067492764,4499.15723652849,1974.9753096489483,0.99329908
M4_block_alpha_full_response,1,0.045384891781841775,0.002059788402049489,TRUE,alpha_volatile,"alpha[51,2]",0.04728651658184178,0.020271728,0.00100339623,0.1909641669999999,1.0005777830524882,5504.709786081096,2953.942351904159,0.0019016248
M4_block_alpha_full_response,1,0.014164466896632298,2.006321224657922e-4,TRUE,alpha_volatile,"alpha[52,2]",0.0179581079966323,0.0069682715,3.626944815e-4,0.042293455849999995,0.9993645556776558,4742.85412893617,2215.995655497679,0.0037936411
M4_block_alpha_full_response,1,0.10396291598993698,0.010808287901130694,TRUE,alpha_volatile,"alpha[53,2]",0.271814655989937,0.146128765,0.015056345600000007,0.8942117014999998,1.0009124974837673,5032.792094933901,2661.2736417250717,0.16785174
M4_block_alpha_full_response,1,-0.08170144139376612,0.006675125525818999,TRUE,alpha_volatile,"alpha[54,2]",0.3003111986062339,0.13640328000000002,0.00114980359,0.9372579249999999,0.9999522648493951,4888.796360539183,3165.0950211939235,0.38201264
M4_block_alpha_full_response,1,-0.2997259637491287,0.089835653345344,TRUE,alpha_volatile,"alpha[55,2]",0.0872650962508713,0.0181827115,6.884671755000001e-4,0.5406375904999996,1.0003795425065214,3981.5618463625865,2260.7689749946967,0.38699106
M4_block_alpha_full_response,1,0.21482157761991508,0.0461483102111092,TRUE,alpha_volatile,"alpha[56,2]",0.2971052986199151,0.218186165,0.0056098291600000004,0.8596832919999996,1.0001259716574948,4860.686815768552,2223.7898582525313,0.082283721
M4_block_alpha_full_response,1,0.19898852741683284,0.03959643404351964,FALSE,alpha_volatile,"alpha[57,2]",0.19914346043683284,0.079181819,0.0020613963400000004,0.834895228,1.0032663684858494,7184.363636126551,2814.5407950679387,1.5493302e-4
M4_block_alpha_full_response,1,-0.01706709177381985,2.912856216159892e-4,FALSE,alpha_volatile,"alpha[58,2]",0.01079930422618015,0.00878167815,8.267487505000001e-4,0.027166953199999976,0.9997201138509497,4474.986485446722,2142.456382133747,0.027866396
M4_block_alpha_full_response,1,0.005760541732492255,3.3183841051784875e-5,TRUE,alpha_volatile,"alpha[59,2]",0.04170646573249225,0.041222926,0.007873025840000002,0.07703902685,0.9996372112934039,2957.6829281512246,1781.7771592024158,0.035945924
M4_block_alpha_full_response,1,-0.0012033522000000074,1.4480565172448578e-6,TRUE,alpha_volatile,"alpha[60,2]",0.3886818578,0.38474252499999995,0.2619231155,0.5298688869999999,0.9996631194323259,4586.272095205066,3684.5270324593534,0.38988521
M4_block_alpha_full_response,1,0.064766747485,0.004194731579785753,TRUE,alpha_volatile,"alpha[61,2]",0.314752957485,0.30098417499999996,0.195573814,0.47862174199999996,1.0005539875781138,4685.939187460344,3207.8944775080076,0.24998621
M4_block_alpha_full_response,1,-0.3057457544384412,0.09348046635713159,TRUE,alpha_volatile,"alpha[62,2]",0.5730088155615588,0.619567465,0.033480983850000014,0.9621500839999999,0.9999063156302008,4916.022414799787,2459.3670343901454,0.87875457
M4_block_alpha_full_response,1,-0.051997372475000025,0.0027037267443038903,TRUE,alpha_volatile,"alpha[63,2]",0.878051247525,0.89668896,0.6984594434999999,0.9912150279999999,1.0001921996437984,4952.791102480192,2812.161549572959,0.93004862
M4_block_alpha_full_response,1,-0.5697963680374032,0.3246679010286158,FALSE,alpha_volatile,"alpha[64,2]",0.4199070119625968,0.35913881000000003,0.0177901515,0.9577647779999999,1.0008017782641807,5071.694279365323,2396.70582079008,0.98970338
M4_block_alpha_full_response,1,0.08313832902902712,0.006911981753738775,FALSE,alpha_volatile,"alpha[65,2]",0.08316585242902713,0.0200149325,5.878969915000001e-4,0.46442045899999984,1.0003929735251784,4964.4774983915,2671.111289817395,2.75234e-5
M4_block_alpha_full_response,1,0.54046288897,0.2921001343537986,TRUE,beta,beta[1],3.05823788897,2.9963226,1.618335975,4.696374539999999,0.9999564747209703,3782.764871617641,2612.793323221113,2.517775
M4_block_alpha_full_response,1,0.19581098444474998,0.038341941629222116,TRUE,beta,beta[2],1.06150834444475,0.999558955,0.2686948675,2.0554452449999996,1.0011055209512227,3492.9941049859403,1951.556429342064,0.86569736
M4_block_alpha_full_response,1,-0.7320410916100002,0.5358841598055607,TRUE,beta,beta[3],2.95536980839,2.94687255,1.7121443450000002,4.224134185,1.0005446266782254,3774.2129557274116,2348.3674681702137,3.6874109
M4_block_alpha_full_response,1,0.001088918382500026,1.1857432437464728e-6,TRUE,beta,beta[4],3.4262462183825,3.3704545,2.10989283,4.898431039999999,0.9996808647652866,5394.00924364664,2866.5669621585944,3.4251573
M4_block_alpha_full_response,1,-0.0257386606254999,6.624786507946588e-4,TRUE,beta,beta[5],1.2105612393745,1.16426005,0.3276537505,2.248663745,0.9996061381266801,3829.3327572694825,2374.7500804859205,1.2362999
M4_block_alpha_full_response,1,1.0543855450750002,1.1117288776631051,TRUE,beta,beta[6],4.281157445075,4.208482500000001,2.676101475,6.128049934999999,0.9995096983814254,5460.255839653348,3637.520640149824,3.2267719
M4_block_alpha_full_response,1,0.18287117505627498,0.03344186666646277,TRUE,beta,beta[7],0.419335915056275,0.35446532,0.07680244089999999,1.00640143,1.0003382222714186,4389.066737712632,3159.8142312396735,0.23646474
M4_block_alpha_full_response,1,0.18202141619825007,0.03313179595481657,TRUE,beta,beta[8],0.90786237619825,0.809793175,0.19437272350000004,1.94664585,1.0009532826431908,3701.1550785123427,2831.668094901566,0.72584096
M4_block_alpha_full_response,1,0.23030942021350004,0.05304242903907854,TRUE,beta,beta[9],0.7086088402135,0.60355191,0.12261537750000001,1.65280652,1.0034655869460574,3911.95254112499,2731.937687776288,0.47829942
M4_block_alpha_full_response,1,-4.529153645474999,20.51323274431947,TRUE,beta,beta[10],18.798363354525,18.423988,12.9147266,25.92349714999999,0.9999654934021607,4443.049150102114,3131.866154484594,23.327517
M4_block_alpha_full_response,1,0.13484409673700004,0.018182930424817424,TRUE,beta,beta[11],0.923398056737,0.84654474,0.1989678555,1.8993745,0.9997594624658404,3767.1019120038663,2704.3235656888023,0.78855396
M4_block_alpha_full_response,1,-0.46509999242499944,0.21631800295373455,TRUE,beta,beta[12],8.328362407575,8.21412815,5.687709215,11.278077149999996,1.0008975181246258,4612.794251362072,2987.7352936340462,8.7934624
M4_block_alpha_full_response,1,1.16916688475825,1.366951204415311,TRUE,beta,beta[13],1.85082517475825,1.79624045,0.6008653585000001,3.3524875649999992,1.0018289756337444,3725.952115340501,2187.762761955495,0.68165829
M4_block_alpha_full_response,1,0.338091770900375,0.11430604555055167,TRUE,beta,beta[14],0.731316800900375,0.652029765,0.1419665725,1.5982646649999999,1.0007101878169486,4953.0399169109,2753.364570593871,0.39322503
M4_block_alpha_full_response,1,0.23280594425500012,0.054198607680462224,TRUE,beta,beta[15],1.836274844255,1.8168738,0.857380767,2.890980974999999,1.0029693214922633,4507.550989852544,2200.2941385144736,1.6034689
M4_block_alpha_full_response,1,0.39407368141805,0.15529406638637475,TRUE,beta,beta[16],0.70925567141805,0.63416455,0.144895418,1.5480879599999984,0.9999998693870396,5156.601289947135,2566.367301886504,0.31518199
M4_block_alpha_full_response,1,0.7979657763989999,0.6367493803040587,TRUE,beta,beta[17],1.043545486399,0.9681550000000001,0.23088662550000003,2.1213992,1.0013680803091654,3460.6723085950584,2006.253178132402,0.24557971
M4_block_alpha_full_response,1,0.26862522893499996,0.07215951362038114,TRUE,beta,beta[18],2.057608528935,2.0332767499999997,1.17255879,3.0161399399999995,1.0008755307890282,4442.337794251629,2518.562989519075,1.7889833
M4_block_alpha_full_response,1,1.1147404797187501,1.2426463371235892,FALSE,beta,beta[19],1.23831764971875,1.16797105,0.247450569,2.4763471049999994,1.000985714551254,2305.5804417175045,2313.3434358796367,0.12357717
M4_block_alpha_full_response,1,0.30264123974027507,0.09159171999153065,TRUE,beta,beta[20],0.643235939740275,0.510302185,0.0902170187,1.6156554399999994,1.000053392207436,4939.671529484288,2380.622130035442,0.3405947
M4_block_alpha_full_response,1,0.3912227057705,0.1530552055103912,TRUE,beta,beta[21],1.7511939057705,1.71318985,0.6106012455000001,2.97771188,1.0020093565865178,3649.3845869742913,2117.6751226636675,1.3599712
M4_block_alpha_full_response,1,0.4861702076501,0.23636147080654135,TRUE,beta,beta[22],0.6318346276501,0.54808236,0.11236653600000002,1.4477320249999999,1.0000874578038887,3672.212350696233,3107.510536436021,0.14566442
M4_block_alpha_full_response,1,2.137394474399999,4.568455139195647,TRUE,beta,beta[23],13.5092464744,13.3055585,9.808221685000001,17.825464349999997,1.0002232883022926,4546.616485723595,3166.1973168707,11.371852
M4_block_alpha_full_response,1,-0.1318096551300001,0.01737378518548956,TRUE,beta,beta[24],2.55780304487,2.5387353,1.6769819250000002,3.50423156,0.9998473887159799,5496.409752583777,2939.551125130243,2.6896127
M4_block_alpha_full_response,1,-0.6181076136872501,0.3820570220981468,TRUE,beta,beta[25],0.86016858631275,0.800999545,0.1873439465,1.7831167749999999,0.9998575234189792,3926.454859524987,2494.1383324053827,1.4782762
M4_block_alpha_full_response,1,-2.356315274149999,5.552221671192585,TRUE,beta,beta[26],19.02520972585,18.576949499999998,13.12341615,26.673196899999997,1.0004254237611516,4846.693509081076,3422.7090760609294,21.381525
M4_block_alpha_full_response,1,-0.8452715838049998,0.7144840503882127,TRUE,beta,beta[27],3.121474316195,3.0979647999999997,1.7040548050000002,4.587819354999999,1.0008615766181665,5549.5078707438715,2615.4289327362594,3.9667459
M4_block_alpha_full_response,1,0.86109412515675,0.7414830923794686,TRUE,beta,beta[28],1.40957514515675,1.34633155,0.3801366525,2.6397882349999997,1.0008106855228533,3309.4861751891935,2595.1037568011193,0.54848102
M4_block_alpha_full_response,1,0.27626767160925003,0.07632382637639641,TRUE,beta,beta[29],1.37985607160925,1.2881893999999998,0.333508369,2.7377666749999996,1.0006160467245817,3956.179515102293,2835.0346200750973,1.1035884
M4_block_alpha_full_response,1,-0.4607917775497501,0.21232906225745837,TRUE,beta,beta[30],0.68670002245025,0.611404405,0.1450921175,1.483684035,1.00142916565034,5092.406262340384,2913.29254039676,1.1474918
M4_block_alpha_full_response,1,-0.5808970077375002,0.33744133359838135,TRUE,beta,beta[31],1.3872100922625,1.3634832000000001,0.48217079800000007,2.3317619899999995,1.0010770207155097,3844.216031304042,2382.1678509750213,1.9681071
M4_block_alpha_full_response,1,0.9805206231999999,0.9614206925205162,TRUE,beta,beta[32],2.1791414232,2.14679605,1.0499407099999998,3.3945334199999997,1.0006083129318009,4028.9570320209054,2085.37945186539,1.1986208
M4_block_alpha_full_response,1,0.21156594429749997,0.044760148786492863,TRUE,beta,beta[33],2.3825680442975,2.34710405,1.46257167,3.4137933599999988,1.000548154359179,5051.290862344561,2597.2624662402677,2.1710021
M4_block_alpha_full_response,1,-0.35429649270877506,0.1255260047457391,TRUE,beta,beta[34],1.102811707291225,1.08715045,0.318474823,1.9446533699999997,1.0008366819146683,3785.6197718298654,2536.297996100946,1.4571082
M4_block_alpha_full_response,1,24.59672816375,604.9990363614124,TRUE,beta,beta[35],95.13583816375,78.2555775,37.201277100000006,205.64146149999996,1.0006968146269493,3572.7582961906846,2920.1553090308294,70.53911
M4_block_alpha_full_response,1,0.4378228191825,0.1916888209969121,TRUE,beta,beta[36],1.9336878191825,1.9076863,1.00858772,2.9466491749999997,1.000786095331363,4424.186228090447,2563.8892176258264,1.495865
M4_block_alpha_full_response,1,-0.3099835991359501,0.0960898317332774,TRUE,beta,beta[37],1.19662690086405,1.1567403500000002,0.3097617415,2.2126425899999997,1.0006182718832628,3235.7613593065084,2206.756154150488,1.5066105
M4_block_alpha_full_response,1,-0.27765295407449986,0.07709116290629632,TRUE,beta,beta[38],0.9949739459255,0.8784495649999999,0.18522849100000002,2.1834560999999995,1.0004888587907494,4515.183694321499,2836.7951700838416,1.2726269
M4_block_alpha_full_response,1,-1.555783422229,2.4204620568825788,FALSE,beta,beta[39],0.963881277771,0.8616892300000001,0.19141275000000002,2.0736035549999996,0.9999711981682669,3667.9775170651565,2727.544573116012,2.5196647
M4_block_alpha_full_response,1,-1.0862795031249988,1.1800031589094941,TRUE,beta,beta[40],9.265567496875,9.179380550000001,6.736858325,12.13839875,1.0001781287043356,5244.814952909461,2820.897722681869,10.351847
M4_block_alpha_full_response,1,0.16348869159650004,0.0267285522799355,TRUE,beta,beta[41],0.8252777215965,0.790284185,0.2241017455,1.5531244749999997,0.9998719937164029,4033.4558318831955,2454.6345069632735,0.66178903
M4_block_alpha_full_response,1,-0.41859206230949986,0.17521931462852022,TRUE,beta,beta[42],1.0965384376905,1.02697965,0.286883608,2.11130426,0.9996361392141956,4378.557612158876,3089.187597579059,1.5151305
M4_block_alpha_full_response,1,-0.0072336159249997145,5.2325199350409476e-5,TRUE,beta,beta[43],3.952820184075,3.8800544500000003,2.477258435,5.709824285,0.9998159732999433,5860.96787376422,3270.9331108823076,3.9600538
M4_block_alpha_full_response,1,-0.8121196238050001,0.659538283369175,TRUE,beta,beta[44],1.951834576195,1.9023824999999999,0.9673565315,3.081928239999999,0.9999018951949498,4076.2994417953396,2335.3629219215118,2.7639542
M4_block_alpha_full_response,1,-0.44453918573000006,0.19761508764949148,TRUE,beta,beta[45],2.71972431427,2.6613408,1.34511088,4.280448539999999,1.002448420502064,3895.117660680796,2317.006226640869,3.1642635
M4_block_alpha_full_response,1,-0.5500008197250006,0.3025009016981726,TRUE,beta,beta[46],4.610895180275,4.55910785,3.0306607,6.40972861,0.99933064326931,4970.145361058407,3178.2773596078473,5.160896
M4_block_alpha_full_response,1,0.4059904669733,0.1648282592731982,TRUE,beta,beta[47],0.6317585369733,0.5520104100000001,0.1200895855,1.391617265,1.0005504019358942,4685.813072431913,2786.5089613108203,0.22576807
M4_block_alpha_full_response,1,0.30134789767132497,0.09081055543092735,TRUE,beta,beta[48],0.369349422671325,0.300924795,0.06685535265,0.9087272369999991,1.0007986230527883,4528.893400057966,2735.5054708915986,0.068001525
M4_block_alpha_full_response,1,0.5769595873653,0.3328823654527372,FALSE,beta,beta[49],0.5947118773653,0.50580811,0.11393398200000002,1.37355637,1.0016277995053093,4135.53214319089,2716.2834099784022,0.01775229
M4_block_alpha_full_response,1,-0.16377299402875,0.026821593573140987,TRUE,beta,beta[50],1.04900120597125,1.03559155,0.340956196,1.8216557049999995,1.000670617672303,3602.5477453197886,2250.092283583957,1.2127742
M4_block_alpha_full_response,1,-1.1252873425810002,1.2662716033730093,TRUE,beta,beta[51],2.045184757419,1.976283,0.8384240825,3.40166793,1.000263341665546,3845.6885461370234,2576.0254552047413,3.1704721
M4_block_alpha_full_response,1,-1.6076056971124997,2.584396077388566,FALSE,beta,beta[52],3.5034076028875,3.4784666499999997,2.095975195,4.9895223149999985,1.000506591945642,4424.821392825008,2392.8612460314757,5.1110133
M4_block_alpha_full_response,1,1.04897173202175,1.10034169458071,FALSE,beta,beta[53],1.53473070202175,1.4963462,0.5788792730000001,2.63784868,0.9999223023948135,3302.384656915161,2119.8749073908257,0.48575897
M4_block_alpha_full_response,1,0.322178241049175,0.10379881900554029,TRUE,beta,beta[54],0.404095090049175,0.346705,0.0766900103,0.9150221144999993,0.9995005110526756,5819.107825151707,2210.4413838612427,0.081916849
M4_block_alpha_full_response,1,1.2137545980062503,1.4732002241813142,TRUE,beta,beta[55],2.56690659800625,2.4648328,0.8357988850000001,4.656034149999997,1.0007895224765795,2350.898578205108,1796.2506554201702,1.353152
M4_block_alpha_full_response,1,0.627861515914,0.394210083165826,FALSE,beta,beta[56],0.680228909914,0.617624025,0.1421048115,1.42865931,1.000049780742,4297.328565529859,2809.1881970425266,0.052367394
M4_block_alpha_full_response,1,0.34744340425947495,0.12071691916341294,TRUE,beta,beta[57],0.428260245259475,0.351868605,0.07403387080000001,1.0413763749999994,1.0014746446430416,4664.504932721931,2915.877410686001,0.080816841
M4_block_alpha_full_response,1,-0.8816958892249995,0.7773876410762627,TRUE,beta,beta[58],3.629896210775,3.58710945,2.35723861,5.01516535,1.0001614506490388,5035.429075266371,3257.8908897553288,4.5115921
M4_block_alpha_full_response,1,-0.3822514016499987,0.14611613406338864,TRUE,beta,beta[59],8.63968329835,8.56419905,6.020309740000001,11.556503699999999,1.0032321956525483,5267.31718003536,3247.7336893952197,9.0219347
M4_block_alpha_full_response,1,-1.369080487549999,1.8743813813901427,TRUE,beta,beta[60],8.98284251245,8.80419725,6.07782514,12.47997735,1.001097874718555,5356.824546355526,3593.802027059103,10.351923
M4_block_alpha_full_response,1,-1.6979566826749997,2.8830568962406895,TRUE,beta,beta[61],5.157176517325,5.1164928,3.48823076,6.951781554999998,1.00009269821673,5737.171311401025,2954.1574258919695,6.8551332
M4_block_alpha_full_response,1,0.6773541580862499,0.4588086554767324,TRUE,beta,beta[62],1.10910496808625,1.0796538,0.3133747185,2.0263213749999993,1.0001504099501188,3258.9119583255265,2154.0856454027667,0.43175081
M4_block_alpha_full_response,1,1.0544377736249997,1.111839018447246,TRUE,beta,beta[63],5.068115873625,4.970988500000001,3.57967382,6.827103409999999,1.0013346232106153,5185.384519225112,3397.4248867186334,4.0136781
M4_block_alpha_full_response,1,0.18256637732274994,0.033330482128752704,TRUE,beta,beta[64],0.70122370732275,0.663803775,0.16567420300000002,1.3558872149999996,1.000679127849114,3360.6215871639884,2157.2386853310904,0.51865733
M4_block_alpha_full_response,1,-0.31672452925500005,0.10031442743180138,TRUE,beta,beta[65],1.046117770745,0.98651012,0.2044136615,2.15013047,1.0005237311913988,2704.4136244984384,2424.6192260184553,1.3628423
M4_block_alpha_full_response,1,-0.007265089187500018,5.278152090232967e-5,TRUE,group_mu_rho,mu_rho[1],0.5998096108125,0.60205961,0.4443019495,0.7533302304999999,1.0007966613582517,810.378464954225,1424.2664068958914,0.6070747
M4_block_alpha_full_response,1,-0.14596784753500003,0.021306612514001014,FALSE,group_sigma_rho,sigma_rho[1],0.721858902465,0.7171128250000001,0.6039760275,0.8556385689999999,1.0018336874799805,1249.7828861009614,2309.804630748617,0.86782675
M4_block_alpha_full_response,1,-0.11073605465000003,0.012262473799447792,TRUE,rho,rho[1],1.16478274535,1.1572444499999999,0.7206874860000001,1.63406076,1.0018091681589554,6431.196079329143,3227.6927738509694,1.2755188
M4_block_alpha_full_response,1,0.11480761918318386,0.013180789422510965,TRUE,rho,rho[2],-0.05794188081681615,-0.058615220499999995,-0.3718085835,0.26016207649999984,1.001085494328545,9440.323453321136,2620.2327033625143,-0.1727495
M4_block_alpha_full_response,1,-0.024508255196033515,6.006545727539038e-4,TRUE,rho,rho[3],0.1095563848039665,0.112086995,-0.220824575,0.44459301049999983,1.000830614139049,8302.50703284855,3050.7084101484256,0.13406464
M4_block_alpha_full_response,1,-0.36244249521250005,0.13136456233586313,TRUE,rho,rho[4],1.5734371047875,1.5672646000000001,1.1081141900000002,2.080938745,1.0024528191413162,6766.339024206822,3191.0893662076205,1.9358796
M4_block_alpha_full_response,1,0.061472431908345,0.003778859884726112,TRUE,rho,rho[5],0.083088911908345,0.08237427,-0.2260494635,0.3893346849999999,1.0016894317029648,8218.65217056075,2782.474948583603,0.02161648
M4_block_alpha_full_response,1,0.15936739280000012,0.02539796588786953,TRUE,rho,rho[6],1.7586813928,1.7469209,1.252872275,2.294218175,0.9997412050762496,6598.219202739558,2812.160844512695,1.599314
M4_block_alpha_full_response,1,0.0578949270729835,0.0033518225807860776,TRUE,rho,rho[7],-0.0020020449270165,-0.00188380045,-0.294103159,0.292731977,1.0055119278746867,7968.735545627754,2931.563217587388,-0.059896972
M4_block_alpha_full_response,1,-0.023248515756160715,5.40493484864453e-4,TRUE,rho,rho[8],-0.37571511575616073,-0.37369097500000004,-0.6812479454999999,-0.07364674665000027,0.999847667220032,6900.952188840441,3378.7556149626225,-0.3524666
M4_block_alpha_full_response,1,-0.34243266300213676,0.11726012869073496,TRUE,rho,rho[9],0.15464239699786325,0.154368605,-0.2328099525,0.5570647464999996,0.9993603910985551,7199.009827692257,2266.1407187444456,0.49707506
M4_block_alpha_full_response,1,-0.8690176024121343,0.7551915933021344,FALSE,rho,rho[10],-0.32446081241213426,-0.32170009,-0.9166484874999999,0.24619216149999937,1.001473835087735,8379.190112429165,2490.6656825271407,0.54455679
M4_block_alpha_full_response,1,-0.23222328282571125,0.05392765308635028,TRUE,rho,rho[11],-0.04289147282571125,-0.042738137999999995,-0.3478888025,0.26266912699999995,1.0004987983005946,8879.961436152194,2586.206826367202,0.18933181
M4_block_alpha_full_response,1,-0.06541480167250002,0.004279096277852511,TRUE,rho,rho[12],1.9314598983275,1.9116683,1.343531305,2.5862346149999995,1.0012696710713436,6160.570259307389,3604.869274800163,1.9968747
M4_block_alpha_full_response,1,0.08516942593482502,0.007253831114067644,TRUE,rho,rho[13],0.660416725934825,0.6516019550000001,0.2114935065,1.13824382,1.0004459142074462,6831.384256036053,2962.309848311353,0.5752473
M4_block_alpha_full_response,1,0.22427397695615126,0.05029881673972826,TRUE,rho,rho[14],0.06015410695615125,0.060426100999999996,-0.2401461895,0.3640967695,1.000764809695526,8814.181189707702,3113.415274401243,-0.16411987
M4_block_alpha_full_response,1,0.1928427492375,0.037188325933477304,TRUE,rho,rho[15],1.4893639492375,1.4758737499999999,1.0825628749999998,1.926231375,1.000383126593014,7155.366823596779,2806.9290456211947,1.2965212
M4_block_alpha_full_response,1,0.10510583439966513,0.01104723642484983,TRUE,rho,rho[16],0.21298929439966513,0.21129417,-0.08110459574999998,0.5090441289999998,1.0046007745177552,7379.694304846519,2640.2310397823458,0.10788346
M4_block_alpha_full_response,1,0.03741202553014876,0.0013996596542685026,TRUE,rho,rho[17],0.11223021053014876,0.112111975,-0.198679901,0.42661343799999923,0.9993588240169337,7608.4126202871485,2592.8244750593344,0.074818185
M4_block_alpha_full_response,1,-0.4329269062662925,0.1874257061693032,FALSE,rho,rho[18],-0.2125120762662925,-0.209866555,-0.5432124504999999,0.11999785649999965,1.0016710783087335,8845.409807644997,3117.4698631722267,0.22041483
M4_block_alpha_full_response,1,0.31795221203921675,0.10109360914063105,FALSE,rho,rho[19],0.25923942103921677,0.25833534999999996,-0.04806958374999999,0.563630172,1.0009395359035484,8810.969151653911,3038.772511360158,-0.058712791
M4_block_alpha_full_response,1,0.13183812441982828,0.017381291050538122,TRUE,rho,rho[20],0.3404032444198283,0.32537814,-0.26718531100000004,0.9704300419999999,1.000567611166425,6480.919407947473,2777.7211194876772,0.20856512
M4_block_alpha_full_response,1,-0.04383403962749988,0.0019214230300652296,TRUE,rho,rho[21],1.8801499603725,1.8725681,1.450008825,2.336367145,1.0007784217338243,6915.492580850926,3474.105972468255,1.923984
M4_block_alpha_full_response,1,0.012369638911158498,1.530079667924464e-4,TRUE,rho,rho[22],-0.1100159210888415,-0.110141355,-0.41163973049999997,0.191044695,1.0009549118163845,7587.910575476859,2890.8377245955608,-0.12238556
M4_block_alpha_full_response,1,-0.05778671642648353,0.0033393045953548214,TRUE,rho,rho[23],0.3405752335735165,0.334621705,-0.171982497,0.8670744619999997,1.000435432602934,7910.552222931171,2571.7616702426394,0.39836195
M4_block_alpha_full_response,1,-0.05648649537779998,0.0031907241600662188,TRUE,rho,rho[24],0.1946163646222,0.196419605,-0.16902691250000001,0.5626109204999994,0.9999936835059302,7754.900758556508,3294.0080829378226,0.25110286
M4_block_alpha_full_response,1,-0.04673707349175005,0.0021843540385732448,TRUE,rho,rho[25],0.69265955650825,0.68991628,0.3806733440000001,1.0188691449999998,1.0020005786292159,7694.176757298952,2856.187800774728,0.73939663
M4_block_alpha_full_response,1,0.016016194971249953,2.565185013570923e-4,TRUE,rho,rho[26],0.75661018497125,0.750277415,0.18144587750000002,1.3465943349999996,1.0002838829482603,7363.569372679105,2873.268201128378,0.74059399
M4_block_alpha_full_response,1,0.229245358335148,0.05255343431821041,TRUE,rho,rho[27],0.001466798335148,0.0023412345,-0.32545732299999997,0.3214302289999991,1.0013147942043346,8771.416426017075,2936.2926262476485,-0.22777856
M4_block_alpha_full_response,1,0.015395951117622486,2.370353108162211e-4,TRUE,rho,rho[28],0.3543565611176225,0.35323946500000003,0.036168290850000014,0.6774192594999999,1.0002132413087912,7478.622491808964,2673.184895258099,0.33896061
M4_block_alpha_full_response,1,-0.021632264502499998,4.679548675061215e-4,TRUE,rho,rho[29],1.7978524354975,1.7883068500000001,1.3824809100000002,2.24298558,1.0005011348607955,8139.548382775945,2635.2154987143867,1.8194847
M4_block_alpha_full_response,1,0.41285021457250004,0.17044529967255934,FALSE,rho,rho[30],1.3717289445725,1.3688775,1.01110784,1.74518687,0.9998503209849013,8441.861137647182,3293.024463045471,0.95887873
M4_block_alpha_full_response,1,0.48551814750999994,0.23572787156154207,FALSE,rho,rho[31],0.86255258751,0.860916445,0.514342669,1.2088437449999998,1.000395574802568,8893.616288788142,2819.89470516676,0.37703444
M4_block_alpha_full_response,1,0.33619159093299994,0.11302478581406157,TRUE,rho,rho[32],0.817455600933,0.814684665,0.47448045050000004,1.1836783849999999,1.0002651766365673,8158.574461855198,3202.990258771297,0.48126401
M4_block_alpha_full_response,1,-0.25023795183034925,0.06261903253624819,TRUE,rho,rho[33],0.7456629981696508,0.7390968499999999,0.34538659749999995,1.1465747399999997,1.0012998554988437,7014.318272101734,3120.286045531357,0.99590095
M4_block_alpha_full_response,1,-0.18492179770749995,0.034196071267373535,TRUE,rho,rho[34],0.6720548022925,0.67197294,0.350835049,0.9988476035,1.0012798155110234,7632.467805234137,2684.6612158955895,0.8569766
M4_block_alpha_full_response,1,0.2527232291407625,0.06386903054733435,TRUE,rho,rho[35],0.7938171491407625,0.77659447,-0.156550637,1.7978343299999997,1.0015104175541594,6938.680649782925,2912.660197122023,0.54109392
M4_block_alpha_full_response,1,-0.44280924738944505,0.19608002957360673,FALSE,rho,rho[36],0.516578682610555,0.5201131999999999,0.1761151175,0.867630606,0.9995717301071606,8988.399900839931,3305.3573115871613,0.95938793
M4_block_alpha_full_response,1,0.44839972499817504,0.201062313378439,FALSE,rho,rho[37],0.535432989998175,0.534544345,0.16475572450000003,0.907997771,0.9996928191221147,6999.275435316811,2845.159656662291,0.087033265
M4_block_alpha_full_response,1,-0.18870359520000024,0.035609046841405555,TRUE,rho,rho[38],2.1485266048,2.1329371999999998,1.690154885,2.6511761399999996,1.0005916414867406,6860.720223864977,3395.341344369271,2.3372302
M4_block_alpha_full_response,1,0.2670271619425001,0.07130350521506616,TRUE,rho,rho[39],1.0659166819425,1.05625005,0.5880931385,1.5830143099999998,0.9999177408463619,6004.8089449721265,3438.712355662494,0.79888952
M4_block_alpha_full_response,1,0.19245410205663424,0.03703858139842539,TRUE,rho,rho[40],0.17893397105663425,0.17888808,-0.23642769949999998,0.6089032455000001,1.0010139802994704,8773.646871203147,2906.332201503681,-0.013520131
M4_block_alpha_full_response,1,0.01952714119075999,3.8130924308387543e-4,TRUE,rho,rho[41],0.23303420119076,0.233003505,-0.0711130289,0.532237811,1.0003052740580036,8599.1319003902845,3069.165128531618,0.21350706
M4_block_alpha_full_response,1,0.03473847034015,0.0012067613215734812,TRUE,rho,rho[42],0.13094716434015,0.13116163,-0.17899152150000003,0.44622136949999974,1.0014559116493822,9033.477296483787,3091.0620794498695,0.096208694
M4_block_alpha_full_response,1,-0.4100741319550001,0.16816079369864684,TRUE,rho,rho[43],1.266376368045,1.2587918,0.8539817515,1.717287035,1.0007902264362152,6850.478445820043,3127.759962079627,1.6764505
M4_block_alpha_full_response,1,-0.29330794957749995,0.08602955328535725,TRUE,rho,rho[44],1.0548531504225,1.0496716,0.6993051595,1.43190676,1.000889223359275,8179.793356403143,2354.0245063273946,1.3481611
M4_block_alpha_full_response,1,-0.18203066779999988,0.03313516401971391,TRUE,rho,rho[45],2.3137867322,2.2933212999999997,1.763946615,2.931911425,1.001098085677463,5501.732466442435,3350.7703814536535,2.4958174
M4_block_alpha_full_response,1,0.3898246108011737,0.15196322718628655,FALSE,rho,rho[46],0.33763647980117373,0.33995966499999997,-0.048141436999999995,0.7213607295,1.000467774638478,7632.813638949729,2791.390413239208,-0.052188131
M4_block_alpha_full_response,1,-0.1987233989099999,0.03949098927434295,TRUE,rho,rho[47],0.88957140109,0.882277745,0.57310679900000006,1.21984105,1.0006794668569272,7955.986922343555,2747.162638878218,1.0882948
M4_block_alpha_full_response,1,0.07516480314697913,0.005649747632124123,TRUE,rho,rho[48],0.29752970314697913,0.29835027999999997,-0.021191199149999996,0.6149883564999999,1.0016748853533612,8758.319087186872,2509.2790291542087,0.2223649
M4_block_alpha_full_response,1,0.048576036489757245,0.0023596313210542275,TRUE,rho,rho[49],0.10992489348975724,0.11202219,-0.18316837,0.3970426039999999,1.00037520087594,8257.545196464633,3063.414462296486,0.061348857
M4_block_alpha_full_response,1,-0.11061453917963401,0.012235576277922789,TRUE,rho,rho[50],0.153486390820366,0.152818705,-0.1657156535,0.4726430915,1.0016974170191837,7747.992973529345,2732.2534022196974,0.26410093
M4_block_alpha_full_response,1,0.4173287577775,0.17416329206811126,FALSE,rho,rho[51],0.9713252377775,0.96961392,0.5916637745,1.36041492,0.9997019807622826,7521.470865867831,3326.166915882519,0.55399648
M4_block_alpha_full_response,1,0.26614903278851,0.07083530765425937,TRUE,rho,rho[52],0.36265081778851,0.36303052999999996,0.032264995000000005,0.6949922554999999,1.003626194231018,8360.202033087957,2657.7662695432496,0.096501785
M4_block_alpha_full_response,1,-0.0066726257803154734,4.452393480413068e-5,TRUE,rho,rho[53],-0.06549018778031547,-0.0623803375,-0.38300020250000005,0.24148843449999985,1.0014853677286673,8567.364873497598,3224.34758277969,-0.058817562
M4_block_alpha_full_response,1,0.19203482103225006,0.03687737248888831,TRUE,rho,rho[54],0.64340570103225,0.64287031,0.3466576105,0.9540498204999996,1.0039529074340479,9407.656247951138,2474.985230383085,0.45137088
M4_block_alpha_full_response,1,0.12583283300000025,0.015833901860805952,TRUE,rho,rho[55],2.045485933,2.03259555,1.58634158,2.5533122099999996,0.9999202059906316,4847.082656931984,2901.640980756057,1.9196531
M4_block_alpha_full_response,1,0.03471723359770729,0.0012052863086777757,TRUE,rho,rho[56],0.4440053335977073,0.439067975,0.11985837550000002,0.7704082169999998,0.9995234981498814,8363.305145736816,2901.8546100215267,0.4092881
M4_block_alpha_full_response,1,0.2126831430841225,0.045234119352141326,TRUE,rho,rho[57],0.2084737984841225,0.210567285,-0.0846331234,0.5076818574999998,1.0001382325036963,8655.937705355522,3020.0335054664815,-0.0042093446
M4_block_alpha_full_response,1,-0.46154802215826396,0.21302657675820533,FALSE,rho,rho[58],-0.561558102158264,-0.5560028850000001,-0.9543020935,-0.17955952200000008,1.0018529330081047,8426.426254567215,3136.7161684976586,-0.10001008
M4_block_alpha_full_response,1,-0.19241142690110002,0.03702215720211736,TRUE,rho,rho[59],0.7400912530989,0.734238715,0.312260296,1.1921697649999998,1.0005408581230875,7030.101296734504,3151.4080139895273,0.93250268
M4_block_alpha_full_response,1,0.296364966729063,0.0878321935043186,TRUE,rho,rho[60],-0.149157653270937,-0.14765388499999998,-0.6732843805,0.3486459659999997,1.000414991859309,7820.806431633198,2696.478105068932,-0.44552262
M4_block_alpha_full_response,1,-0.23577371556584725,0.05558924495172504,TRUE,rho,rho[61],0.24408301443415276,0.24401657,-0.1267584925,0.6204346059999998,1.0003203713051025,8490.146578908118,3122.0545362644143,0.47985673
M4_block_alpha_full_response,1,0.19304283391732502,0.03726553572683193,TRUE,rho,rho[62],0.806308133917325,0.804469095,0.487480949,1.13690915,1.0019282587134237,7605.8322649434995,3124.3449192271937,0.6132653
M4_block_alpha_full_response,1,-0.25889619479272497,0.06702723967815259,TRUE,rho,rho[63],0.897445305207275,0.8879502100000001,0.434879689,1.3946716649999997,1.0011219965925102,7632.0514145134875,2756.414725232273,1.1563415
M4_block_alpha_full_response,1,-0.16510798121633247,0.027260645461332795,TRUE,rho,rho[64],0.2098169687836675,0.21444673,-0.09506234815,0.51484679,1.0017761812211476,8369.03985662631,2689.6001846043027,0.37492495
M4_block_alpha_full_response,1,0.001979996978749954,3.920388035858945e-6,TRUE,rho,rho[65],0.71986236697875,0.717701795,0.39552246850000006,1.049349285,0.9996173065205355,8590.184539560518,3135.2497408706645,0.71788237
M4_block_alpha_full_response,1,-0.05554050706496999,0.0030847479250339814,TRUE,group_mu_side,mu_side[1],-0.21767855706497,-0.218278655,-0.37965547950000006,-0.05599037075000008,1.004224485916065,755.9336078299265,1213.433835627818,-0.16213805
M4_block_alpha_full_response,1,-0.16924626386750008,0.028644297833107464,FALSE,group_sigma_side,sigma_side[1],0.7586416661325,0.7535553049999999,0.634850884,0.9029138474999999,1.0030830626748892,1280.1447186723462,2282.4643385353597,0.92788793
M4_block_alpha_full_response,1,0.48682493945000016,0.23699852167049631,TRUE,side_bias,side_bias[1],-1.80734456055,-1.79488105,-2.324380635,-1.32219103,1.0006030469492695,5775.160702432484,3631.196503163266,-2.2941695
M4_block_alpha_full_response,1,0.08416710417462503,0.007084101425142182,TRUE,side_bias,side_bias[2],-0.606639835825375,-0.607700845,-0.9095391165,-0.305456109,1.000235706911605,9558.257297317905,2562.156711820867,-0.69080694
M4_block_alpha_full_response,1,0.20309802220300024,0.04124880662277038,TRUE,side_bias,side_bias[3],0.35723521220300025,0.35533417,0.032221112650000015,0.6910353674999999,1.0026001709820849,8173.742474905224,2801.8018797571244,0.15413719
M4_block_alpha_full_response,1,0.22422633359420002,0.05027744867709747,TRUE,side_bias,side_bias[4],0.6303948635942,0.62242635,0.18522987900000004,1.0973368049999999,0.9998184113377616,7493.450702957299,3258.7251520910872,0.40616853
M4_block_alpha_full_response,1,-0.24266551237927503,0.05888655089829608,TRUE,side_bias,side_bias[5],-0.577354932379275,-0.575826485,-0.8914848949999999,-0.2724226880000003,1.0006828997595616,8932.74913874077,3133.242280928553,-0.33468942
M4_block_alpha_full_response,1,-0.03230416660456753,0.0010435591800156561,TRUE,side_bias,side_bias[6],0.2788201233954325,0.272574555,-0.20071337599999997,0.7638099835,0.9994945118605089,8390.101581643148,2935.42502533454,0.31112429
M4_block_alpha_full_response,1,0.13235456639633247,0.01751773124596118,TRUE,side_bias,side_bias[7],-0.2783871136036675,-0.276466005,-0.5836974785,0.026795995049999785,1.001086256132077,8670.191946648332,2694.3953613176654,-0.41074168
M4_block_alpha_full_response,1,-0.01696478161404752,2.878038152123248e-4,TRUE,side_bias,side_bias[8],-0.4746099516140475,-0.475013735,-0.7810466585,-0.16721550500000001,1.0007673363837901,9066.742668193656,2817.212875420849,-0.45764517
M4_block_alpha_full_response,1,1.1503295822250001,1.3232581477419434,FALSE,side_bias,side_bias[9],-1.726427917775,-1.7189446,-2.145316895,-1.3243530250000002,1.0013338493677681,7325.164555680604,2977.7424280428386,-2.8767575
M4_block_alpha_full_response,1,-0.171033461890351,0.02925244508619815,TRUE,side_bias,side_bias[10],-0.111715596890351,-0.107378315,-0.6963838475,0.46272761449999994,1.0000226009514472,8038.7240751527215,2925.987590616941,0.059317865
M4_block_alpha_full_response,1,0.044580561269073254,0.0019874264430655942,TRUE,side_bias,side_bias[11],-0.24790587873092676,-0.24769073,-0.5549898474999999,0.049314597549999936,1.0018719412330208,8383.022167849267,3031.871975927777,-0.29248644
M4_block_alpha_full_response,1,-0.13489907399287493,0.018197760164135147,TRUE,side_bias,side_bias[12],-0.772167023992875,-0.762020625,-1.30232765,-0.2730830420000001,1.001647403696506,7672.471238841682,3071.2566831172767,-0.63726795
M4_block_alpha_full_response,1,-0.1767729253500001,0.03124866713679671,TRUE,side_bias,side_bias[13],1.98658887465,1.9733334500000002,1.5028165900000001,2.5268887749999998,1.0005959179685413,5486.286793646848,3541.8939754869493,2.1633618
M4_block_alpha_full_response,1,-0.307417942644125,0.09450579145954652,TRUE,side_bias,side_bias[14],-0.563546142644125,-0.5642761949999999,-0.8777561865000001,-0.248866378,1.0017973555496116,8089.796992896205,3089.25132810209,-0.2561282
M4_block_alpha_full_response,1,-0.09011298468018503,0.008120350007971261,TRUE,side_bias,side_bias[15],-0.43689420468018503,-0.43149528000000004,-0.8530353964999999,-0.03847552990000016,1.0015666384022932,7474.145489289764,3180.829783011805,-0.34678122
M4_block_alpha_full_response,1,0.0572744538579395,0.003280363064725241,TRUE,side_bias,side_bias[16],-0.1086708261420605,-0.10518862500000001,-0.414681338,0.19654138699999998,1.0005280712415565,10704.931127074975,2942.636354795658,-0.16594528
M4_block_alpha_full_response,1,-0.027371740888635032,7.492121992745749e-4,TRUE,side_bias,side_bias[17],-0.435724830888635,-0.432024465,-0.754881927,-0.12285140150000061,1.0000944390384152,8944.973237943866,2897.1877630726267,-0.40835309
M4_block_alpha_full_response,1,0.040211006699163,0.0016169250597601315,TRUE,side_bias,side_bias[18],-0.516909013300837,-0.5155268900000001,-0.8485156844999999,-0.18205574449999998,1.0003446893291148,7411.80401464014,3061.199919793053,-0.55712002
M4_block_alpha_full_response,1,-0.25545445593151,0.06525697905526379,TRUE,side_bias,side_bias[19],-0.09601136593151,-0.0921479265,-0.403524032,0.21118878400000002,1.0010356345603413,8698.121695168353,2863.169948907552,0.15944309
M4_block_alpha_full_response,1,0.1892569878499999,0.035818207450055005,TRUE,side_bias,side_bias[20],-3.01842251215,-3.0035023499999998,-3.7004741599999997,-2.3895889450000003,0.9996917025871868,4378.2533978125,3402.9375943582304,-3.2076795
M4_block_alpha_full_response,1,0.07418879579313253,0.00550397742123512,TRUE,side_bias,side_bias[21],-0.3664857042068675,-0.358481135,-0.7855624145000001,0.04436212149999994,1.0002009220196821,7763.917687573215,3212.0875193551824,-0.4406745
M4_block_alpha_full_response,1,0.22702013418816247,0.051538141326811296,TRUE,side_bias,side_bias[22],0.3843002841881625,0.3813617,0.07655217295000001,0.691554043,1.0002805508736587,7469.566717427039,2806.1419708219296,0.15728015
M4_block_alpha_full_response,1,0.12857253895254006,0.016530897772702433,TRUE,side_bias,side_bias[23],-0.61921717104746,-0.609680875,-1.1887018099999997,-0.06805885395000019,1.00306977905494,8214.934942308442,2697.045744760961,-0.74778971
M4_block_alpha_full_response,1,0.19594365033184996,0.03839391410537028,TRUE,side_bias,side_bias[24],0.29229729633185,0.28889624,-0.056617171999999986,0.6425511034999998,1.0003873230829923,7507.244252417797,2925.1709695928075,0.096353646
M4_block_alpha_full_response,1,0.20220375145256625,0.04088635710149119,TRUE,side_bias,side_bias[25],0.05215691145256625,0.051854868,-0.258616234,0.36988588899999997,1.0019068574298071,9017.06911986031,2861.534414562537,-0.15004684
M4_block_alpha_full_response,1,-0.08569482454350749,0.007343602953542534,TRUE,side_bias,side_bias[26],0.0304739354564925,0.024695559,-0.5608278954999999,0.6288542804999999,1.000097660809813,8438.03149001359,2795.383522996149,0.11616876
M4_block_alpha_full_response,1,0.07935161908999999,0.006296679452204451,TRUE,side_bias,side_bias[27],-0.70692943091,-0.701798675,-1.0477679899999999,-0.3746696840000003,1.0001662514895846,7355.235328497455,2647.996174188996,-0.78628105
M4_block_alpha_full_response,1,0.07370317583750008,0.005432158128533456,TRUE,side_bias,side_bias[28],0.8156249958375,0.812808255,0.5014984035000001,1.1469501,1.0008173524918167,7552.400931511731,2664.212987063204,0.74192182
M4_block_alpha_full_response,1,0.41794872738208977,0.17468113872030838,FALSE,side_bias,side_bias[29],0.24794571738208976,0.243708485,-0.16571470700000002,0.6663455184999998,1.0004926969196195,8011.635425716114,3244.426444158357,-0.17000301
M4_block_alpha_full_response,1,0.3085571844622037,0.09520753608324241,TRUE,side_bias,side_bias[30],0.5897140544622037,0.5826099650000001,0.2175093155,0.9793697609999998,1.0010953015638229,6635.223924263631,2921.0970645191574,0.28115687
M4_block_alpha_full_response,1,0.0035950787384149696,1.292459113540337e-5,TRUE,side_bias,side_bias[31],0.307121718738415,0.307209725,-0.0284984916,0.6462248110000001,1.0018599795316196,9140.577563313042,2942.5713391989175,0.30352664
M4_block_alpha_full_response,1,-0.08910614500929998,0.007939905078418396,TRUE,side_bias,side_bias[32],-0.5115804150093,-0.506720405,-0.8700707560000001,-0.15580298800000006,1.0007535531245981,9188.572948196974,3004.2173027096283,-0.42247427
M4_block_alpha_full_response,1,-0.020141874002500004,4.056950883325855e-4,TRUE,side_bias,side_bias[33],-0.8221294440025,-0.81921589,-1.237922605,-0.4122912805000002,1.0005994996430243,6715.540989014276,3247.3380333709547,-0.80198757
M4_block_alpha_full_response,1,-0.3208406687789375,0.1029387347425159,FALSE,side_bias,side_bias[34],-0.3706787017789375,-0.37077945,-0.6864659475,-0.058095374500000296,0.9998771975855275,9033.918395335357,2781.1551040499944,-0.049838033
M4_block_alpha_full_response,1,-0.6599167368565992,0.435490099583462,TRUE,side_bias,side_bias[35],-0.28178995685659924,-0.26844048,-1.294763185,0.674700835499999,1.0003093662490068,6336.993643275664,3142.13387369125,0.37812678
M4_block_alpha_full_response,1,0.46883190298502486,0.21980335325655975,FALSE,side_bias,side_bias[36],-0.590044797014975,-0.5843313050000001,-0.9416693655,-0.247689241,1.0001742446375763,7973.279330839599,3127.32088202149,-1.0588767
M4_block_alpha_full_response,1,-0.030395886347500012,9.239099068501376e-4,TRUE,side_bias,side_bias[37],-1.1720651863475,-1.1655685500000001,-1.561388785,-0.8138200950000001,1.000433245026334,7581.39535619879,3527.2046602187365,-1.1416693
M4_block_alpha_full_response,1,-0.05191061005695252,0.0026947114364849803,TRUE,side_bias,side_bias[38],0.5672070899430475,0.55694667,0.08650571435000001,1.069631955,1.0004491458441287,7728.819611825175,3259.105735244274,0.6191177
M4_block_alpha_full_response,1,0.07740221179249995,0.005991102390371018,TRUE,side_bias,side_bias[39],-1.9264534882075,-1.91470965,-2.4488153250000004,-1.4391295,1.0001235850288033,5819.4056148213185,3114.0850586770275,-2.0038557
M4_block_alpha_full_response,1,0.0485297542126035,0.002355137043935707,TRUE,side_bias,side_bias[40],0.0721672922126035,0.076217372,-0.37089175999999996,0.4970567739999999,1.003543366234543,7769.859714722889,2962.6686451453033,0.023637538
M4_block_alpha_full_response,1,0.11544480392408746,0.013327502753071,TRUE,side_bias,side_bias[41],-0.3186824260759125,-0.31916677,-0.631898733,0.0011513762499999237,1.0009796837598957,10165.493932840709,3386.656624506066,-0.43412723
M4_block_alpha_full_response,1,-0.07060775942354325,0.00498545569081296,TRUE,side_bias,side_bias[42],-0.11139179542354324,-0.11081465,-0.4036107155,0.17897089299999996,1.0024269434618516,9032.419317824355,3043.0727497728763,-0.040784036
M4_block_alpha_full_response,1,-0.04721098796112272,0.0022288773842652743,TRUE,side_bias,side_bias[43],0.25621100203887726,0.25351896500000004,-0.1448167165,0.6804590404999997,1.001486101196864,8384.77353758713,3098.203524858283,0.30342199
M4_block_alpha_full_response,1,0.18328685137208475,0.03359406988589269,TRUE,side_bias,side_bias[44],0.21606594737208476,0.21362096,-0.1368373395,0.5726239124999998,1.0031518460153417,8219.874801810007,3013.8764221995307,0.032779096
M4_block_alpha_full_response,1,-0.35219966644054745,0.1240446050408329,TRUE,side_bias,side_bias[45],-0.4386952164405475,-0.43173087,-0.963803711,0.056370768999999946,1.000432168076698,8533.85625134273,3236.2480871947378,-0.08649555
M4_block_alpha_full_response,1,-0.27090439889275647,0.07338919333944571,TRUE,side_bias,side_bias[46],-0.3845356488927565,-0.37791214500000003,-0.7854386935000001,7.329890489999781e-4,1.000495586677851,9005.22249426267,3158.5400136365747,-0.11363125
M4_block_alpha_full_response,1,0.07966962258714849,0.0063472487631786815,TRUE,side_bias,side_bias[47],-0.2009699774128515,-0.20099328500000002,-0.5328125155000001,0.12093762749999994,1.0028370300093012,7762.9025231291525,2591.1086218027417,-0.2806396
M4_block_alpha_full_response,1,-0.084454063373335,0.007132488820267284,TRUE,side_bias,side_bias[48],-0.369332703373335,-0.36824266,-0.6800968035,-0.05973555850000019,1.0013429296326495,10308.747907617459,2900.7072763628444,-0.28487864
M4_block_alpha_full_response,1,0.2010091888385705,0.04040469399754009,TRUE,side_bias,side_bias[49],0.0696945188385705,0.06987620850000001,-0.23329389,0.3631783029999997,1.0032941494208363,8405.495512283218,3149.6500011678218,-0.13131467
M4_block_alpha_full_response,1,0.35800196536289997,0.12816540720369904,FALSE,side_bias,side_bias[50],0.5866513253629,0.588135785,0.26765210549999996,0.9162752834999998,1.0025003408861852,8486.094298749234,2874.372541304856,0.22864936
M4_block_alpha_full_response,1,0.19612068723499998,0.038463323961528684,TRUE,side_bias,side_bias[51],0.888497217235,0.878188105,0.5079989380000001,1.28986302,1.002031604560814,7669.104113873605,3004.8579468183475,0.69237653
M4_block_alpha_full_response,1,-0.050947642910162495,0.002595662318101431,TRUE,side_bias,side_bias[52],0.0281922120898375,0.026187795,-0.3097718645,0.357007414,0.9995545091465502,8449.83806890345,2805.5372204059313,0.079139855
M4_block_alpha_full_response,1,0.15362913178092222,0.023601910131759964,TRUE,side_bias,side_bias[53],0.3871060517809222,0.38893031499999997,0.07902364625000001,0.6973706555,1.0019517235721975,8814.821233725355,2937.701162332575,0.23347692
M4_block_alpha_full_response,1,-0.0198436493214135,3.937704183912345e-4,TRUE,side_bias,side_bias[54],0.0309865216785865,0.0333962235,-0.27518801000000004,0.33666055049999993,1.0009243227385263,9132.612966110808,2945.548410505693,0.050830171
M4_block_alpha_full_response,1,-0.15602209415874496,0.02434289386568028,TRUE,side_bias,side_bias[55],-0.475036834158745,-0.472081665,-0.9141845605,-0.046459253500000165,1.0016098386609964,8420.426416157276,2839.886096696007,-0.31901474
M4_block_alpha_full_response,1,0.29979221701337744,0.08987537338179599,TRUE,side_bias,side_bias[56],-0.5379454729866225,-0.53718085,-0.855605987,-0.230628308,1.0007743179013253,8246.891010953539,3027.520473799722,-0.83773769
M4_block_alpha_full_response,1,-0.020550339922499994,4.2231647093029704e-4,TRUE,side_bias,side_bias[57],-0.5889457999225,-0.584570545,-0.903574233,-0.2853348180000004,1.0013747788896363,8712.19798137097,3074.8936459306474,-0.56839546
M4_block_alpha_full_response,1,0.11894661264705247,0.014148296660207943,TRUE,side_bias,side_bias[58],-0.4167086273529475,-0.415576035,-0.774634757,-0.05081115775000035,1.0013909331410378,8605.360419616847,2783.8814920196846,-0.53565524
M4_block_alpha_full_response,1,0.1191076946868325,0.014186642933611705,TRUE,side_bias,side_bias[59],0.0680227456868325,0.066003909,-0.3615206214999999,0.5115913864999999,0.9998364862889959,9522.995818420484,3141.3094487242224,-0.051084949
M4_block_alpha_full_response,1,-0.04666391403131753,0.002177520872722193,TRUE,side_bias,side_bias[60],0.3790273559686825,0.369463255,-0.140127969,0.9235523095,0.9996821660441718,7642.146211490294,3008.8009671165537,0.42569127
M4_block_alpha_full_response,1,0.20179984346057378,0.04072317682071208,TRUE,side_bias,side_bias[61],-0.11156332653942624,-0.10948095,-0.5044691219999999,0.27497737799999994,1.0001287731114075,9749.11966093284,2739.926904276602,-0.31336317
M4_block_alpha_full_response,1,0.06361621471131765,0.004047022774196468,TRUE,side_bias,side_bias[62],-0.16285715528868236,-0.16196754,-0.48596719050000003,0.16441836749999977,1.0014568366856338,8579.002755655401,3058.8603003868843,-0.22647337
M4_block_alpha_full_response,1,0.13791692392656724,0.019021077905366533,TRUE,side_bias,side_bias[63],0.01312196392656725,0.013285461,-0.436841888,0.46348452149999964,1.0015698478529589,8107.292603226175,2843.1825879235143,-0.12479496
M4_block_alpha_full_response,1,-0.14069672129373798,0.019795567382807782,TRUE,side_bias,side_bias[64],-0.299624671293738,-0.29925465500000004,-0.6053994169999999,0.0014551271449998618,1.0003727420616033,9393.00864880039,2812.7314093279774,-0.15892795
M4_block_alpha_full_response,1,-0.010367487470964998,1.0748479646061621e-4,TRUE,side_bias,side_bias[65],-0.296365707470965,-0.29527821,-0.6237010215000001,0.027203328899999966,1.0000107164593552,9375.271836712585,2893.2308430531652,-0.28599822
M4_block_alpha_full_response,1,0.5786885556408775,0.334880444429725,FALSE,delta_alpha,delta_alpha[1],0.2599509456408775,0.258700515,-0.2973913185,0.7361736244999999,1.0000604515929608,3597.0315201944686,2569.489838289004,-0.31873761
M4_block_alpha_full_response,1,0.5080562603275173,0.258121163657982,FALSE,delta_alpha,delta_alpha[2],0.09409222032751725,0.0060697373,-0.345566621,0.8204818964999997,1.0005460081202873,3475.2347905643765,2934.2946936892026,-0.41396404
M4_block_alpha_full_response,1,0.042657321386015745,0.0018196470678298363,TRUE,delta_alpha,delta_alpha[3],-0.09788827861398425,-0.0508057445,-0.4506367845,0.08204656929999996,1.0018154614082706,4404.31225021131,2541.9210881713393,-0.1405456
M4_block_alpha_full_response,1,-0.04211551157346077,0.0017737163150943083,TRUE,delta_alpha,delta_alpha[4],-0.27757806157346077,-0.29634641500000003,-0.6591163035,0.13946615699999979,1.001471319535478,4813.010193520042,3178.6971704903017,-0.23546255
M4_block_alpha_full_response,1,0.6231198541322776,0.38827835261383087,FALSE,delta_alpha,delta_alpha[5],0.3769178941322775,0.353859915,-0.016332623299999995,0.9131561104999996,1.000626426617955,4977.72267381491,2390.246693538612,-0.24620196
M4_block_alpha_full_response,1,-0.2346468488628125,0.05505914368124758,TRUE,delta_alpha,delta_alpha[6],0.5411989111371875,0.58452606,0.03968896705000001,0.865273371,1.0004362655965462,4919.822167988203,2418.4703475477827,0.77584576
M4_block_alpha_full_response,1,0.39491222118325453,0.15595566243989176,TRUE,delta_alpha,delta_alpha[7],-0.0342563588167455,-0.011528304,-0.6514939204999999,0.6067623654999994,1.0008596639276586,4554.281968198236,2985.2097649635925,-0.42916858
M4_block_alpha_full_response,1,0.6511210832959042,0.42395866511243185,FALSE,delta_alpha,delta_alpha[8],-0.025442466704095824,0.0035709523,-0.6436259354999999,0.5081126114999981,0.99974520207519,4359.39947109692,2991.498903290166,-0.67656355
M4_block_alpha_full_response,1,0.4749325560387235,0.2255609327854752,TRUE,delta_alpha,delta_alpha[9],0.0366291260387235,0.029232911,-0.6500928804999999,0.6939429619999979,1.0015788432076431,3168.958278599289,2438.5650606146933,-0.43830343
M4_block_alpha_full_response,1,0.0033400575038062506,1.1155984128732443e-5,TRUE,delta_alpha,delta_alpha[10],0.00803230970380625,0.0069337962,-0.00554033035,0.02528140144999997,0.99970129555348,3749.154991522008,3775.2215192987474,0.0046922522
M4_block_alpha_full_response,1,-0.20853389621157425,0.043486385869179627,TRUE,delta_alpha,delta_alpha[11],-0.06680520621157428,-0.021515409,-0.6186930565,0.29157664299999986,0.999501265842818,4418.333059024539,2928.0200930851925,0.14172869
M4_block_alpha_full_response,1,0.005049765294635498,2.5500129530905136e-5,TRUE,delta_alpha,delta_alpha[12],-0.0299661967053645,-0.0202812585,-0.14087370800000001,0.045472512049999955,1.000107098248057,5237.470274583655,3356.771932805149,-0.035015962
M4_block_alpha_full_response,1,0.554144745155158,0.307076398583075,FALSE,delta_alpha,delta_alpha[13],0.22787933515515799,0.181462445,-0.2468072715,0.79495401,1.0023027498794521,4364.031773563683,2222.3220028539654,-0.32626541
M4_block_alpha_full_response,1,-0.08091596750127825,0.006547393796667918,TRUE,delta_alpha,delta_alpha[14],-0.06509287850127825,-0.0047649497999999995,-0.7701721654999999,0.5561467219999999,1.0005675583339508,4583.510115440948,2717.6760298114505,0.015823089
M4_block_alpha_full_response,1,-0.704561091574265,0.4964063317603199,TRUE,delta_alpha,delta_alpha[15],0.191246108425735,0.249278375,-0.796237529,0.9011155909999999,1.0021399081153761,2047.057370377796,1767.9624005783712,0.8958072
M4_block_alpha_full_response,1,0.398701724826358,0.1589630653795129,TRUE,delta_alpha,delta_alpha[16],-0.065224655173642,-0.0172889775,-0.761090103,0.6817620974999998,1.0003244493588528,4430.132509523599,2934.421463301843,-0.46392638
M4_block_alpha_full_response,1,0.45781816057112623,0.2095974681487295,FALSE,delta_alpha,delta_alpha[17],0.07104276057112623,0.0373222495,-0.33221375849999996,0.542193487,1.0007101570862447,4013.7822481203107,2728.4499011399043,-0.3867754
M4_block_alpha_full_response,1,0.013819791418024918,1.9098663483771517e-4,TRUE,delta_alpha,delta_alpha[18],0.550210521418025,0.589021865,0.018177763300000014,0.9307704174999999,1.000314087979807,5018.232163892528,2828.8236647135486,0.53639073
M4_block_alpha_full_response,1,0.918977033399176,0.8445187879151503,FALSE,delta_alpha,delta_alpha[19],0.001327083399175975,-0.00176083225,-0.22357826849999995,0.25244757249999994,1.000136375144695,4726.144413605588,2351.1613698024444,-0.91764995
M4_block_alpha_full_response,1,0.9898004950573995,0.9797050200158732,FALSE,delta_alpha,delta_alpha[20],0.003147295057399575,1.6937332649999998e-5,-0.767313224,0.7754766009999999,1.0006283029671157,4440.555855773491,2812.4190100436203,-0.9866532
M4_block_alpha_full_response,1,-0.2845796883245747,0.08098559900691207,TRUE,delta_alpha,delta_alpha[21],0.5117344416754253,0.57256708,-0.0459138192,0.9296984755,1.0040596398944344,3656.871984365472,2702.720292231867,0.79631413
M4_block_alpha_full_response,1,0.575585161434442,0.3312982780635127,TRUE,delta_alpha,delta_alpha[22],-0.03419434856555795,-0.0200182185,-0.717884999,0.6950436219999997,1.0009315797769618,3525.554158353349,2668.6712398719455,-0.60977951
M4_block_alpha_full_response,1,-0.006107982205721401,3.730744662540928e-5,TRUE,delta_alpha,delta_alpha[23],0.0122025427942786,0.010970133,-0.00456529969,0.03365789229999997,1.0003168719708113,4063.0149134165154,3214.6800281595406,0.018310525
M4_block_alpha_full_response,1,-0.29480561309389225,0.0869103495116657,TRUE,delta_alpha,delta_alpha[24],0.00964361690610775,0.017148811,-0.5092951290000001,0.5053303574999999,1.0009838105458313,4438.556566882295,2830.7197280428622,0.30444923
M4_block_alpha_full_response,1,0.5973987852995277,0.35688530867735124,TRUE,delta_alpha,delta_alpha[25],-0.02830485470047225,-0.018546587000000003,-0.6657054595,0.6756960299999998,1.000013031718736,5156.300519475865,3164.144739218049,-0.62570364
M4_block_alpha_full_response,1,0.011034866274557874,1.2176827369737477e-4,TRUE,delta_alpha,delta_alpha[26],0.011280401034557875,0.0093790278,-1.373346694999999e-4,0.02963047479999998,1.000251006586116,3837.1019551600093,2666.9414315859012,2.4553476e-4
M4_block_alpha_full_response,1,0.07305495874858975,0.0053370269977581495,TRUE,delta_alpha,delta_alpha[27],0.06877093824858975,0.051836021499999996,-0.02270767179999999,0.23434782449999997,1.001146435435603,3951.0617747788,2975.509835394563,-0.0042840205
M4_block_alpha_full_response,1,0.12486526549450574,0.015591334527013407,TRUE,delta_alpha,delta_alpha[28],0.00574320549450575,0.0097321431,-0.4615989605,0.42088703399999994,1.0009933001202767,4216.960005822411,2842.8498932337657,-0.11912206
M4_block_alpha_full_response,1,-0.11336739587332925,0.01285216644710015,TRUE,delta_alpha,delta_alpha[29],0.24785309412667075,0.219613955,-0.28253485050000005,0.8104762139999998,1.0005432773717489,4670.077709815584,2958.333986069604,0.36122049
M4_block_alpha_full_response,1,0.6223427793917662,0.38731053506106855,TRUE,delta_alpha,delta_alpha[30],0.12646014939176625,0.0828601585,-0.5853488754999999,0.8097934629999998,1.0000519731867652,5401.69381808,3421.3084900005238,-0.49588263
M4_block_alpha_full_response,1,-0.06262164011783825,0.0039214698110480485,TRUE,delta_alpha,delta_alpha[31],-0.11130248111783825,-0.0873414965,-0.7898064090000001,0.6871136409999999,1.0004563461280542,4081.106949570195,3319.7706947208426,-0.048680841
M4_block_alpha_full_response,1,-0.3295490114659512,0.10860255095818565,TRUE,delta_alpha,delta_alpha[32],0.26991274853404873,0.24283189500000002,-0.012993756099999997,0.6683790445,1.001286398570329,3944.049672809311,2289.2271340229195,0.59946176
M4_block_alpha_full_response,1,-0.05264541567112491,0.0027715397911855237,TRUE,delta_alpha,delta_alpha[33],-0.758530935671125,-0.781948555,-0.9700788579999999,-0.4684396645000001,1.000563275907288,4929.432719515753,2747.1885321952905,-0.70588552
M4_block_alpha_full_response,1,0.018543088834665454,3.438461435302946e-4,TRUE,delta_alpha,delta_alpha[34],-0.04187818916533455,-0.021283116999999997,-0.8039328085,0.7869037429999998,0.9997961318731253,3641.231762226664,3216.856330925644,-0.060421278
M4_block_alpha_full_response,1,0.0032211647321174998,1.0375902231437605e-5,TRUE,delta_alpha,delta_alpha[35],0.0065351912321175,0.0061164128,0.0010469924899999998,0.01309567905,1.0010367666550055,2762.2630999598077,2065.4000312120133,0.0033140265
M4_block_alpha_full_response,1,-0.035442953951625,0.0012562029848170102,TRUE,delta_alpha,delta_alpha[36],0.742462756048375,0.816133075,0.2322324695,0.975742709,1.0007259161667852,3892.8239783421263,2889.1686539258544,0.77790571
M4_block_alpha_full_response,1,0.15456303037677976,0.023889730359253344,TRUE,delta_alpha,delta_alpha[37],0.2626460903767798,0.20951751000000002,-0.10456343649999995,0.830106586,1.002983652332149,4487.358419740807,2342.8737456766016,0.10808306
M4_block_alpha_full_response,1,0.6393564520613607,0.408776672792491,TRUE,delta_alpha,delta_alpha[38],0.13930648206136076,0.126496895,-0.6476865884999998,0.8455003195,1.0006635539193174,4235.620752083417,2895.995004354318,-0.50004997
M4_block_alpha_full_response,1,0.1453388705566338,0.021123387294677956,TRUE,delta_alpha,delta_alpha[39],-0.0293325794433662,-0.011204044,-0.717432779,0.6847920624999995,1.0057261387173788,4237.446457394185,2654.7007394258826,-0.17467145
M4_block_alpha_full_response,1,-0.006012710103453825,3.6152682788175705e-5,TRUE,delta_alpha,delta_alpha[40],0.008671872896546175,0.005339700750000001,-0.0022049185849999996,0.030241397649999998,1.000869501976788,4612.9488604561875,3497.9486701919577,0.014684583
M4_block_alpha_full_response,1,0.31962669492155127,0.10216122410647441,TRUE,delta_alpha,delta_alpha[41],0.12703131492155126,0.09468831,-0.63170606,0.873516633,1.0039107341236204,6176.572834534893,2900.2829121067934,-0.19259538
M4_block_alpha_full_response,1,0.16810298036881327,0.02825861200887762,TRUE,delta_alpha,delta_alpha[42],0.19915135036881326,0.129013295,-0.24568615749999997,0.798542565,1.0008885192407966,5222.500262432347,2711.5325323416387,0.03104837
M4_block_alpha_full_response,1,-0.3028163078121525,0.09169771627698431,TRUE,delta_alpha,delta_alpha[43],0.3019835821878475,0.29708067,-0.07190317334999999,0.6998101345,1.0011585161554497,5642.355572222098,2726.313147978439,0.60479989
M4_block_alpha_full_response,1,-0.10460129502392257,0.010941430920681689,TRUE,delta_alpha,delta_alpha[44],0.5431574749760775,0.6143311899999999,-0.10837023799999998,0.9596404629999999,0.9998462616447039,4683.818759002594,3032.036083490483,0.64775877
M4_block_alpha_full_response,1,-0.43717039338127506,0.1911179528491388,TRUE,delta_alpha,delta_alpha[45],0.182233996618725,0.18965817000000001,-0.444827798,0.806736751,1.000308438905891,4089.194323963145,2541.1949231827684,0.61940439
M4_block_alpha_full_response,1,0.21266521875504027,0.04522649526812913,TRUE,delta_alpha,delta_alpha[46],0.22895380975504026,0.20289759,2.1758801100000164e-4,0.5645586005000001,0.9997131559589801,6019.574432586142,2720.9352173192333,0.016288591
M4_block_alpha_full_response,1,0.9693159913752323,0.9395734911357494,FALSE,delta_alpha,delta_alpha[47],0.13799450137523225,0.060918598500000004,-0.437720797,0.8415730044999994,1.0007841978328864,4955.131200497738,2976.535403703751,-0.83132149
M4_block_alpha_full_response,1,-0.613474814512652,0.37635134804133274,TRUE,delta_alpha,delta_alpha[48],0.0455947354873481,0.00783019335,-0.577516856,0.7550024379999999,1.001498338797598,3716.9397351700813,3052.8663735680184,0.65906955
M4_block_alpha_full_response,1,0.03203742360402427,0.0010263965111836915,TRUE,delta_alpha,delta_alpha[49],0.10361594460402428,0.0371207615,-0.411163741,0.7648828774999998,1.001233051373684,4762.053305303642,2879.0729248569382,0.071578521
M4_block_alpha_full_response,1,-0.4444895643549305,0.19757097282043587,TRUE,delta_alpha,delta_alpha[50],0.4333316156450695,0.48720220999999997,-0.2610398824999999,0.9382226439999997,1.0018617973234087,4418.789135896043,2764.3287684013835,0.87782118
M4_block_alpha_full_response,1,-0.024652578471439646,6.077496252904895e-4,TRUE,delta_alpha,delta_alpha[51],-0.15085113847143963,-0.037300940000000005,-0.6984962494999999,0.08715886054999984,0.9999571972694069,3652.601199654216,2862.8935251649973,-0.12619856
M4_block_alpha_full_response,1,0.08906926612853952,0.007933334168676597,TRUE,delta_alpha,delta_alpha[52],-0.1859452838714605,-0.186641465,-0.34697823749999995,-0.028512086950000286,0.999869114390146,3338.6724179275743,1386.169278888785,-0.27501455
M4_block_alpha_full_response,1,0.01564618413229138,2.448030779015666e-4,TRUE,delta_alpha,delta_alpha[53],0.1817320341322914,0.08903981999999999,-0.182926848,0.806208466,1.0010666472778678,4206.841492575105,2812.3068434512224,0.16608585
M4_block_alpha_full_response,1,0.14193291571085676,0.020144952562185167,TRUE,delta_alpha,delta_alpha[54],0.07193559971085675,0.018853638,-0.7905287854999999,0.8470854584999999,1.000533268812875,3588.630146488227,3235.780277452813,-0.069997316
M4_block_alpha_full_response,1,-0.37463311825622597,0.1403499732943834,FALSE,delta_alpha,delta_alpha[55],-0.03462509825622596,-0.016718974499999997,-0.39308271499999997,0.33980390049999987,1.0008035699756295,4620.252847519807,2166.3212613909614,0.34000802
M4_block_alpha_full_response,1,0.06124625904564401,0.0037511042470861305,TRUE,delta_alpha,delta_alpha[56],0.111688883045644,0.0934874515,-0.5072371585,0.7372717599999999,0.9996422668521261,4353.758159190584,2720.828528609888,0.050442624
M4_block_alpha_full_response,1,0.5717093841231465,0.32685161989446754,TRUE,delta_alpha,delta_alpha[57],0.043713864123146526,0.021624661500000003,-0.6483739815,0.7292368229999993,1.000524607670774,4026.5150807298196,2682.5982537793957,-0.52799552
M4_block_alpha_full_response,1,-0.08425156285637286,0.007098325843741348,TRUE,delta_alpha,delta_alpha[58],-0.31032134285637286,-0.194067885,-0.876254356,-0.03298187605000008,1.0006336636297335,3953.479559096939,2983.974373672615,-0.22606978
M4_block_alpha_full_response,1,-0.0242214046148275,5.866764415151869e-4,TRUE,delta_alpha,delta_alpha[59],-0.0502658926148275,-0.046587847,-0.1253602385,0.01717277469999999,1.0001654562067908,4441.37497652043,3585.8331696495434,-0.026044488
M4_block_alpha_full_response,1,-0.15592646381532502,0.024313062117951863,TRUE,delta_alpha,delta_alpha[60],-0.298584413815325,-0.297514045,-0.5315850575,-0.0638642518000001,0.9998706637771836,4923.326057989978,3003.781669913755,-0.14265795
M4_block_alpha_full_response,1,0.06424426892924998,0.004127326090253794,TRUE,delta_alpha,delta_alpha[61],0.30914727892925,0.296299865,0.189043095,0.4708482064999999,1.0006540367786219,4545.064542801628,3152.7122887409487,0.24490301
M4_block_alpha_full_response,1,0.0018675953813450108,3.4879125084212165e-6,TRUE,delta_alpha,delta_alpha[62],0.457654115381345,0.520991455,-0.19145357650000003,0.9281525465,1.0002678418159017,4229.320458882037,2988.13106025329,0.45578652
M4_block_alpha_full_response,1,0.08412422425784874,0.007076885106984826,TRUE,delta_alpha,delta_alpha[63],0.15711438325784874,0.15274594,-0.10979911299999999,0.4458862814999999,1.000324414462097,5648.610643978144,3521.2993738879295,0.072990159
M4_block_alpha_full_response,1,-0.04525907506979375,0.002048383876173226,TRUE,delta_alpha,delta_alpha[64],0.03637793093020625,0.028982536,-0.7108827704999999,0.8261024749999996,0.9999182307484185,4526.49557067744,2765.688198437739,0.081637006
M4_block_alpha_full_response,1,-0.027272560385879746,7.437925500014572e-4,TRUE,delta_alpha,delta_alpha[65],-0.09121139238587975,-0.051982819,-0.6380725535,0.30065099399999873,0.9999720800273278,3100.0710066679553,2408.6823160239037,-0.063938832
M4_block_alpha_full_response,1,2.5850510531707824,6.682488947499372,TRUE,delta_log_alpha,delta_log_alpha[1],2.1907386031707823,2.24536375,-0.8002549035,5.222918814999998,1.00007242386964,4955.650868090663,2656.3845045031626,-0.39431245
M4_block_alpha_full_response,1,3.4884396827616353,12.169211420266098,TRUE,delta_log_alpha,delta_log_alpha[2],0.270800682761635,0.208809615,-3.84194088,4.662453884999999,1.001014941889773,5051.444515440203,2845.565905215239,-3.217639
M4_block_alpha_full_response,1,0.6149976794849953,0.378222145771929,TRUE,delta_log_alpha,delta_log_alpha[3],-0.46717642051500474,-0.6070737850000001,-2.23947098,1.7548152899999998,1.0034078631443228,4785.832952073474,2004.5616088598792,-1.0821741
M4_block_alpha_full_response,1,-0.22570324012896253,0.050941952604712126,TRUE,delta_log_alpha,delta_log_alpha[4],-0.5172334801289625,-0.499202245,-1.32830385,0.23103028699999978,1.001756038168115,4992.703371143784,3106.421345920338,-0.29153024
M4_block_alpha_full_response,1,3.9010745358824,15.218382534510084,FALSE,delta_log_alpha,delta_log_alpha[5],3.2973097058824,3.3237091000000003,-0.5633332164999996,7.137701554999999,0.9997937197454344,4103.051999995121,2695.9154236968784,-0.60376483
M4_block_alpha_full_response,1,-0.021058534480649982,4.434618744727242e-4,TRUE,delta_log_alpha,delta_log_alpha[6],1.52183956551935,1.4799403500000001,0.05958573445000002,3.103787385,1.0004245682736352,5687.576881826084,2343.018045602546,1.5428981
M4_block_alpha_full_response,1,0.27980710579379997,0.07829201645270277,TRUE,delta_log_alpha,delta_log_alpha[7],-0.3725354242062,-0.482068475,-4.911828495,4.6175403,1.0007900267349328,5792.143973575325,2632.363937958809,-0.65234253
M4_block_alpha_full_response,1,6.572347856510125,43.19575634697323,FALSE,delta_log_alpha,delta_log_alpha[8],0.313159656510125,0.25886025999999995,-4.50858257,5.245042679999998,1.0003838110709142,6091.755694329887,3224.581689058368,-6.2591882
M4_block_alpha_full_response,1,3.8251028105088754,14.631411510962897,TRUE,delta_log_alpha,delta_log_alpha[9],1.021292710508875,0.8946697299999999,-3.04128587,5.534896719999997,1.003758736176927,5057.889612800912,2721.328502598673,-2.8038101
M4_block_alpha_full_response,1,0.047455339812709996,0.0022520092767397784,TRUE,delta_log_alpha,delta_log_alpha[10],0.42169025981271,0.48193389,-1.039149265,1.5671056049999983,0.9996979844405182,3478.8461132808566,2333.318226115736,0.37423492
M4_block_alpha_full_response,1,-3.4211827506760426,11.704491413523293,TRUE,delta_log_alpha,delta_log_alpha[11],-0.6096133506760425,-0.68098157,-4.65695202,3.695311514999999,1.0001605789115116,5643.622250361309,3054.885435070093,2.8115694
M4_block_alpha_full_response,1,0.15064229242577748,0.022693100267293456,TRUE,delta_log_alpha,delta_log_alpha[12],-0.2246462675742225,-0.29452205,-1.249420545,0.9628532124999997,0.9999735562906611,5018.699226381105,2699.7833511862686,-0.37528856
M4_block_alpha_full_response,1,2.19682753194335,4.826051205104311,TRUE,delta_log_alpha,delta_log_alpha[13],1.78552272194335,1.72694005,-1.5131739650000002,5.329767819999998,1.003187844590751,4853.884552932764,2587.9682112734076,-0.41130481
M4_block_alpha_full_response,1,-0.5074905427435474,0.25754665097414037,TRUE,delta_log_alpha,delta_log_alpha[14],-0.1579208327435475,-0.14979303500000002,-4.6529471849999995,4.433871154999999,1.000629941721463,5811.45363037638,3246.3046223641327,0.34956971
M4_block_alpha_full_response,1,-1.043620551239975,1.0891438549704293,TRUE,delta_log_alpha,delta_log_alpha[15],1.227225848760025,0.8331699100000001,-3.3746600749999995,5.713816144999998,1.0006974677528524,2137.227062406843,2061.541240044161,2.2708464
M4_block_alpha_full_response,1,10.385423389425217,107.85701897762036,FALSE,delta_log_alpha,delta_log_alpha[16],-0.3720376105747825,-0.45554412499999997,-5.2819823050000005,4.849729139999997,1.0005201040545948,5141.618529715933,3304.7720498131857,-10.757461
M4_block_alpha_full_response,1,1.79773114975128,3.231837286786059,TRUE,delta_log_alpha,delta_log_alpha[17],1.25409940975128,1.19074,-2.6473296599999996,5.2321869849999985,0.9999259509475028,4975.161271435049,3126.7393045392996,-0.54363174
M4_block_alpha_full_response,1,0.5671566764767673,0.32166669567217243,TRUE,delta_log_alpha,delta_log_alpha[18],2.4878265764767673,2.39168285,0.057985079200000005,5.401305344999996,1.0020483031817564,4943.745719155368,2562.122203114624,1.9206699
M4_block_alpha_full_response,1,2.627968932290533,6.906220709084243,TRUE,delta_log_alpha,delta_log_alpha[19],-0.08792986770946751,-0.21431315499999998,-4.08296526,4.168393974999999,1.0020142282854205,5205.082386749686,2713.6299358677725,-2.7158988
M4_block_alpha_full_response,1,5.095383710331306,25.962935155509623,FALSE,delta_log_alpha,delta_log_alpha[20],0.059030610331305,-2.7280823999999994e-4,-4.9508828849999995,5.0864001199999995,0.9999351759028469,6213.1132816114405,3056.260277663715,-5.0363531
M4_block_alpha_full_response,1,0.5053024231439376,0.25533053883513496,TRUE,delta_log_alpha,delta_log_alpha[21],2.6762336231439376,2.70087655,-0.5751793694999999,6.044808774999997,1.0013791198688113,3684.8650920614223,2490.2836822112567,2.1709312
M4_block_alpha_full_response,1,4.622737969586475,21.369706335456485,TRUE,delta_log_alpha,delta_log_alpha[22],-0.784906630413525,-1.0522497,-5.5079466749999995,4.907837549999999,1.00273000922504,3842.2693056605453,3013.238096112345,-5.4076446
M4_block_alpha_full_response,1,-0.631866394094125,0.39925513998551215,TRUE,delta_log_alpha,delta_log_alpha[23],0.509307105905875,0.591029775,-0.5641318909999999,1.3666931899999997,1.000999216412442,3544.3574617223976,2359.6829763752453,1.1411735
M4_block_alpha_full_response,1,-0.47687289040919,0.22740775360721535,TRUE,delta_log_alpha,delta_log_alpha[24],-0.05208866040919,0.0212291995,-1.187818115,0.9128075399999989,1.0012143883610682,3806.825301344732,2014.154779299537,0.42478423
M4_block_alpha_full_response,1,3.4866550817407003,12.156763659028249,TRUE,delta_log_alpha,delta_log_alpha[25],-0.2971857182593,-0.347642075,-4.76473121,4.471087315,0.9999670389002729,4614.469128063973,2788.4477331541466,-3.7838408
M4_block_alpha_full_response,1,1.77073992793,3.135519892365542,TRUE,delta_log_alpha,delta_log_alpha[26],2.12304698793,2.08674055,-0.16939457799999996,4.475228054999998,1.001980927493562,3316.2490364945224,2523.322539515169,0.35230706
M4_block_alpha_full_response,1,4.540920111098124,20.6199554553754,FALSE,delta_log_alpha,delta_log_alpha[27],2.073341511098125,2.15769505,-1.6165458699999995,5.499285219999999,1.0018053421585655,4007.4485488677024,2373.0837960100116,-2.4675786
M4_block_alpha_full_response,1,3.1608578542874053,9.99102237501038,TRUE,delta_log_alpha,delta_log_alpha[28],0.379626154287405,0.354805195,-2.9488907600000003,3.970461944999997,1.0016463309113919,4593.827310209279,2563.3148472484804,-2.7812317
M4_block_alpha_full_response,1,0.07723842018057514,0.005965773551991077,TRUE,delta_log_alpha,delta_log_alpha[29],1.999198920180575,2.0524199999999997,-2.253026715,5.9618289499999975,1.0010845646757427,3890.9970492446005,2337.552972134889,1.9219605
M4_block_alpha_full_response,1,1.9489629879081,3.798456728235669,TRUE,delta_log_alpha,delta_log_alpha[30],1.1866929079081001,1.0015733,-3.1356380049999997,5.659148939999998,1.001979754528868,4775.80645597229,3319.7614118913552,-0.76227008
M4_block_alpha_full_response,1,-0.112128172641985,0.012572727100030795,TRUE,delta_log_alpha,delta_log_alpha[31],-0.169361049641985,-0.366144095,-3.122553655,3.521678599999994,1.000789368793054,3979.0054610661573,2443.461295237858,-0.057232877
M4_block_alpha_full_response,1,1.12404281878907,1.2634722584712783,TRUE,delta_log_alpha,delta_log_alpha[32],2.04135897878907,1.84396715,-0.05203186729999995,4.977907915,1.004561253554502,5314.537156144385,2354.2687821924856,0.91731616
M4_block_alpha_full_response,1,-0.8017969779524998,0.6428783938537614,TRUE,delta_log_alpha,delta_log_alpha[33],-5.0700486779525,-4.8248406,-7.5667398,-3.42988194,1.0016776883947278,4400.36542817601,1800.7681339434976,-4.2682517
M4_block_alpha_full_response,1,0.069825145007975,0.004875550875384736,TRUE,delta_log_alpha,delta_log_alpha[34],-0.010692682992025002,-0.0706954095,-3.23159366,4.237821509999997,1.0004573232081855,3025.9537210308863,2823.576701743397,-0.080517828
M4_block_alpha_full_response,1,0.3126828563129749,0.09777056863204049,TRUE,delta_log_alpha,delta_log_alpha[35],2.196566356312975,1.99988645,0.743891748,4.445062124999997,1.000735965370764,3313.420710185595,2574.7896462286685,1.8838835
M4_block_alpha_full_response,1,1.8383468302408499,3.37951906825658,TRUE,delta_log_alpha,delta_log_alpha[36],3.59819553024085,3.6399144000000003,0.382640792,7.263176239999999,1.0018233959810732,4936.338892909616,2867.3515572060323,1.7598487
M4_block_alpha_full_response,1,-0.3403518157399503,0.1158393584774811,TRUE,delta_log_alpha,delta_log_alpha[37],2.49729698426005,2.6010427,-1.7208314749999998,6.512361819999999,1.003739151806298,4427.232168146758,2777.6199200042465,2.8376488
M4_block_alpha_full_response,1,2.0776478129812,4.3166204347855635,TRUE,delta_log_alpha,delta_log_alpha[38],1.1473658329812,0.96355557,-2.66019225,5.326570669999999,1.000245905226183,5158.14982951158,2713.479017560858,-0.93028198
M4_block_alpha_full_response,1,2.8173800502758075,7.937630347692112,TRUE,delta_log_alpha,delta_log_alpha[39],-0.4234172497241925,-0.46766689,-4.8909403650000005,4.231555209999996,1.0054583757522306,6456.909549751161,2799.867022705615,-3.2407973
M4_block_alpha_full_response,1,-0.1029342289759001,0.010595455494863031,TRUE,delta_log_alpha,delta_log_alpha[40],1.3184969710241,1.32727295,-1.410934755,4.004051465,1.0001492006380344,3491.362047696688,2960.140725151209,1.4214312
M4_block_alpha_full_response,1,1.6321538120356749,2.663926066142585,TRUE,delta_log_alpha,delta_log_alpha[41],0.820587232035675,0.55059225999999994,-2.93603211,5.246657819999998,1.0041120549803815,3750.804213832497,2278.457471725371,-0.81156658
M4_block_alpha_full_response,1,-0.9304012479171926,0.8656464821258693,TRUE,delta_log_alpha,delta_log_alpha[42],1.7740574520828074,1.73571085,-2.3322503299999995,6.003565444999999,1.0005189384525899,5239.870746268645,3281.1080194814613,2.7044587
M4_block_alpha_full_response,1,-0.549975734724805,0.3024733087860891,TRUE,delta_log_alpha,delta_log_alpha[43],0.953695665275195,0.867768765,-0.19951098099999995,2.364772145,1.0014321519531701,5717.156230630918,3268.7653517744275,1.5036714
M4_block_alpha_full_response,1,0.08077007134480008,0.006523804425044095,TRUE,delta_log_alpha,delta_log_alpha[44],3.2248932713448,3.18769365,-0.1679294985,7.430415729999992,1.0003728920446417,3833.6032782664893,3237.645584969635,3.1441232
M4_block_alpha_full_response,1,-0.6618378391867126,0.4380293253793368,TRUE,delta_log_alpha,delta_log_alpha[45],1.1729887608132874,0.469449345,-1.0915157899999999,5.402845009999999,1.0026976407295356,2974.735489488307,2879.1290708513775,1.8348266
M4_block_alpha_full_response,1,1.6462155442494024,2.7100256181283564,TRUE,delta_log_alpha,delta_log_alpha[46],1.7226584052494025,1.74486095,0.0016948437350000102,3.36525569,1.0010145591995072,5826.941759317102,2538.5918873533733,0.076442861
M4_block_alpha_full_response,1,3.16133471742033,9.994037195567078,TRUE,delta_log_alpha,delta_log_alpha[47],1.32577981742033,1.31268135,-3.22288139,5.791210184999996,1.0015213592320076,6309.387954898877,2301.4256767020984,-1.8355549
M4_block_alpha_full_response,1,-1.0326684687498573,1.066404166350175,TRUE,delta_log_alpha,delta_log_alpha[48],0.4122852312501425,0.43901664500000004,-4.265749545,5.110678244999997,1.0002852204274035,5363.743272265096,2716.5689926964214,1.4449537
M4_block_alpha_full_response,1,-0.8862946999065124,0.7855182950823749,TRUE,delta_log_alpha,delta_log_alpha[49],1.2823358000934875,1.2050234,-3.454057275,6.062258454999993,1.0005865145201402,6224.529011501108,3024.786313446332,2.1686305
M4_block_alpha_full_response,1,0.2540597517135401,0.06454635744074565,TRUE,delta_log_alpha,delta_log_alpha[50],2.40601245171354,2.29912875,-1.123823125,6.44993943,1.0003480027499188,4031.719033913363,2187.7683624227734,2.1519527
M4_block_alpha_full_response,1,2.8313794615828467,8.016709655473171,TRUE,delta_log_alpha,delta_log_alpha[51],-1.3787245384171538,-1.3924360500000001,-4.809160169999999,2.129505609999999,0.9999480280749846,4405.583821822886,3122.6913091319607,-4.210104
M4_block_alpha_full_response,1,0.8956439911800502,0.8021781589369299,TRUE,delta_log_alpha,delta_log_alpha[52],-3.40155380881995,-3.3826807,-6.3844332900000005,-0.637832433,0.9997488856129312,3296.9459160906563,1554.0442698215559,-4.2971978
M4_block_alpha_full_response,1,-3.23071233068996,10.437502163672153,TRUE,delta_log_alpha,delta_log_alpha[53],1.3237170693100402,1.2723501000000002,-1.870187145,4.561245989999996,1.001481679219505,4852.686877507369,2591.8268041898186,4.5544294
M4_block_alpha_full_response,1,0.4877733034806425,0.23792279558841897,TRUE,delta_log_alpha,delta_log_alpha[54],0.3195227934806425,0.35534299999999996,-5.075199325000001,5.322667939999999,1.000313007172401,4070.623047013024,3072.2690380368003,-0.16825051
M4_block_alpha_full_response,1,-2.9181332391610466,8.515501601496542,TRUE,delta_log_alpha,delta_log_alpha[55],-0.8095184391610468,-0.7942178449999999,-4.9908429,3.396465994999999,1.000025701993678,4848.776047425698,2897.154714763729,2.1086148
M4_block_alpha_full_response,1,-0.0221632484369082,4.912095812761138e-4,TRUE,delta_log_alpha,delta_log_alpha[56],0.9272522315630918,0.8739066950000001,-3.17733746,4.977483289999998,0.9998042388565923,4554.380228466946,2539.918292623959,0.94941548
M4_block_alpha_full_response,1,8.93543275577225,79.84195853292768,FALSE,delta_log_alpha,delta_log_alpha[57],0.80128925577225,0.7585833,-3.9199636900000003,5.482486449999998,1.0003840012185239,6087.252839634261,2616.8821127663473,-8.1341435
M4_block_alpha_full_response,1,-1.1865082324961125,1.407801785781049,TRUE,delta_log_alpha,delta_log_alpha[58],-3.3961696324961124,-3.37626425,-5.74680194,-1.308064,1.0001975015768365,3732.321304435204,2404.7739148283913,-2.2096614
M4_block_alpha_full_response,1,-0.356739878555125,0.12726334095152533,TRUE,delta_log_alpha,delta_log_alpha[59],-0.901703898555125,-0.78350959,-2.5173711250000004,0.32981025199999997,1.0006938566885746,2827.849431903883,1869.2766844157459,-0.54496402
M4_block_alpha_full_response,1,-0.2624216639001751,0.06886512968413645,TRUE,delta_log_alpha,delta_log_alpha[60],-0.574233243900175,-0.5698542849999999,-1.01503232,-0.13602827900000014,1.000029427545774,4802.871991772391,3556.442903292248,-0.31181158
M4_block_alpha_full_response,1,0.9695983656,0.9401209905741913,TRUE,delta_log_alpha,delta_log_alpha[61],4.8650632656,4.71179495,2.71568517,7.696012549999998,1.0001478121376928,6540.675757907562,2697.651575171853,3.8954649
M4_block_alpha_full_response,1,2.1580575549200427,4.657212410347473,TRUE,delta_log_alpha,delta_log_alpha[62],2.8892665349200426,3.00343935,-0.946106261,6.715219159999999,1.0005566710789742,4334.857643665642,2713.238196297106,0.73120898
M4_block_alpha_full_response,1,0.134786387744455,0.01816737032119857,TRUE,delta_log_alpha,delta_log_alpha[63],0.216517120744455,0.189596565,-0.133818161,0.6554429589999998,1.0000648963682626,5636.670336929079,3612.6875062464787,0.081730733
M4_block_alpha_full_response,1,0.534761530217375,0.2859698942004285,TRUE,delta_log_alpha,delta_log_alpha[64],0.620849336217375,0.15417806,-2.66181937,4.9968683199999955,1.0007442972872072,4166.502626751426,2811.655638903611,0.086087806
M4_block_alpha_full_response,1,6.21440701076303,38.6188544954207,FALSE,delta_log_alpha,delta_log_alpha[65],-1.53666898923697,-1.49014345,-5.4028358,2.3426755399999957,1.0015422674192138,4488.28048393453,2376.5386137783016,-7.751076
