model,replication,bias,squared_error,covered,parameter_class,parameter,recovered_mean,recovered_median,lower_interval,upper_interval,rhat,ess_bulk,ess_tail,true_value
M4_block_alpha_full_response,2,-1.0564700663925,1.1161290011833733,FALSE,group_mu_alpha_stable_raw,mu_alpha_raw[1],-2.5113202663925,-2.52248605,-3.2749775800000003,-1.7403326900000007,1.0022123987535478,1115.1356013743484,1951.1942904429814,-1.4548502
M4_block_alpha_full_response,2,0.07832675341874995,0.006135080301121657,TRUE,group_mu_alpha_volatile_raw,mu_alpha_raw[2],-1.56436704658125,-1.57833125,-2.251634755,-0.8216707075,1.0008806144382496,938.1827465502191,1617.6526503362452,-1.6426938
M4_block_alpha_full_response,2,-0.29771422202499975,0.08863375799595084,TRUE,group_sigma_alpha_stable_raw,sigma_alpha_raw[1],2.285554877975,2.2664356999999997,1.79964551,2.8372659949999997,1.0006144427708443,1936.0478882404711,2038.4738285354642,2.5832691
M4_block_alpha_full_response,2,-0.5430788410499998,0.294934627596211,TRUE,group_sigma_alpha_volatile_raw,sigma_alpha_raw[2],2.31960935895,2.2997809499999997,1.82291076,2.88438419,1.0007720182550168,2542.771684210438,3180.148842055864,2.8626882
M4_block_alpha_full_response,2,0.727379181317825,0.5290804734145893,FALSE,group_mu_beta_raw,mu_beta_raw,0.410275131317825,0.41832526000000003,0.06507540160000001,0.7386938979999998,1.0073840946610089,660.6211711826872,1122.9361501895428,-0.31710405
M4_block_alpha_full_response,2,-0.5725462035,0.3278091551422634,FALSE,group_sigma_beta_raw,sigma_beta_raw,1.4893342965,1.4726673,1.216837235,1.8172205,1.001965711526867,1075.166045202729,1644.2837763592192,2.0618805
M4_block_alpha_full_response,2,-0.3265948727221037,0.10666421088836711,TRUE,alpha_stable,"alpha[1,1]",0.20766978727789626,0.095214838,0.002978165865,0.7948197619999997,1.0000435360634254,6378.085824923739,2676.170706519395,0.53426466
M4_block_alpha_full_response,2,-0.48327546093147267,0.23355517113852736,TRUE,alpha_stable,"alpha[2,1]",0.2869356290685273,0.13696334,0.002318871975,0.8981999779999998,0.9994464384586578,5144.2919938971045,3388.095835941027,0.77021109
M4_block_alpha_full_response,2,0.04216098967544037,0.0017775490504125897,TRUE,alpha_stable,"alpha[3,1]",0.048943276475440375,0.0132504655,6.786974650000001e-4,0.22664020399999957,1.000555890389739,4020.6922203429112,2980.7591222564033,0.0067822868
M4_block_alpha_full_response,2,-0.3551474343398147,0.126129700118153,TRUE,alpha_stable,"alpha[4,1]",0.2842420756601853,0.232332665,0.0033492435850000007,0.7374443044999999,1.0004554288928789,3484.6620371501317,3084.7472302885303,0.63938951
M4_block_alpha_full_response,2,0.05194667183726286,0.0026984567149682787,TRUE,alpha_stable,"alpha[5,1]",0.06386726783726286,0.00745853405,4.1379573300000006e-4,0.4486251519999995,1.0010945127933515,3603.135044154812,2616.519408499197,0.011920596
M4_block_alpha_full_response,2,-0.3192202880922292,0.1019015923296858,TRUE,alpha_stable,"alpha[6,1]",0.33333680190777076,0.29965205,0.013772621900000002,0.8081142364999991,1.000540071754331,4444.331370337192,2719.123638253024,0.65255709
M4_block_alpha_full_response,2,-0.188152657243285,0.03540142242770909,TRUE,alpha_stable,"alpha[7,1]",0.152291992756715,0.0806301495,0.00610289292,0.5681796214999998,1.0004267699750775,5548.506825040906,2534.0603214389926,0.34044465
M4_block_alpha_full_response,2,0.31730567547305344,0.10068289168741071,TRUE,alpha_stable,"alpha[8,1]",0.32304419507305343,0.22114656500000002,0.0033868414400000002,0.9088380359999999,1.0003613812959873,4654.071131376705,2809.6001988156595,0.0057385196
M4_block_alpha_full_response,2,0.10462798984350952,0.01094701625869353,TRUE,alpha_stable,"alpha[9,1]",0.1346969238435095,0.05846775,0.0024088801750000006,0.5785649999999999,1.0007813586724548,7585.067237086463,2770.312835723561,0.030068934
M4_block_alpha_full_response,2,0.0010438520620826247,1.0896271275141477e-6,TRUE,alpha_stable,"alpha[10,1]",0.001994207022082625,0.0015872746999999999,1.5480944550000004e-4,0.00512692477,0.999966965440351,5012.752025608193,3061.376252783449,9.5035496e-4
M4_block_alpha_full_response,2,-0.47889261238373654,0.22933813419571972,FALSE,alpha_stable,"alpha[11,1]",0.3094299076162635,0.275966815,0.010740162300000003,0.7705697564999999,1.0012028648406504,4023.518173059131,2339.965978755381,0.78832252
M4_block_alpha_full_response,2,0.12104975902349996,0.01465304415964741,TRUE,alpha_stable,"alpha[12,1]",0.4168876890235,0.41456228500000003,0.25187351,0.5914408179999998,1.0009954122786586,5229.682855938277,3033.6369902154734,0.29583793
M4_block_alpha_full_response,2,0.12767493024106125,0.016300887812059857,TRUE,alpha_stable,"alpha[13,1]",0.17644338524106126,0.0615910715,0.0014490327800000002,0.7533858869999998,1.000880687555612,6416.559480207812,2809.1831245829044,0.048768455
M4_block_alpha_full_response,2,0.10603235670846477,0.011242860669151113,TRUE,alpha_stable,"alpha[14,1]",0.18200120070846476,0.0553115465,0.001170205615,0.7938507564999993,1.0003808987178309,5604.604988592872,3185.5039255063366,0.075968844
M4_block_alpha_full_response,2,-0.56423314533421,0.31835904229373574,FALSE,alpha_stable,"alpha[15,1]",0.14238188466579,0.061077422,0.00375155386,0.5446451764999997,1.000706181911971,7001.376873133367,2723.345422203302,0.70661503
M4_block_alpha_full_response,2,-0.28934681479627516,0.08372157923274996,TRUE,alpha_stable,"alpha[16,1]",0.14748760520372484,0.049580911500000005,0.0012915491,0.684685658,1.0005633681723751,7690.856393573676,2667.2160910146217,0.43683442
M4_block_alpha_full_response,2,-0.822554025148133,0.6765951242873954,FALSE,alpha_stable,"alpha[17,1]",0.174036334851867,0.070560103,0.0015299019050000002,0.7273205244999997,0.9996867858694101,6852.784640980578,2738.838388243781,0.99659036
M4_block_alpha_full_response,2,0.07827670832780491,0.006127243066636243,TRUE,alpha_stable,"alpha[18,1]",0.0790363039278049,0.013882810499999999,5.00618084e-4,0.40451930599999986,1.000245403335017,4681.604602796865,3383.682320523967,7.595956e-4
M4_block_alpha_full_response,2,0.136799849525562,0.018714198830216407,TRUE,alpha_stable,"alpha[19,1]",0.148054743525562,0.0543209095,0.0018808590450000006,0.6916922469999996,1.0005736591937773,6053.071052796933,2841.6947637080057,0.011254894
M4_block_alpha_full_response,2,0.16494881611522128,0.02720811193781308,TRUE,alpha_stable,"alpha[20,1]",0.17689117111522126,0.063892295,0.00144845916,0.7496865224999999,1.000366093434922,5981.188681836756,2910.1389061008613,0.011942355
M4_block_alpha_full_response,2,0.08098159189175927,0.0065580182253234505,TRUE,alpha_stable,"alpha[21,1]",0.14072184789175926,0.07787804100000001,0.0035152628350000005,0.5337834619999994,0.99962898878391,5405.249163459552,2845.2014682344975,0.059740256
M4_block_alpha_full_response,2,-0.2031013392363464,0.041250153999597465,TRUE,alpha_stable,"alpha[22,1]",0.16417678076365358,0.056369778,0.0016112887950000007,0.743759866,1.0002458318199805,6005.038850840852,2888.868274590872,0.36727812
M4_block_alpha_full_response,2,0.00134085223417405,1.7978847138895414e-6,TRUE,alpha_stable,"alpha[23,1]",0.00157073268417405,0.0011804791,1.23265366e-4,0.00435160427,1.0001896374037877,5615.303130401371,3335.2330357868714,2.2988045e-4
M4_block_alpha_full_response,2,-0.17461125889371254,0.030489091732447106,TRUE,alpha_stable,"alpha[24,1]",0.4139589211062875,0.40704724999999997,0.116234023,0.7375279439999999,1.0010983943071288,5131.782140531371,2231.7946085424896,0.58857018
M4_block_alpha_full_response,2,-0.5611575610031836,0.3148978082710417,FALSE,alpha_stable,"alpha[25,1]",0.1552691089968164,0.0595063635,0.00150376238,0.6891219624999999,1.0016802380714744,6248.4707506495415,2753.4769967966477,0.71642667
M4_block_alpha_full_response,2,2.0329715022499896e-4,4.1329731289605796e-8,TRUE,alpha_stable,"alpha[26,1]",0.013511751150225,0.013370329,0.006106528464999999,0.021450619699999993,1.0010500938392264,4780.609768320394,2923.634242228726,0.013308454
M4_block_alpha_full_response,2,0.01591276894871,2.5321621561502915e-4,TRUE,alpha_stable,"alpha[27,1]",0.03721092294871,0.027572173499999998,0.005186797155,0.10037678149999994,0.9998973129683018,4558.3705256066005,2181.7916707337545,0.021298154
M4_block_alpha_full_response,2,-0.5007777747164307,0.2507783796499402,TRUE,alpha_stable,"alpha[28,1]",0.33443241528356926,0.199423365,0.009230062625,0.9340882979999999,1.000396570184026,4340.382361864835,2628.2347925088375,0.83521019
M4_block_alpha_full_response,2,-0.06581612415378801,0.004331762198626838,TRUE,alpha_stable,"alpha[29,1]",0.289828395846212,0.19310293,0.00368565542,0.8891623364999999,1.0014409543201792,4159.028078651146,2580.4348660647133,0.35564452
M4_block_alpha_full_response,2,-0.15652629412251817,0.024500480751729066,TRUE,alpha_stable,"alpha[30,1]",0.6699117658774818,0.790860455,0.019253285650000007,0.981179045,1.000590640663823,2469.4449214117085,2370.0219238000113,0.82643806
M4_block_alpha_full_response,2,-0.1933331176897246,0.03737769439562891,TRUE,alpha_stable,"alpha[31,1]",0.3028948923102754,0.18859725,0.0027690921150000003,0.8869565249999997,0.9998420745485268,5424.051351692601,2511.9789008893995,0.49622801
M4_block_alpha_full_response,2,-0.16126116190509374,0.026005162338980856,TRUE,alpha_stable,"alpha[32,1]",0.20633566809490625,0.14792021,0.004262105005,0.6067723224999999,1.0008022398378595,4462.37081404702,2485.511185822831,0.36759683
M4_block_alpha_full_response,2,-0.07439520768260374,0.005534646926137743,TRUE,alpha_stable,"alpha[33,1]",0.20381622231739624,0.11955801499999999,0.0034391929100000005,0.7134653959999999,1.0002795894882013,4985.403383834972,2899.1079437512844,0.27821143
M4_block_alpha_full_response,2,0.02440308504112955,5.955105595246007e-4,TRUE,alpha_stable,"alpha[34,1]",0.02857773514112955,0.0102257975,5.547488755000001e-4,0.12184197949999996,0.9999068038894188,6007.162108675797,3103.1093476577803,0.0041746501
M4_block_alpha_full_response,2,-5.418527203232505e-5,2.936043705217067e-9,TRUE,alpha_stable,"alpha[35,1]",0.001962837827967675,0.0017969986,2.4470729500000005e-4,0.0044001759549999984,0.9997315218352724,3853.94916279768,3109.2469798672423,0.0020170231
M4_block_alpha_full_response,2,-0.007755035164594248,6.014057040409334e-5,TRUE,alpha_stable,"alpha[36,1]",0.15467214483540576,0.0588434635,0.0029495054799999997,0.7186310939999998,1.0013444528743243,5433.016909181679,2688.1091203976584,0.16242718
M4_block_alpha_full_response,2,0.18969179753649934,0.035982978052628255,TRUE,alpha_stable,"alpha[37,1]",0.21571080553649935,0.08974041799999999,0.00176629394,0.830883705,1.0006027193115734,5593.7660209588785,2828.0104717854992,0.026019008
M4_block_alpha_full_response,2,-0.36502822031152876,0.13324560162380197,FALSE,alpha_stable,"alpha[38,1]",0.1424791396884712,0.09559673399999999,0.004591318065000001,0.4237482949999998,0.9996889162213609,5492.647576209742,2995.846375359288,0.50750736
M4_block_alpha_full_response,2,-0.040524709090044964,0.001642252046832773,TRUE,alpha_stable,"alpha[39,1]",0.266336210909955,0.24806530999999998,0.05773326545,0.536187706,1.0015885289684787,3316.980299516182,1046.238819744695,0.30686092
M4_block_alpha_full_response,2,0.002509471207448,6.2974457410105225e-6,TRUE,alpha_stable,"alpha[40,1]",0.007464961807448,0.0068358659,0.00128634691,0.015762660449999993,1.0007909670010235,3632.387967577761,2263.4968823034064,0.0049554906
M4_block_alpha_full_response,2,-0.029216415037954246,8.535989076699991e-4,TRUE,alpha_stable,"alpha[41,1]",0.13043901496204574,0.0431578675,0.0013112244700000002,0.5858446859999993,1.0008876016069428,6593.004218025619,2959.4477718707626,0.15965543
M4_block_alpha_full_response,2,0.09039488750526001,0.008171235687088612,TRUE,alpha_stable,"alpha[42,1]",0.09875808930526,0.05868413,0.0018630878450000001,0.3442637624999997,1.000412496774577,4188.908842471403,2649.5129166558363,0.0083632018
M4_block_alpha_full_response,2,-0.09365230454864999,0.008770754147273088,FALSE,alpha_stable,"alpha[43,1]",0.03157339545135,0.024507796,0.0056987683099999995,0.08009252289999985,1.0010076803167276,5364.090509845064,1833.214595607399,0.1252257
M4_block_alpha_full_response,2,-0.158764390129,0.025206131573033315,TRUE,alpha_stable,"alpha[44,1]",0.283058249871,0.21916885,0.059721946600000006,0.6985631755,1.0036266407760386,6515.631832822199,3168.3544100208937,0.44182264
M4_block_alpha_full_response,2,-0.009893374560615502,9.787886019663398e-5,TRUE,alpha_stable,"alpha[45,1]",0.0427959834393845,0.017281961,0.0010019768100000004,0.15583242899999988,1.0012545866729914,5058.87092658274,2419.391077946091,0.052689358
M4_block_alpha_full_response,2,-0.04988774743563124,0.0024887873442013316,TRUE,alpha_stable,"alpha[46,1]",0.05343800256436875,0.030131552,0.004395241125000001,0.19254977049999997,1.0005604278704137,5284.053971924997,2431.0859204829985,0.10332575
M4_block_alpha_full_response,2,-0.7015812958860184,0.49221631473710487,FALSE,alpha_stable,"alpha[47,1]",0.27852683411398155,0.131848535,0.002887266385,0.9002513379999999,0.9999425971014294,5588.351726390346,3239.6213793874267,0.98010813
M4_block_alpha_full_response,2,0.13276250186100974,0.017625881900394616,TRUE,alpha_stable,"alpha[48,1]",0.22690727186100976,0.137764255,0.0038459758300000003,0.7814310709999994,1.001306310501949,5934.903360885735,2628.1618288390778,0.09414477
M4_block_alpha_full_response,2,0.02587739601719219,6.696396246305942e-4,TRUE,alpha_stable,"alpha[49,1]",0.1979918260171922,0.082694142,0.00217150582,0.7891774914999999,1.0024741160289987,6124.567454299332,2859.7959377049106,0.17211443
M4_block_alpha_full_response,2,-0.042716044589603985,0.0018246604653810359,TRUE,alpha_stable,"alpha[50,1]",0.169391065410396,0.070451406,0.00161563141,0.6877863114999994,0.9999607906406832,5480.444358784326,2439.617476924039,0.21210711
M4_block_alpha_full_response,2,-0.364955930784705,0.13319283141493038,FALSE,alpha_stable,"alpha[51,1]",0.098428259215295,0.0488202445,0.0126854254,0.3589084399999998,0.9995911954312904,4977.694708112281,2992.3874813311486,0.46338419
M4_block_alpha_full_response,2,0.022886941642405012,5.238120977428527e-4,TRUE,alpha_stable,"alpha[52,1]",0.164968931642405,0.16101608,0.05528624855,0.290578342,1.0023744787617095,4964.5003547007545,2447.414368024487,0.14208199
M4_block_alpha_full_response,2,-0.549483784273907,0.30193242917997354,TRUE,alpha_stable,"alpha[53,1]",0.165338625726093,0.0447247485,0.001091959785,0.7829058829999997,0.9998376378736221,6027.7274507614175,3124.318127092731,0.71482241
M4_block_alpha_full_response,2,-0.4719767355505707,0.22276203890097332,TRUE,alpha_stable,"alpha[54,1]",0.13524910444942934,0.0424306,0.0011969215250000002,0.6662031614999989,1.0018435645756802,6154.429408708152,3055.2416952504377,0.60722584
M4_block_alpha_full_response,2,-0.24856183005587876,0.06178298336072755,TRUE,alpha_stable,"alpha[55,1]",0.11148284994412125,0.053147156,0.0046990803,0.48716327049999997,1.000912948965358,4613.604148053706,2372.5849084189795,0.36004468
M4_block_alpha_full_response,2,-0.150029291631562,0.02250878834746828,TRUE,alpha_stable,"alpha[56,1]",0.209918868368438,0.103506335,0.00331415741,0.7731932549999999,0.999848367493004,5366.715618866255,2752.39933040196,0.35994816
M4_block_alpha_full_response,2,0.06275682722823825,0.003938419363754946,TRUE,alpha_stable,"alpha[57,1]",0.19803362722823825,0.0852893425,0.0017725113200000003,0.7661975474999995,1.0000705173372486,6241.413792853858,2631.5264602891607,0.1352768
M4_block_alpha_full_response,2,0.043799151765775,0.0019183656954013914,TRUE,alpha_stable,"alpha[58,1]",0.101936580765775,0.06333443550000001,0.0189314946,0.33039691499999957,1.0002530260556048,4425.980424992454,2290.224818891391,0.058137429
M4_block_alpha_full_response,2,-0.015394614973699997,2.3699417018846814e-4,TRUE,alpha_stable,"alpha[59,1]",0.0559529600263,0.050666038999999996,0.021974773149999998,0.10835148299999996,1.0008117978210092,6692.700027033963,3060.927930061113,0.071347575
M4_block_alpha_full_response,2,0.19880600056249997,0.03952382585965674,FALSE,alpha_stable,"alpha[60,1]",0.7059008105625,0.70700145,0.5570897845,0.8574689269999999,1.0015320715924467,4637.665525724941,3348.3012656043325,0.50709481
M4_block_alpha_full_response,2,0.041610179012892504,0.0017314069974849599,TRUE,alpha_stable,"alpha[61,1]",0.0574263390128925,0.0410159995,0.0036280617399999998,0.16815061549999988,1.0010498791530982,5409.4247308899385,2307.305325493662,0.01581616
M4_block_alpha_full_response,2,-0.616348844110262,0.37988589763605607,TRUE,alpha_stable,"alpha[62,1]",0.224085655889738,0.0838208385,0.0017069303250000002,0.8843687979999998,1.0016076683279274,5673.963574924882,3109.6742437655366,0.8404345
M4_block_alpha_full_response,2,0.04574257036250007,0.0020923827433682696,TRUE,alpha_stable,"alpha[63,1]",0.8002988703625,0.8268235,0.5231210660000001,0.979048286,1.0001347873917157,6295.291670034258,2441.027951450402,0.7545563
M4_block_alpha_full_response,2,-0.709861906618662,0.503903926468282,FALSE,alpha_stable,"alpha[64,1]",0.214166743381338,0.0949924265,0.0028764043400000003,0.8348607414999997,1.0009254563239784,6142.437268826561,2905.0715247578783,0.92402865
M4_block_alpha_full_response,2,-0.016965985366347303,2.8784465945111084e-4,TRUE,alpha_stable,"alpha[65,1]",0.25755593463365267,0.14550048,0.00418512469,0.8119705699999997,0.9999038192599338,6043.259933885994,2912.4731891335878,0.27452192
M4_block_alpha_full_response,2,-0.022955644351200982,5.269616075788255e-4,TRUE,alpha_volatile,"alpha[1,2]",0.231100835648799,0.12479599499999999,0.00404661557,0.8241444134999998,0.999726518240418,6680.072624584712,3018.8429304675824,0.25405648
M4_block_alpha_full_response,2,-0.48005137438175904,0.23044932204581578,TRUE,alpha_volatile,"alpha[2,2]",0.243394645618241,0.11886192500000001,0.004008501575,0.8747069664999998,1.0025688826635553,5727.542830818316,2586.990079001908,0.72344602
M4_block_alpha_full_response,2,0.26350378434087374,0.06943424436196169,TRUE,alpha_volatile,"alpha[3,2]",0.28461048334087374,0.0917808705,0.003369882285,0.9157388214999999,0.9998779918271856,2014.663406319212,3400.056218408802,0.021106699
M4_block_alpha_full_response,2,-0.12251591621936919,0.01501014972707149,TRUE,alpha_volatile,"alpha[4,2]",0.6328039937806308,0.64118843,0.2745635625,0.9568468384999999,0.9998785231087608,4978.096250946601,2084.841956103567,0.75531991
M4_block_alpha_full_response,2,0.12672078428280498,0.016058157169249195,TRUE,alpha_volatile,"alpha[5,2]",0.580853384282805,0.6406759150000001,0.0384113505,0.9740986985,1.0002342250936747,4908.130028172902,2475.66915842489,0.4541326
M4_block_alpha_full_response,2,-0.4024023571569575,0.16192765704547557,FALSE,alpha_volatile,"alpha[6,2]",0.5885750428430425,0.6123254300000001,0.129029422,0.9606556015,1.0022233450668803,5861.33945739528,2257.829201154575,0.9909774
M4_block_alpha_full_response,2,-0.35475000959062225,0.12584756930454657,TRUE,alpha_volatile,"alpha[7,2]",0.08801197040937775,0.02729553,0.0015556994550000001,0.4687505949999996,1.0029426656142557,3550.8834970841954,2408.8331432626023,0.44276198
M4_block_alpha_full_response,2,0.16053785577476776,0.025772403136760134,TRUE,alpha_volatile,"alpha[8,2]",0.34379421577476776,0.242313575,0.0102294149,0.9319517925,1.0006013654842096,6050.7826128811685,2203.4854138535366,0.18325636
M4_block_alpha_full_response,2,-0.281069052182565,0.07899981209480544,TRUE,alpha_volatile,"alpha[9,2]",0.473485977817435,0.459371095,0.023668407600000003,0.9475816715,1.0007920264284875,6003.6679983172,2408.6307599677366,0.75455503
M4_block_alpha_full_response,2,0.011973844080211401,1.433729420572136e-4,TRUE,alpha_volatile,"alpha[10,2]",0.0163999521802114,0.0155645485,0.0025407945550000007,0.0334657102,1.0019829210672504,3730.8728308640593,2410.5083758317687,0.0044261081
M4_block_alpha_full_response,2,-0.2855777931438691,0.08155467593692249,TRUE,alpha_volatile,"alpha[11,2]",0.12331514685613088,0.0495047195,0.0029297077250000003,0.5763877049999998,1.001158206302157,4319.790497515448,2440.7281264291,0.40889294
M4_block_alpha_full_response,2,0.040006809421749986,0.0016005448001082236,TRUE,alpha_volatile,"alpha[12,2]",0.14287796942175,0.13708807,0.08693772275,0.21760109749999992,1.0001384896022512,5193.7088220173955,3177.188986522608,0.10287116
M4_block_alpha_full_response,2,-0.44600386140909976,0.19891944439182746,TRUE,alpha_volatile,"alpha[13,2]",0.2590043985909003,0.134445595,0.002926761285,0.8857968264999997,1.0011215604747865,6375.76345076364,3005.820497549518,0.70500826
M4_block_alpha_full_response,2,-0.3587133664053297,0.1286752792378443,TRUE,alpha_volatile,"alpha[14,2]",0.21915384359467024,0.08506699949999999,0.0033646369300000005,0.8634561534999995,1.0017971052091945,5095.472611251817,3210.7730317326677,0.57786721
M4_block_alpha_full_response,2,-0.060331125932249985,0.0036398447562530066,TRUE,alpha_volatile,"alpha[15,2]",0.68376605406775,0.7216472549999999,0.23701065799999999,0.9687098765,1.0004422773250299,4432.330791194783,1575.1592838501622,0.74409718
M4_block_alpha_full_response,2,0.3003605807535065,0.09021647847058371,TRUE,alpha_volatile,"alpha[16,2]",0.3270402257535065,0.199514985,0.004371893005000001,0.9355022319999999,1.0001587218278467,7220.38172744719,3114.55199731629,0.026679645
M4_block_alpha_full_response,2,0.2194189809887855,0.04814468921815702,TRUE,alpha_volatile,"alpha[17,2]",0.3736567109887855,0.31203846,0.008962879150000002,0.9237277175,1.0008004685890433,6140.932987960577,2625.250129281123,0.15423773
M4_block_alpha_full_response,2,0.19503106216204502,0.03803711520805547,TRUE,alpha_volatile,"alpha[18,2]",0.452160372162045,0.410220575,0.08124243515,0.9345917384999999,1.0019820513835385,4754.181501996415,2217.0147589566654,0.25712931
M4_block_alpha_full_response,2,0.27257330152769654,0.07429620470570858,FALSE,alpha_volatile,"alpha[19,2]",0.2757023497276965,0.15769767499999998,0.0036876496400000004,0.8595485155,1.0002092357625054,6745.127628258293,2667.089879883349,0.0031290482
M4_block_alpha_full_response,2,0.2851024064981718,0.0812833821910488,TRUE,alpha_volatile,"alpha[20,2]",0.3077326834981718,0.16495989500000002,0.004187925665,0.9361639784999999,1.001159723998413,6192.999988557154,2873.5241052448337,0.022630277
M4_block_alpha_full_response,2,-0.210967134612,0.04450713188639773,TRUE,alpha_volatile,"alpha[21,2]",0.580791215388,0.570135615,0.25005454650000003,0.9306605564999999,0.9999806467313294,6418.194386719978,2659.747914100708,0.79175835
M4_block_alpha_full_response,2,0.21720020667116402,0.04717592977799636,TRUE,alpha_volatile,"alpha[22,2]",0.247437258671164,0.12394924,0.004454021625000001,0.87353788,1.0008550684713173,5967.035354278023,2820.1342694997707,0.030237052
M4_block_alpha_full_response,2,0.010701965089200502,1.145320567704663e-4,TRUE,alpha_volatile,"alpha[23,2]",0.0232779860892005,0.0215865055,0.004730543765,0.046856384699999996,1.000255319261671,4299.903713900011,2050.8020985374146,0.012576021
M4_block_alpha_full_response,2,-0.3254282985036,0.10590357746694819,TRUE,alpha_volatile,"alpha[24,2]",0.5788827814964,0.593379035,0.134842832,0.9452251079999999,1.0019822194614754,4747.525898551403,2174.688435889473,0.90431108
M4_block_alpha_full_response,2,-0.5905639207062203,0.3487657444399029,FALSE,alpha_volatile,"alpha[25,2]",0.1286178792937797,0.0507386965,0.0021405858650000004,0.5915084519999999,1.0003458376915748,4644.192694067295,2975.287785362565,0.7191818
M4_block_alpha_full_response,2,-0.006080487632417496,3.697232984798212e-5,TRUE,alpha_volatile,"alpha[26,2]",0.0354199303675825,0.035651044,0.0159885128,0.05462883155,0.9994469627755285,3652.6892479380995,2606.999973638891,0.041500418
M4_block_alpha_full_response,2,0.012105819142895248,1.4655085712048904e-4,TRUE,alpha_volatile,"alpha[27,2]",0.02236851114289525,0.0180714275,0.001863290065,0.05854466304999999,1.0002426636506785,4769.564362648323,2575.0105533565893,0.010262692
M4_block_alpha_full_response,2,-0.20326780507570602,0.041317800580295216,TRUE,alpha_volatile,"alpha[28,2]",0.187427194924294,0.08000850100000001,0.004667907850000001,0.7721600714999993,1.0002152408955958,5358.77250099283,2528.889178944061,0.390695
M4_block_alpha_full_response,2,0.0016735190799214983,2.800666110861298e-6,TRUE,alpha_volatile,"alpha[29,2]",0.2424031590799215,0.13012959000000002,0.00784091706,0.8280233815,1.0004717271221408,5197.9016422747845,2699.195890063752,0.24072964
M4_block_alpha_full_response,2,-0.12327998405793572,0.015197954469324886,TRUE,alpha_volatile,"alpha[30,2]",0.28849187594206427,0.22770685499999999,0.0242401168,0.7716029254999999,1.0015606783118045,4917.802167185795,2168.601631834028,0.41177186
M4_block_alpha_full_response,2,0.03332222703533422,0.0011103708145943586,TRUE,alpha_volatile,"alpha[31,2]",0.34039832703533424,0.213237905,0.004410974880000002,0.944111923,1.0021176491128678,5609.3820351783315,2726.118788359617,0.3070761
M4_block_alpha_full_response,2,-0.76756234368823,0.5891519514481685,FALSE,alpha_volatile,"alpha[32,2]",0.10764205631177,0.040747558,0.003295670985,0.5949241024999998,1.0009630095245172,3696.166947255772,2355.3104078081706,0.8752044
M4_block_alpha_full_response,2,0.34833946928730003,0.12134038586335784,TRUE,alpha_volatile,"alpha[33,2]",0.3781555052873,0.313601895,0.0225736984,0.9187201689999999,1.0002341906101093,5199.752752410014,2792.3626446327453,0.029816036
M4_block_alpha_full_response,2,-0.03306893358162499,0.0010935543682259253,TRUE,alpha_volatile,"alpha[34,2]",0.589010456418375,0.597582575,0.22112078000000002,0.9291034225,1.0022644907838696,5463.591096846214,2704.777961608082,0.62207939
M4_block_alpha_full_response,2,0.00111524746810835,1.2437769151220853e-6,TRUE,alpha_volatile,"alpha[35,2]",0.00462209666810835,0.00405866035,4.953208005e-4,0.010969685649999984,1.0007107631959344,3847.6302199086253,2897.7598118984206,0.0035068492
M4_block_alpha_full_response,2,0.18570516902755452,0.034486409803552595,TRUE,alpha_volatile,"alpha[36,2]",0.1886784010275545,0.06374469499999999,0.0018480032250000002,0.8216304284999998,1.0025596501500027,4581.471802083464,2663.7098494196894,0.002973232
M4_block_alpha_full_response,2,0.4107182596355,0.16868948879801401,TRUE,alpha_volatile,"alpha[37,2]",0.4357172286355,0.41061473000000004,0.016087360550000002,0.941759173,1.0030726462694093,6756.404945018927,2503.0433614643784,0.024998969
M4_block_alpha_full_response,2,-0.330955678372,0.10953166104667073,FALSE,alpha_volatile,"alpha[38,2]",0.196873231628,0.179284995,0.05329418970000001,0.3965864789999997,1.0009276443381727,4789.644021746315,1645.3721605724907,0.52782891
M4_block_alpha_full_response,2,0.06575223119033724,0.0043233559065075575,TRUE,alpha_volatile,"alpha[39,2]",0.08321486619033724,0.050722999500000004,0.00275236628,0.284932024,0.9998521775834884,5390.4797849418455,2830.5018761919964,0.017462635
M4_block_alpha_full_response,2,0.027733707362675,7.691585240784935e-4,TRUE,alpha_volatile,"alpha[40,2]",0.042087117362675,0.040289865499999994,0.010098999450000002,0.07920777464999997,1.0000809301084908,4369.2169409288235,1948.2704744416926,0.01435341
M4_block_alpha_full_response,2,-0.020379446064564988,4.1532182189851335e-4,TRUE,alpha_volatile,"alpha[41,2]",0.287393593935435,0.18910504,0.00919295181,0.8739987464999999,1.0012028149571555,5925.4920167781365,2787.881247766433,0.30777304
M4_block_alpha_full_response,2,0.032406155756292465,0.0010501589309010874,TRUE,alpha_volatile,"alpha[42,2]",0.3887988257562925,0.365287775,0.031489157000000004,0.846461,1.0011104892899887,4184.93603565113,1993.6630400725835,0.35639267
M4_block_alpha_full_response,2,-0.20272090739999993,0.041095766297079346,FALSE,alpha_volatile,"alpha[43,2]",0.7872436926,0.797405675,0.5688488580000001,0.9691394344999998,1.0000134464715351,5136.420593817685,2325.13887569644,0.9899646
M4_block_alpha_full_response,2,-0.0720361583975,0.005189208116669709,TRUE,alpha_volatile,"alpha[44,2]",0.8902481216025,0.9115410850000001,0.7180318185000001,0.9913421419999999,0.9995122875333678,6301.669829271162,2560.1242372639817,0.96228428
M4_block_alpha_full_response,2,-0.09090817383183153,0.0082642960694385,TRUE,alpha_volatile,"alpha[45,2]",0.2070517961681685,0.15496638499999998,0.018923767799999998,0.5956399164999997,1.000361261882059,4579.959561448225,2229.9774070023373,0.29795997
M4_block_alpha_full_response,2,-0.08267714339999999,0.006835510040784161,TRUE,alpha_volatile,"alpha[46,2]",0.8033283166,0.82449636,0.5442586555000001,0.9809413745,1.0007760448223524,5724.485893758226,2764.781882011321,0.88600546
M4_block_alpha_full_response,2,0.18720962417965248,0.03504744338548672,TRUE,alpha_volatile,"alpha[47,2]",0.1897308376796525,0.0733489445,0.0023251315500000002,0.7993405389999998,1.0001678790805426,5447.562037755295,3085.756933067185,0.0025212135
M4_block_alpha_full_response,2,-0.37595957608057473,0.14134560284668546,TRUE,alpha_volatile,"alpha[48,2]",0.18276539391942526,0.054286362000000005,0.00166918862,0.8001187029999998,1.0000690716665472,4862.845435854048,3006.2994107855943,0.55872497
M4_block_alpha_full_response,2,-0.11323488918043201,0.012822140127704718,TRUE,alpha_volatile,"alpha[49,2]",0.232654100819568,0.1038618,0.0028326613499999997,0.8666425979999997,1.0002430869201162,5262.056182437649,3087.883794886511,0.34588899
M4_block_alpha_full_response,2,0.273850253498611,0.0749939613412535,FALSE,alpha_volatile,"alpha[50,2]",0.276352176598611,0.17826556999999998,0.0027460003000000003,0.8488235315,1.0009743891907634,4165.6249437471315,2878.857281134763,0.0025019231
M4_block_alpha_full_response,2,-0.001471814366900125,2.1662375306136157e-6,TRUE,alpha_volatile,"alpha[51,2]",0.011021648633099875,0.007361907399999999,6.191332180000001e-4,0.03148833304999998,1.001259996991642,5840.131827375717,2383.6478708679783,0.012493463
M4_block_alpha_full_response,2,0.02711936045825125,7.354597116645615e-4,TRUE,alpha_volatile,"alpha[52,2]",0.04564728745825125,0.040321929,0.005748610255000001,0.10357314699999988,1.0017706620505087,4687.620704897485,2329.8848292233943,0.018527927
M4_block_alpha_full_response,2,0.14228874933396923,0.02024608818702513,TRUE,alpha_volatile,"alpha[53,2]",0.2610170793339692,0.110940625,0.00256392351,0.900541425,0.9998869618384238,5138.98385850536,2862.937107929011,0.11872833000000001
M4_block_alpha_full_response,2,0.05050227437553473,0.0025504797171017916,TRUE,alpha_volatile,"alpha[54,2]",0.26490421437553474,0.138943565,0.00321705138,0.8824855779999997,1.0000719140959786,5665.416361727583,2847.3959683705866,0.21440194
M4_block_alpha_full_response,2,-0.29081577210055,0.08457381330243903,TRUE,alpha_volatile,"alpha[55,2]",0.64529641789945,0.6587555700000001,0.28241651149999997,0.956888275,1.0005196918841104,4044.5392677245322,1818.0565803838576,0.93611219
M4_block_alpha_full_response,2,-0.5284681329982958,0.27927856759470443,TRUE,alpha_volatile,"alpha[56,2]",0.23435381700170424,0.10142314,0.0033631679400000004,0.8850948149999995,1.0017262810146579,6191.324287832347,2989.412820535667,0.76282195
M4_block_alpha_full_response,2,0.3828903782823573,0.14660504178120665,FALSE,alpha_volatile,"alpha[57,2]",0.38349972456235726,0.30960176,0.00970682907,0.946697438,0.9997456352069765,7436.689998345505,2799.183094217817,6.0934628e-4
M4_block_alpha_full_response,2,0.0490349129303,0.002404422686082102,TRUE,alpha_volatile,"alpha[58,2]",0.1057511659303,0.0909187355,0.03688854280000001,0.2208622455,0.9993418591067055,5208.929882161661,2520.319175230982,0.056716253
M4_block_alpha_full_response,2,0.008098833910924995,6.559111071674865e-5,TRUE,alpha_volatile,"alpha[59,2]",0.064920444910925,0.062472244499999996,0.028123052,0.10942773749999994,1.0008638337402456,5710.239667261298,2595.5030322033704,0.056821611
M4_block_alpha_full_response,2,-0.03677288934074999,0.001352245390467044,TRUE,alpha_volatile,"alpha[60,2]",0.16798110065925,0.145783175,0.0652633814,0.3363827759999999,1.0004351247470615,5341.369653872532,3348.5284325204525,0.20475399
M4_block_alpha_full_response,2,0.016473831501749997,2.7138712434805057e-4,TRUE,alpha_volatile,"alpha[61,2]",0.21690925150175,0.209272925,0.132314811,0.3255390909999999,1.0001673180527915,5659.667282386161,3050.6312819864206,0.20043542
M4_block_alpha_full_response,2,-0.06449457753290677,0.004159550531148123,TRUE,alpha_volatile,"alpha[62,2]",0.14880991246709324,0.057457127499999996,0.00271895145,0.6813365114999999,1.0016959453452676,4243.955234229676,2964.560697092014,0.21330449
M4_block_alpha_full_response,2,-0.01151330782000004,1.3255625695807408e-4,TRUE,alpha_volatile,"alpha[63,2]",0.81588282218,0.84464406,0.5534009645,0.9819762464999999,1.0020244161793386,6389.880154097866,2722.539222849168,0.82739613
M4_block_alpha_full_response,2,-0.45392475898262896,0.2060476868174378,TRUE,alpha_volatile,"alpha[64,2]",0.321250401017371,0.21445166999999998,0.00405530703,0.9315456889999999,1.000107612566469,6679.597468000731,2957.871450980115,0.77517516
M4_block_alpha_full_response,2,0.05278229269792176,0.0027859704224490844,TRUE,alpha_volatile,"alpha[65,2]",0.07338452769792175,0.020810479,0.001043763645,0.37022788299999987,1.0008863934823082,4634.27142210017,2647.0266124069676,0.020602235
M4_block_alpha_full_response,2,-0.48686856926425004,0.23704100373741785,TRUE,beta,beta[1],1.45473533073575,1.3465992,0.24651254150000002,3.080985535,1.0005053944827085,3301.0924915575783,2351.322292129603,1.9416039
M4_block_alpha_full_response,2,0.471414798918975,0.22223191263981762,TRUE,beta,beta[2],0.573429318918975,0.50120038,0.08832695025000001,1.3152635,0.9995716652286599,5162.422301046937,3067.474145295621,0.10201452
M4_block_alpha_full_response,2,-2.01855333443175,4.074557563945537,FALSE,beta,beta[3],2.00295596556825,1.90680975,0.7953008565000002,3.443497244999999,1.0010631235298122,2032.5206198659355,2303.7187971300737,4.0215093
M4_block_alpha_full_response,2,-0.3687802855525004,0.13599889901218376,TRUE,beta,beta[4],3.4945365144475,3.4532122999999997,2.0222977,5.109752804999999,1.001971775054035,5398.481407010787,2771.8878754772686,3.8633168
M4_block_alpha_full_response,2,0.6147134840959749,0.3778726675294124,TRUE,beta,beta[5],1.112586374095975,1.09221525,0.204540189,2.1289506049999987,1.001078426815168,2487.811757630937,2113.967378378623,0.49787289
M4_block_alpha_full_response,2,-0.35364373827975015,0.12506389362447642,TRUE,beta,beta[6],1.86769546172025,1.86142725,0.8551106460000001,2.8799766999999985,1.00357297608567,3867.504911226951,1721.5550729557326,2.2213392
M4_block_alpha_full_response,2,0.9959944856635751,0.9920050154722494,FALSE,beta,beta[7],1.096871045663575,1.0344497000000001,0.165689746,2.245212909999999,0.9994973788538366,2643.8399762010645,1688.5556518404435,0.10087656
M4_block_alpha_full_response,2,0.3509987182691,0.12320010022655103,TRUE,beta,beta[8],0.4520827682691,0.399494055,0.06962531999999999,1.0431829849999992,1.0008592256655464,4335.706614063759,2895.2161557811664,0.10108405
M4_block_alpha_full_response,2,0.99986704684025,0.9997341113570426,TRUE,beta,beta[9],1.41979629684025,1.359617,0.30738607700000004,2.7670797499999993,1.0004403453825934,3484.630342063887,2489.0695832919687,0.41992925
M4_block_alpha_full_response,2,-1.9562700789999994,3.826992621990664,TRUE,beta,beta[10],37.303917921,36.146567000000005,22.260013349999998,56.611247849999984,1.0001040900088278,4984.997301268395,3167.686457553514,39.260188
M4_block_alpha_full_response,2,0.7090768192502249,0.5027899355980161,TRUE,beta,beta[11],1.371300679250225,1.3462475,0.40029972,2.4311700199999997,1.001754803676554,2834.7608994887273,1714.7975337230787,0.66222386
M4_block_alpha_full_response,2,0.693222558175,0.48055751516269124,TRUE,beta,beta[12],8.506385158175,8.370842249999999,5.68606222,11.80174115,1.0015627623035395,4355.203120625528,2936.4948499284715,7.8131626
M4_block_alpha_full_response,2,0.6111788135345749,0.3735395421135307,FALSE,beta,beta[13],0.693170755534575,0.5812832,0.09124462125000002,1.649925215,1.0009891699000086,5354.317918228834,2695.1172337057483,0.081991942
M4_block_alpha_full_response,2,0.563372631721225,0.31738872217249897,TRUE,beta,beta[14],0.713411941721225,0.6217122749999999,0.1034090475,1.6101184099999994,1.000942032324805,3528.5269456035608,2475.904046921263,0.15003931
M4_block_alpha_full_response,2,0.7167011699424999,0.5136605669969481,TRUE,beta,beta[15],2.1253684699425,2.097161,1.1236516200000002,3.240877355,0.999756763889137,4582.1422163009665,2805.645453194827,1.4086673
M4_block_alpha_full_response,2,0.2329354694977,0.05425893295011393,TRUE,beta,beta[16],0.2711799544977,0.215893985,0.03712518215,0.6725714859999995,1.001327956383382,5538.517056274944,2884.59000007949,0.038244485
M4_block_alpha_full_response,2,0.2854207236284,0.08146498947655949,TRUE,beta,beta[17],0.4154449236284,0.352217255,0.0570535849,0.9884495694999995,1.0002384166221001,5780.727162227153,2389.698388499305,0.1300242
M4_block_alpha_full_response,2,-0.40706909161750016,0.16570524535029674,TRUE,beta,beta[18],1.9728271083825,1.9178750500000001,0.9187609805,3.1703641649999983,1.0006994627424806,3937.248317140209,2392.539091289499,2.3798962
M4_block_alpha_full_response,2,0.4654911878393525,0.21668204595609136,FALSE,beta,beta[19],0.4929672868393525,0.412052565,0.06543878675,1.1994303799999992,0.999395711515239,5649.430295851833,2282.3919136379773,0.027476099
M4_block_alpha_full_response,2,0.22744109448010003,0.051729451458305785,TRUE,beta,beta[20],0.5533137344801,0.44874145,0.06324210995,1.4225908649999992,1.0003874346990742,5304.660118628928,2979.452232700672,0.32587264
M4_block_alpha_full_response,2,0.15152087505500011,0.022958575577432958,TRUE,beta,beta[21],3.004847975055,2.9486369,1.70150123,4.502047394999998,0.9999219358365454,4552.424280424407,2716.057071659407,2.8533271
M4_block_alpha_full_response,2,0.28279951020245,0.07997556297074561,FALSE,beta,beta[22],0.31570188420245,0.254233635,0.044753090800000006,0.7886582574999998,1.0013152031515034,5256.308718167612,2439.5434326991176,0.032902374
M4_block_alpha_full_response,2,0.05927885937500044,0.0035139831688010773,TRUE,beta,beta[23],12.487451859375,12.348393999999999,9.181208660000001,16.255727499999995,1.000921355936958,4665.752363764222,3387.298151456288,12.428173
M4_block_alpha_full_response,2,-0.5315908534124998,0.28258883543182983,TRUE,beta,beta[24],2.3870033465875,2.3534651,1.4772152,3.42081416,1.000314868526767,5183.85629701524,3020.205560397685,2.9185942
M4_block_alpha_full_response,2,0.19307250380062507,0.037276991723842384,TRUE,beta,beta[25],0.630518023800625,0.52440873,0.0701363333,1.56742062,0.9996012330356304,3276.118650878298,2589.9856915305936,0.43744552
M4_block_alpha_full_response,2,-0.3941649240000018,0.1553659873119272,TRUE,beta,beta[26],18.345617076,18.069384499999998,12.5265038,25.127081949999997,1.0020693045923925,4191.24366981414,3359.599632547437,18.739782
M4_block_alpha_full_response,2,0.8540516332000001,0.7294041921715875,TRUE,beta,beta[27],6.0207728332,5.982071100000001,4.11275643,8.041589375,1.0008854821962008,5296.1593329804045,2266.5162055615538,5.1667212
M4_block_alpha_full_response,2,0.45348227354722503,0.20564617242156025,TRUE,beta,beta[28],1.158224993547225,1.11792055,0.282005605,2.1911196849999985,1.0001560380936387,3507.247872955103,1932.4760348819898,0.70474272
M4_block_alpha_full_response,2,-0.50838977201185,0.2584601602862608,TRUE,beta,beta[29],1.01928942798815,0.9322616100000001,0.16010964450000004,2.2140557399999996,1.0004165672770626,3468.607659099727,2331.257012195467,1.5276792
M4_block_alpha_full_response,2,-0.4946662233677501,0.24469467254091287,TRUE,beta,beta[30],1.48316547663225,1.48035995,0.47521240000000003,2.4825206999999994,1.000500501232488,2221.1133123512836,1778.3131129822898,1.9778317
M4_block_alpha_full_response,2,-1.175464333015975,1.3817163981926912,FALSE,beta,beta[31],0.519751666984025,0.44860937,0.07670992925,1.18951972,1.0002936436641288,4857.916500555822,2355.8123188828413,1.695216
M4_block_alpha_full_response,2,-0.5079252990349001,0.25798810939969274,TRUE,beta,beta[32],1.1575483009651,1.09882545,0.22443045650000001,2.3015561449999997,0.9999310136802071,2403.6469589057433,2096.250237643123,1.6654736
M4_block_alpha_full_response,2,-0.13439822400427504,0.01806288261550329,TRUE,beta,beta[33],0.829626775995725,0.77812856,0.13222843450000002,1.7817422749999998,0.9997059898647143,3486.1312997124087,2403.4670752425377,0.964025
M4_block_alpha_full_response,2,0.5172385470700003,0.2675357145750849,TRUE,beta,beta[34],3.09716674707,3.0602052000000004,1.862910995,4.435946994999999,1.000219353425093,5477.37874318452,2969.513577183005,2.5799282
M4_block_alpha_full_response,2,-269.50362223,72632.20239509056,FALSE,beta,beta[35],115.53036777,87.725517,38.743297999999996,274.74028599999997,1.0014181968977298,4791.0908451020005,2984.353710842553,385.03399
M4_block_alpha_full_response,2,0.17557032037950004,0.03082493739816029,TRUE,beta,beta[36],0.6546810603795,0.54363909,0.08336238195,1.6057282199999994,1.0000652252052156,3391.941165062555,2898.456383965097,0.47911074
M4_block_alpha_full_response,2,0.48327392970624994,0.2335536911337214,TRUE,beta,beta[37],0.94276009970625,0.920752105,0.21352793600000003,1.759102155,0.9999460976215633,3759.1738676198706,2246.8452794364775,0.45948617
M4_block_alpha_full_response,2,2.2327238273825003,4.985055689361561,FALSE,beta,beta[38],3.5629071273825,3.5053665,1.9440944100000002,5.33980986,0.9999153206957787,4748.826899572543,2822.385053459948,1.3301833
M4_block_alpha_full_response,2,-0.09532978045249996,0.009087767041121842,TRUE,beta,beta[39],3.7752002195475,3.75208985,2.080649865,5.573550415,0.9999711582637998,4371.925100893373,2663.6245207734883,3.87053
M4_block_alpha_full_response,2,0.2998382682749998,0.08990298712215077,TRUE,beta,beta[40],9.731939068275,9.59952195,7.0040566,12.839426799999998,1.0010423639525958,5118.478896636847,2777.990239378761,9.4321008
M4_block_alpha_full_response,2,-0.34900604143747493,0.12180521695985647,TRUE,beta,beta[41],0.706763258562525,0.63673281,0.106362072,1.558118,1.000338394347924,4164.685186662606,2480.7206061257098,1.0557693
M4_block_alpha_full_response,2,-0.26058350442,0.06790376277580816,TRUE,beta,beta[42],1.32868059558,1.29295655,0.3215750205,2.43115767,1.000387436057309,2934.469349989684,1637.8271491030653,1.5892641
M4_block_alpha_full_response,2,1.9397639883500002,3.7626843304994995,FALSE,beta,beta[43],5.93471358835,5.8508531,4.121305885,8.026795129999998,1.0017242870775125,5674.197665905205,3132.70190557102,3.9949496
M4_block_alpha_full_response,2,2.435212506325,5.9302599509616885,FALSE,beta,beta[44],5.568985806325,5.46286615,3.6222046050000003,7.838296284999998,1.0011175410103879,6792.870021220657,3375.1930326984602,3.1337733
M4_block_alpha_full_response,2,0.67291653295075,0.45281666031845785,TRUE,beta,beta[45],2.68820853295075,2.6478243,1.0842450549999998,4.43217647,1.0012007869551058,3419.8252649929277,2539.5208877841046,2.015292
M4_block_alpha_full_response,2,0.6819078443,0.46499830811787296,TRUE,beta,beta[46],3.2757855443,3.2586383,2.185334485,4.4398778299999995,1.0006496269029048,8166.879627272587,3125.0446358221584,2.5938777
M4_block_alpha_full_response,2,-0.6132343560373499,0.3760563754245432,TRUE,beta,beta[47],0.51379214396265,0.4198228,0.06247993375,1.2814345799999998,1.0001764492533955,4715.959685418385,2823.34275343561,1.1270265
M4_block_alpha_full_response,2,0.5590435666479,0.31252970941040503,FALSE,beta,beta[48],0.6060389406479,0.52248181,0.08009838385,1.4282660449999995,1.00013529705003,4045.900747326785,2659.226158396777,0.046995374
M4_block_alpha_full_response,2,0.215742313500025,0.04654474583434307,FALSE,beta,beta[49],0.245802218500025,0.19614354,0.034075322350000006,0.6370046439999999,1.0009837942066737,5805.047717807762,2702.434484387413,0.030059905
M4_block_alpha_full_response,2,-0.601344799125,0.36161556743468665,TRUE,beta,beta[50],0.972239200875,0.916899825,0.211647881,1.942636775,1.0008746895560487,3474.2972437555936,2024.3783344589729,1.573584
M4_block_alpha_full_response,2,1.1174994354499996,1.248804988231068,TRUE,beta,beta[51],4.30028813545,4.249143650000001,2.810527285,5.9611957649999985,1.001420188539311,5493.88410334197,2921.5679756253908,3.1827887
M4_block_alpha_full_response,2,-0.36001946037500066,0.12961401184870666,TRUE,beta,beta[52],6.020634439625,5.9684949,4.24782177,7.977367489999999,1.000388467505246,5500.784942975756,3279.2242608055813,6.3806539
M4_block_alpha_full_response,2,-0.19449044570822493,0.03782653347178399,TRUE,beta,beta[53],0.336082684291775,0.26267184499999996,0.042041094800000005,0.882384709,1.0009956298130638,4900.399969614337,2602.452547597535,0.53057313
M4_block_alpha_full_response,2,0.30600597330845,0.0936396557004518,FALSE,beta,beta[54],0.34681980430845,0.27635575,0.044152356000000004,0.9004780844999998,0.999592465492934,5398.7676392457615,2955.14145392169,0.040813831
M4_block_alpha_full_response,2,0.34031630751749997,0.11581518916234561,TRUE,beta,beta[55],2.7728913075175,2.7445408000000002,1.3931419250000001,4.302215229999999,1.0014714129388922,4119.993363488984,2298.733235999107,2.432575
M4_block_alpha_full_response,2,0.43498902389480004,0.18921545090895092,TRUE,beta,beta[56],0.5303002238948,0.4553714,0.07622269425,1.2384249099999998,0.9996802219906612,4961.330181786964,3085.6659476746527,0.0953112
M4_block_alpha_full_response,2,0.620879786579675,0.3854917093832228,FALSE,beta,beta[57],0.664397754579675,0.60600959,0.100809932,1.437443625,0.9999644866662774,4992.256014587146,2499.5190007757164,0.043517968
M4_block_alpha_full_response,2,1.0540731491500006,1.1110702037589995,TRUE,beta,beta[58],4.39282144915,4.3568621499999995,2.799253725,6.131623069999999,1.000768487770219,4547.958744545086,2734.3475098263702,3.3387483
M4_block_alpha_full_response,2,-0.4912889764749995,0.2413648584058526,TRUE,beta,beta[59],10.566198023525,10.441334,7.454909195,14.014756299999998,0.9999579208547098,4626.513101851213,3578.1134441088225,11.057487
M4_block_alpha_full_response,2,-0.8317590962499999,0.6918231941946166,TRUE,beta,beta[60],12.65565590375,12.3629645,8.19126185,18.175121349999998,1.0004079778516954,4989.529296567695,3497.409875277745,13.487415
M4_block_alpha_full_response,2,-0.3958315983250005,0.15668265423252453,TRUE,beta,beta[61],5.669403101675,5.5961216,3.958699765,7.654082614999997,0.9998564702276578,6055.726842503812,3119.4596460584635,6.0652347
M4_block_alpha_full_response,2,0.32934256422565,0.1084665246107264,TRUE,beta,beta[62],0.50870716422565,0.4212118,0.06405067585000002,1.2596635099999989,1.0004587442974135,4239.2434625268115,2462.254704350421,0.1793646
M4_block_alpha_full_response,2,-0.9860873644500003,0.9723682903279478,TRUE,beta,beta[63],3.52728043555,3.4957320000000003,2.5004679000000003,4.69712551,1.002420612880242,6448.285816778146,3351.8020133819214,4.5133678
M4_block_alpha_full_response,2,-0.46944577066037496,0.22037933159091336,TRUE,beta,beta[64],0.485344639339625,0.42195709000000003,0.06953795105,1.142834355,1.0014392736095334,5691.322294342052,2253.4208102838857,0.95479041
M4_block_alpha_full_response,2,-0.13157059197569998,0.017310820672836128,TRUE,beta,beta[65],1.4087049080243,1.3813043999999999,0.38426746750000007,2.5488673599999996,1.0004892157826952,2911.7268716698673,1731.9188797582913,1.5402755
M4_block_alpha_full_response,2,0.0036813091875000925,1.3552037333972592e-5,TRUE,group_mu_rho,mu_rho[1],0.5968819491875,0.5951350550000001,0.451289331,0.7522160600000001,1.0044029082238548,751.077803627674,1067.271606356559,0.59320064
M4_block_alpha_full_response,2,-0.013943220754999985,1.9441340502266235e-4,TRUE,group_sigma_rho,sigma_rho[1],0.667435389245,0.66305572,0.5545920955,0.7923463614999998,1.000944394678556,1251.4377487409415,2216.2204450831546,0.68137861
M4_block_alpha_full_response,2,-0.25408672812785005,0.06456006541071599,TRUE,rho,rho[1],0.72901054187215,0.7152379200000001,0.22311411650000004,1.2711140849999998,1.0008203908087807,6289.35263860875,3219.9352359232885,0.98309727
M4_block_alpha_full_response,2,-0.282635014411875,0.07988255137160079,TRUE,rho,rho[2],-0.300798911411875,-0.29905656,-0.6078695975,0.004145108369999986,1.0018522889515393,9023.911672155831,2861.479486856809,-0.018163897
M4_block_alpha_full_response,2,0.3819180846977186,0.14586142341917377,FALSE,rho,rho[3],0.0774380646977186,0.080646338,-0.259955751,0.4060624025,1.0027150000188407,8461.783019673536,2433.6772599708866,-0.30448002
M4_block_alpha_full_response,2,0.014356156779999907,2.0609923749193728e-4,TRUE,rho,rho[4],2.00906125678,1.99911565,1.502681965,2.5413848999999997,1.0000734319128364,6214.443123486475,2861.9850948631865,1.9947051
M4_block_alpha_full_response,2,0.23402948722750005,0.05476980089196661,TRUE,rho,rho[5],0.6759767972275,0.67171707,0.34703295549999996,1.01011685,1.0023794892047089,7287.832368579855,2730.438354261077,0.44194731
M4_block_alpha_full_response,2,-0.08101094214500004,0.006562772747220544,TRUE,rho,rho[6],1.278451257855,1.2712843,0.8876814895,1.695731085,1.0028650209848473,6270.384823720868,3136.5909087575433,1.3594622
M4_block_alpha_full_response,2,-0.022855463624704253,5.223722175001792e-4,TRUE,rho,rho[7],-0.09506463462470426,-0.096382653,-0.4070724575,0.22471736349999993,1.0005258375021362,10277.845573610632,2751.8070630665707,-0.072209171
M4_block_alpha_full_response,2,0.3039090854205,0.09236073220112476,TRUE,rho,rho[8],0.6575204354205,0.657576905,0.3450026185,0.9739812454999999,1.0011988509149368,9022.071259619392,3039.3001403880903,0.35361135
M4_block_alpha_full_response,2,-0.25915601741242744,0.0671618413610704,TRUE,rho,rho[9],0.6275180725875725,0.61797781,0.1523392575,1.1353681599999998,0.999800496192938,7412.456208670092,3052.995072859853,0.88667409
M4_block_alpha_full_response,2,0.18154925498548258,0.03296013198578377,TRUE,rho,rho[10],0.8782792349854825,0.8637337,0.11292021650000002,1.715986369999999,1.0025216708889264,6770.545798294482,2626.2486849668976,0.69672998
M4_block_alpha_full_response,2,0.07786607858892575,0.00606312619481676,TRUE,rho,rho[11],0.08409288788892574,0.08238989299999999,-0.20921354249999996,0.3864281634999998,1.0015226213247213,11048.559685202132,3012.042990661192,0.0062268093
M4_block_alpha_full_response,2,-0.19016565620000003,0.03616297679797661,TRUE,rho,rho[12],1.7691908438,1.7504873,1.197275455,2.4065475199999997,1.0007916432407569,6255.139535970821,2750.8419627317676,1.9593565
M4_block_alpha_full_response,2,0.21617825830525006,0.046733039363891414,TRUE,rho,rho[13],0.89451412830525,0.883939355,0.385261888,1.4201404399999997,1.0025048476358944,6107.888225337302,3163.1647448596964,0.67833587
M4_block_alpha_full_response,2,0.20437228348505182,0.041768030256894385,TRUE,rho,rho[14],0.17875283848505183,0.17647590000000002,-0.118233137,0.47678132099999965,1.0065944980798045,8491.801956260853,2881.106847810938,-0.025619445
M4_block_alpha_full_response,2,0.2048834850650001,0.04197724245238012,TRUE,rho,rho[15],1.349047485065,1.34207105,0.9625371975,1.7366860249999998,0.9995255585409474,7466.14322425156,3060.624267455639,1.144164
M4_block_alpha_full_response,2,-0.39539099812240497,0.15633404139623164,FALSE,rho,rho[16],-0.184138598122405,-0.18089775,-0.483715863,0.11863324499999998,1.0017160803572658,7585.80313946711,2606.5806607011477,0.2112524
M4_block_alpha_full_response,2,0.20824278437780003,0.04336505724541891,TRUE,rho,rho[17],0.5486502743778,0.546086605,0.22034040449999998,0.8772665844999997,1.0021794649825455,8240.557477811315,2900.2816138361277,0.34040749
M4_block_alpha_full_response,2,-0.13514249519495175,0.018263494007517558,TRUE,rho,rho[18],-0.26675368519495174,-0.265032685,-0.5901756014999999,0.055135414949999934,1.003503302532507,8017.122983813183,2751.474072862493,-0.13161119
M4_block_alpha_full_response,2,0.10905666582644499,0.011893356361180895,TRUE,rho,rho[19],0.184782217826445,0.184228735,-0.114292809,0.4810478614999998,1.0003096865567758,8821.998752526919,3266.287676631377,0.075725552
M4_block_alpha_full_response,2,0.01842324173906007,3.394158361758451e-4,TRUE,rho,rho[20],0.60581655173906,0.60021065,0.08706188545,1.1479945499999997,1.0024743471483109,5986.853589026411,2745.2542068336093,0.58739331
M4_block_alpha_full_response,2,-0.2736840233450002,0.0749029446343066,TRUE,rho,rho[21],1.454964976655,1.4481565,1.0395401,1.9051626699999997,1.000691772646706,6870.814444018511,3251.0639944032046,1.728649
M4_block_alpha_full_response,2,0.13020354864290076,0.016952964079204224,TRUE,rho,rho[22],-0.03264701135709925,-0.0309390275,-0.32400640999999997,0.265192774,1.0014429865527705,9624.686454390141,2501.5021372326946,-0.16285056
M4_block_alpha_full_response,2,0.36401317099959996,0.132505588661184,TRUE,rho,rho[23],0.9041173409996,0.895679255,0.4098064465,1.42726845,1.000042526745754,7889.822314802956,2987.313143111222,0.54010417
M4_block_alpha_full_response,2,0.23918314345136926,0.05720857611127829,TRUE,rho,rho[24],0.05991877345136925,0.0643132245,-0.28991870049999996,0.4090695924999996,1.0011703786351207,6147.235341808077,3037.9291237722973,-0.17926437
M4_block_alpha_full_response,2,0.22533968089804995,0.05077797178723498,TRUE,rho,rho[25],0.54560690089805,0.5470991350000001,0.2478746215,0.8485972575,1.0021311245512619,8589.575807942028,2939.8491977971576,0.32026722
M4_block_alpha_full_response,2,0.40906934449277504,0.16733772860374865,TRUE,rho,rho[26],0.589806414492775,0.5936972199999999,0.037987351250000016,1.1547063549999996,1.000622623547183,6885.580690694748,2939.944094848955,0.18073707
M4_block_alpha_full_response,2,-0.3170699279068008,0.10053333918282384,TRUE,rho,rho[27],-0.2910656029068008,-0.28787293,-0.673588387,0.07797858554999927,1.0000295981085396,7369.022716363951,3110.6719776252544,0.026004325
M4_block_alpha_full_response,2,0.20991204667830005,0.04406306734067282,TRUE,rho,rho[28],0.6024803166783,0.60163024,0.26885712799999995,0.9515815379999999,1.0019279193345831,8681.18130444663,2808.916236739547,0.39256827
M4_block_alpha_full_response,2,0.04756152739999986,0.0022620988886209374,TRUE,rho,rho[29],1.9330225274,1.92646155,1.5294147599999999,2.3740385500000003,1.0007095975651465,6698.061323692876,3279.826552187336,1.885461
M4_block_alpha_full_response,2,-0.0638040849449999,0.004070961255668762,TRUE,rho,rho[30],1.194224715055,1.1890561000000002,0.8513827350000001,1.560883885,0.9998564246232822,6830.112833524584,2963.443385966505,1.2580288
M4_block_alpha_full_response,2,0.023768174214999993,5.649261055145905e-4,TRUE,rho,rho[31],0.916927224215,0.916923165,0.6024008949999999,1.2425458949999997,1.0006075557018497,9035.34905969272,2775.901212202108,0.89315905
M4_block_alpha_full_response,2,0.07887696226774998,0.006221575176588055,TRUE,rho,rho[32],0.68527986226775,0.6836805450000001,0.3637660155,1.014847385,1.0037857081740074,9003.384956068901,3063.038694024308,0.6064029
M4_block_alpha_full_response,2,-0.14566229533999997,0.021217504283717378,TRUE,rho,rho[33],1.00742080466,1.0042631,0.684971225,1.33603041,1.0004058811931693,8195.081579621037,2881.2069670589512,1.1530831
M4_block_alpha_full_response,2,-0.0242803238282,5.895341252022567e-4,TRUE,rho,rho[34],0.6969154361718,0.6921158000000001,0.333420979,1.0647085349999996,1.0018925459837078,7099.3411142871955,2812.2428748626867,0.72119576
M4_block_alpha_full_response,2,0.5782015350530675,0.3343170151377236,TRUE,rho,rho[35],0.6757915570530675,0.6800451750000001,-0.23941081649999993,1.6099250849999995,1.002812288871117,7006.86826306077,3246.0435352036884,0.097590022
M4_block_alpha_full_response,2,-0.22448973522000004,0.05039564121914573,TRUE,rho,rho[36],0.83157686478,0.8287723,0.4626917465,1.2037130649999999,1.000163220557836,6829.559095011469,3036.5383368907974,1.0560666
M4_block_alpha_full_response,2,-0.25462105661159995,0.06483188247000758,TRUE,rho,rho[37],-0.5542530366116,-0.550807915,-0.9162727690000001,-0.20795500700000014,1.0006966485578066,7405.2497854045905,2738.8819831251085,-0.29963198
M4_block_alpha_full_response,2,-0.20350753585000003,0.04141531714773905,TRUE,rho,rho[38],1.52720076415,1.5176875,1.1077308750000001,1.9667599,1.0015680221975112,6755.326657398204,2626.1355344651865,1.7307083
M4_block_alpha_full_response,2,-0.27502512734922246,0.07563882067345604,TRUE,rho,rho[39],0.6795375726507775,0.67277543,0.223247631,1.1633571099999998,1.0002398901713347,7617.322074891797,2865.4850926764984,0.9545627
M4_block_alpha_full_response,2,0.3762804135476682,0.14158694961960422,TRUE,rho,rho[40],0.3638423485476682,0.357775765,-0.06597866719999998,0.8142255394999998,1.0008299008975134,8622.47331034094,2993.0704743778406,-0.012438065
M4_block_alpha_full_response,2,0.1605397450397707,0.02577300973743458,TRUE,rho,rho[41],0.4417863250397707,0.443685075,0.1397255115,0.7502529535,1.0018994377592738,8135.126397398831,3055.6033478483255,0.28124658
M4_block_alpha_full_response,2,-0.03800600854777253,0.0014444566857333585,TRUE,rho,rho[42],0.2875203314522275,0.286241145,-0.011300648449999997,0.5943443795,1.0015974793176248,9157.17208535225,2632.9337879690906,0.32552634
M4_block_alpha_full_response,2,-0.39794175617374994,0.15835764130664826,TRUE,rho,rho[43],0.87105304382625,0.86893568,0.4292788325,1.332653835,1.0015188032351452,8220.89815998947,3058.0851843579135,1.2689948
M4_block_alpha_full_response,2,0.26301609111250013,0.06917746418409897,TRUE,rho,rho[44],1.5120363911125,1.49726845,0.995627849,2.0696624549999996,1.000288494431476,7147.277817708679,2858.555297661251,1.2490203
M4_block_alpha_full_response,2,-0.10107372217499999,0.010215897314309086,TRUE,rho,rho[45],1.978171177825,1.959625,1.5118765250000001,2.4839266249999996,0.9996160401277969,5674.434459484453,3384.269882266191,2.0792449
M4_block_alpha_full_response,2,-0.024116067257972273,5.815846999910424e-4,TRUE,rho,rho[46],0.3309280927420277,0.33044861000000003,-0.012708867749999993,0.6828776634999999,1.0003420568506944,8713.83475706172,3150.629341953656,0.35504416
M4_block_alpha_full_response,2,-0.2967740299674999,0.08807482486315053,TRUE,rho,rho[47],1.1066510700325,1.1021577,0.7472874394999999,1.4806477249999994,1.0024796315310238,8749.40582972396,2764.7368746718794,1.4034251
M4_block_alpha_full_response,2,0.10300465339989001,0.010609958622031472,TRUE,rho,rho[48],-0.19319735660011,-0.192387115,-0.4994900485,0.10798137599999999,1.0021473320298702,8045.440818443122,2802.336007684407,-0.29620201
M4_block_alpha_full_response,2,-0.08082988702827876,0.0065334706370043065,TRUE,rho,rho[49],-0.07041601302827875,-0.07410420449999999,-0.3633702425,0.22981332749999958,1.001991533131322,8340.740694796325,2907.7947861893267,0.010413874
M4_block_alpha_full_response,2,0.1562355419179375,0.02440954455839161,TRUE,rho,rho[50],-0.0608421580820625,-0.061041942,-0.354480883,0.24207778599999985,1.0017295459356577,8176.529978843802,2412.274656114557,-0.2170777
M4_block_alpha_full_response,2,0.017721977891182794,3.1406850037557174e-4,TRUE,rho,rho[51],0.28343434789118277,0.283205175,-0.1055461345,0.6695329749999998,1.0010940864151197,7224.829973450543,2923.4562590763308,0.26571237
M4_block_alpha_full_response,2,0.059335497740010006,0.0035207012920547326,TRUE,rho,rho[52],0.08692272274001,0.08789527850000001,-0.2909964205,0.4641637445,1.002636330032828,7420.512684803061,2630.061563926494,0.027587225
M4_block_alpha_full_response,2,0.011960070214079008,1.4304327952569987e-4,TRUE,rho,rho[53],0.116907440214079,0.11251108500000001,-0.1846064135,0.4330375644999998,1.0029599801046165,7971.3999996680795,2116.4376157510087,0.10494737
M4_block_alpha_full_response,2,0.16518540321091407,0.02728621743395226,TRUE,rho,rho[54],-0.03302329678908592,-0.031902089,-0.3118816615,0.254326307,1.0001808268879335,9035.673898624696,2744.0120698589976,-0.1982087
M4_block_alpha_full_response,2,-0.4517635260474999,0.20409028346687014,TRUE,rho,rho[55],1.9251422739525,1.9172396,1.45638462,2.4345798299999997,0.999764277785562,7307.874843091714,3135.5726544948093,2.3769058
M4_block_alpha_full_response,2,-0.0932547982245775,0.008696457391906663,TRUE,rho,rho[56],0.6055722917754225,0.602934215,0.271045682,0.9439344909999998,1.0015143104418331,8873.021117937757,3045.6963349332846,0.69882709
M4_block_alpha_full_response,2,0.08676940847294999,0.007528930246745645,TRUE,rho,rho[57],-0.02923267152705,-0.0310588035,-0.33212562349999997,0.2752636934999997,1.0007005469527501,8701.025928251025,2893.730321341924,-0.11600208
M4_block_alpha_full_response,2,0.15926206750268335,0.025364406145229265,TRUE,rho,rho[58],0.5871723075026833,0.584184705,0.228548083,0.9620476649999999,0.9998380705509645,6904.757648957647,3184.5616940071063,0.42791024
M4_block_alpha_full_response,2,0.19430594651127508,0.03775480084964249,TRUE,rho,rho[59],0.931072306511275,0.9227421600000001,0.46808801599999994,1.4194994149999998,1.0002864660800117,8883.956288724503,2535.256324661759,0.73676636
M4_block_alpha_full_response,2,0.17951393663499,0.032225253446191204,TRUE,rho,rho[60],0.17793531433499,0.176120255,-0.38350127400000006,0.733113665,1.0010597801207557,6813.958362947896,3131.6929200478057,-0.0015786223
M4_block_alpha_full_response,2,-0.259501358485905,0.06734095505603017,TRUE,rho,rho[61],0.250386701514095,0.251778485,-0.1408416725,0.6547970784999998,1.0013058779049877,8229.374350082611,3086.5641774796777,0.50988806
M4_block_alpha_full_response,2,-0.1003374489449475,0.010067603660779948,TRUE,rho,rho[62],0.4483963410550525,0.45018532499999997,0.1323241585,0.7709368334999999,0.9993443260124124,9001.371033262227,2393.6582132641065,0.54873379
M4_block_alpha_full_response,2,-0.07674853955575,0.005890338323940523,TRUE,rho,rho[63],0.80580947044425,0.804171315,0.4003119325,1.234738055,1.0013301221350437,8119.613626380322,2979.6146319600675,0.88255801
M4_block_alpha_full_response,2,0.1568616809340425,0.024605586945453357,TRUE,rho,rho[64],0.4191045209340425,0.418951655,0.11252285050000002,0.7266318374999998,1.0009559540433846,9758.66643651996,2837.954029692523,0.26224284
M4_block_alpha_full_response,2,-0.1320956210930001,0.017449253111945454,TRUE,rho,rho[65],0.741773188907,0.74058297,0.422936241,1.062874355,1.001526141686985,7360.178593700023,2778.5369905940734,0.87386881
M4_block_alpha_full_response,2,-0.17372495479739497,0.030180359919356924,TRUE,group_mu_side,mu_side[1],-0.261121638797395,-0.262357855,-0.4406657975,-0.08013206315000015,1.0143274970138825,519.0886142217835,1058.9509911983703,-0.087396684
M4_block_alpha_full_response,2,0.035244309274999996,0.0012421613362718507,TRUE,group_sigma_side,sigma_side[1],0.822227409275,0.81606953,0.688648321,0.9721358234999999,1.0020182646295717,1231.5826904017877,2123.819101410076,0.7869831
M4_block_alpha_full_response,2,-0.11761858825000004,0.013834132301923048,TRUE,side_bias,side_bias[1],-2.54844918825,-2.53116495,-3.162846805,-1.9906143550000002,1.0014054363140041,5859.993742882089,3259.820007642335,-2.4308306
M4_block_alpha_full_response,2,0.06139420865334999,0.003769248856171075,TRUE,side_bias,side_bias[2],-0.63568983134665,-0.63155158,-0.9509647405,-0.32267798200000014,0.999632324630066,9743.296255280044,2759.3989488047287,-0.69708404
M4_block_alpha_full_response,2,0.03354997355165329,0.0011256007253166351,TRUE,side_bias,side_bias[3],0.33818636355165327,0.337447355,0.027453856150000008,0.6506279304999998,1.0021809977859115,10127.102989417628,2785.496727726265,0.30463639
M4_block_alpha_full_response,2,0.07039801001353749,0.0049558798138661245,TRUE,side_bias,side_bias[4],-0.2179996999864625,-0.21801775,-0.6999320285,0.25723482599999964,0.9997703932169738,8995.535953396244,3083.195250146196,-0.28839771
M4_block_alpha_full_response,2,-0.34138705479725,0.11654512118314059,TRUE,side_bias,side_bias[5],-0.66274209479725,-0.659133415,-1.01473913,-0.318297867,1.000604014566289,7143.344155554587,3195.7226829340725,-0.32135504
M4_block_alpha_full_response,2,-0.4416893904354225,0.19508951762321508,FALSE,side_bias,side_bias[6],-0.2613760604354225,-0.25488428500000004,-0.6885138929999999,0.1632121934999999,1.000789756757838,7032.077739065081,3064.4655612842585,0.18031333
M4_block_alpha_full_response,2,0.20415454043138248,0.041679076378748986,TRUE,side_bias,side_bias[7],0.4111934804313825,0.41028772,0.1076237395,0.7111650199999998,1.0008057829309047,9477.892910907425,2960.6344134518763,0.20703894
M4_block_alpha_full_response,2,-0.03013232934467,9.079572717356608e-4,TRUE,side_bias,side_bias[8],0.22964200065533,0.228724015,-0.09314658889999998,0.5414138784999999,1.0016654511748773,10204.601595511615,2868.5435729919245,0.25977433
M4_block_alpha_full_response,2,0.3121252922250002,0.09742219804654176,TRUE,side_bias,side_bias[9],-2.396557407775,-2.37646465,-3.00227009,-1.845134340000001,1.0017322173727539,5586.08418658834,2859.692083534383,-2.7086827
M4_block_alpha_full_response,2,-0.6563761760300799,0.43082968445987047,TRUE,side_bias,side_bias[10],0.07292181396992001,0.0738772325,-0.7080972354999999,0.8498906904999991,1.0018694393021266,7670.043943313391,2849.635997692373,0.72929799
M4_block_alpha_full_response,2,-0.147366106940315,0.021716769474744355,TRUE,side_bias,side_bias[11],0.115774393059685,0.118233085,-0.20797273749999998,0.4418608479999999,1.0015111202150628,10287.98461713851,2834.2526604925297,0.2631405
M4_block_alpha_full_response,2,-0.07333119054245131,0.005377463506373301,TRUE,side_bias,side_bias[12],-0.1486067195424513,-0.142375,-0.6445731130000001,0.33499990849999933,1.0012902908497034,9283.195433861425,2749.4274369027034,-0.075275529
M4_block_alpha_full_response,2,-0.12111892892500009,0.014669794943939224,TRUE,side_bias,side_bias[13],2.202409971075,2.1861091000000004,1.68517034,2.768166365,1.0015879664567,4703.820477692168,3335.6553732939174,2.3235289
M4_block_alpha_full_response,2,-0.22810075258094226,0.052029953327992234,TRUE,side_bias,side_bias[14],-0.12085538258094225,-0.12265095000000001,-0.4240776295,0.18035862699999997,1.0027129486388817,9499.69588153724,2769.6773180926634,0.10724537
M4_block_alpha_full_response,2,0.47794649960560176,0.22843285648524747,FALSE,side_bias,side_bias[15],0.28832234960560177,0.286703725,-0.06843018255,0.647311966,1.0004564068493478,9223.714952908434,2909.024274142766,-0.18962415
M4_block_alpha_full_response,2,0.15926982324809474,0.02536687659747934,TRUE,side_bias,side_bias[16],-0.17530572675190526,-0.17540709,-0.4721216745,0.11352814199999992,0.9996427162722662,8647.111574003991,2920.1659453668417,-0.33457555
M4_block_alpha_full_response,2,-0.32299563539200005,0.10432618048228183,TRUE,side_bias,side_bias[17],-0.903244335392,-0.90300158,-1.2407046050000001,-0.5715410200000001,1.001186999172667,8391.991576023871,3210.6655951639655,-0.5802487
M4_block_alpha_full_response,2,-0.00829582782197491,6.882075925185298e-5,TRUE,side_bias,side_bias[18],-0.633395727821975,-0.62600945,-0.97616724,-0.3128538635000003,1.0009606374326925,9186.239950913878,3267.746759833903,-0.6250999
M4_block_alpha_full_response,2,-0.0062441411987224915,3.8989299309583556e-5,TRUE,side_bias,side_bias[19],0.1486555088012775,0.14683515,-0.15070870549999996,0.45341283499999996,1.0001899949591047,10861.238098826365,2890.9386450966,0.15489965
M4_block_alpha_full_response,2,0.7301404051750002,0.5331050112691135,FALSE,side_bias,side_bias[20],-2.529180194825,-2.51795245,-3.108916895,-1.989524565,0.9999669209213282,5092.055561352348,3277.617259911799,-3.2593206
M4_block_alpha_full_response,2,-0.25140338655073874,0.06320366276918016,TRUE,side_bias,side_bias[21],-0.17395444455073875,-0.17895708500000002,-0.575020977,0.23143937099999995,1.0003951862625238,8693.366280979657,2767.1766072280893,0.077448942
M4_block_alpha_full_response,2,-0.03477259247353775,0.001209133187330734,TRUE,side_bias,side_bias[22],-0.05246383847353775,-0.053485079,-0.35286802999999994,0.24429024099999996,1.0004649626095872,9314.377974624851,3154.9282406193747,-0.017691246
M4_block_alpha_full_response,2,0.13398931142276493,0.017953135575546685,TRUE,side_bias,side_bias[23],-0.669991208577235,-0.6631335199999999,-1.169195615,-0.16684645400000006,1.0013243641839935,6587.283920067721,2818.1096401687428,-0.80398052
M4_block_alpha_full_response,2,0.1293715737037725,0.016737004082590642,TRUE,side_bias,side_bias[24],0.2700306237037725,0.2686071,-0.0667814609,0.6061167579999999,1.000362360332911,8832.338146487215,3618.281583580073,0.14065905
M4_block_alpha_full_response,2,-0.03993891987314452,0.0015951173206334582,TRUE,side_bias,side_bias[25],0.2602827401268555,0.258593695,-0.043846239699999984,0.5718280519999999,1.0044493883108534,8892.702575595358,2947.5334727443833,0.30022166
M4_block_alpha_full_response,2,-0.14555001917647759,0.021184808082272993,TRUE,side_bias,side_bias[26],-0.6601888191764775,-0.6506542,-1.27992522,-0.07121551205000014,1.0020270275440375,7561.9427064928195,2892.434420118883,-0.5146388
M4_block_alpha_full_response,2,-0.2982471206612499,0.08895134498272617,TRUE,side_bias,side_bias[27],-0.98329891066125,-0.97544619,-1.415132975,-0.5825356465000001,1.000437241589394,6212.097319420015,3346.243461148986,-0.68505179
M4_block_alpha_full_response,2,-0.12753618719500004,0.01626547904423809,TRUE,side_bias,side_bias[28],0.740259592805,0.7392844199999999,0.402547568,1.086635045,1.00184192842172,8803.151660080435,3163.8918834709057,0.86779578
M4_block_alpha_full_response,2,-0.171700960231145,0.029481219744297238,TRUE,side_bias,side_bias[29],0.064972509768855,0.063346602,-0.36136926249999995,0.4964636264999998,1.001815854159169,9630.639105424698,2872.375645672387,0.23667347
M4_block_alpha_full_response,2,0.014220993363180001,2.0223665223560963e-4,TRUE,side_bias,side_bias[30],0.04656674836318,0.0476442175,-0.31502631900000005,0.4118539765,1.0005825196247031,9009.359766974805,2918.215437105879,0.032345755
M4_block_alpha_full_response,2,-0.2263076758544107,0.05121516415062502,TRUE,side_bias,side_bias[31],-0.06289563585441067,-0.06566387500000001,-0.390850971,0.2696497374999999,1.000891369416766,9048.023048913969,2630.858919820276,0.16341204
M4_block_alpha_full_response,2,-0.18201929718709997,0.03313102454848582,TRUE,side_bias,side_bias[32],-0.4464860971871,-0.445138055,-0.7643092979999999,-0.13342871450000018,1.002289944317012,9125.240908302576,3270.687252917455,-0.2644668
M4_block_alpha_full_response,2,0.204909206521264,0.04198778291717402,TRUE,side_bias,side_bias[33],-0.137206773478736,-0.13731991,-0.46632021199999996,0.2000148504999998,1.0028478495782882,8056.624369515914,2712.038507526699,-0.34211598
M4_block_alpha_full_response,2,-0.12868162453353849,0.016558960492590574,TRUE,side_bias,side_bias[34],-0.2484852945335385,-0.245737955,-0.609624415,0.09834375819999974,1.0025744033593167,10403.447035675177,2842.8779357425615,-0.11980367
M4_block_alpha_full_response,2,0.33492950947303746,0.11217777631584949,TRUE,side_bias,side_bias[35],0.4211280814730375,0.424324515,-0.6218722844999999,1.4661222749999996,1.0005695867470528,5432.402844844229,2599.3962256671107,0.086198572
M4_block_alpha_full_response,2,0.024531545197499893,6.017967097769801e-4,TRUE,side_bias,side_bias[36],-1.1968556548025,-1.1899484,-1.59176984,-0.8357681270000002,1.0003270562785413,8287.088328625345,3327.4969822319104,-1.2213872
M4_block_alpha_full_response,2,-0.38375903343875,0.14727099574584365,FALSE,side_bias,side_bias[37],-0.87498426343875,-0.8717743099999999,-1.233597995,-0.5218147080000001,1.0012699688662139,8654.353109539397,3303.552177126571,-0.49122523
M4_block_alpha_full_response,2,0.17688474393194997,0.03128821263587151,TRUE,side_bias,side_bias[38],0.56036226393195,0.55789578,0.1546241615,0.9656004275,1.000280915142643,8267.246151034573,3016.8815013273115,0.38347752
M4_block_alpha_full_response,2,0.2939503931999998,0.0864068336624345,TRUE,side_bias,side_bias[39],-2.4074184068,-2.3875253499999998,-3.08634185,-1.8102340099999998,1.0004173998254315,4968.137635280221,2977.18566395515,-2.7013688
M4_block_alpha_full_response,2,0.16084399820137096,0.025870791757402627,TRUE,side_bias,side_bias[40],0.401378338201371,0.39951188,-0.03694573679999999,0.8459694899999999,1.000544646781572,8714.900856803795,3221.5241278683993,0.24053434
M4_block_alpha_full_response,2,0.032526068451257495,0.0010579451288958881,TRUE,side_bias,side_bias[41],-0.3464403215487425,-0.34409762,-0.6568672455,-0.045523707600000095,1.0006967871804184,9201.00292309671,3003.8973099590894,-0.37896639
M4_block_alpha_full_response,2,-0.21753274335891024,0.04732049443325351,TRUE,side_bias,side_bias[42],-0.40782958335891023,-0.407019955,-0.7342826325,-0.08031966525000014,1.0007332706025036,8678.850775081477,2848.775735959758,-0.19029684
M4_block_alpha_full_response,2,-0.143046464253458,0.020462290935415833,TRUE,side_bias,side_bias[43],-0.008361994253458,-0.00643421475,-0.44018596299999996,0.4126221845,1.0005152430741677,7999.772870671146,3237.3335332116953,0.13468447
M4_block_alpha_full_response,2,-0.22726472707852763,0.051649256174077646,TRUE,side_bias,side_bias[44],-0.3654519570785276,-0.36703120499999997,-0.9059999745,0.17000322349999977,1.0025624221404266,8887.233715052924,2567.999865018607,-0.13818723
M4_block_alpha_full_response,2,-0.36451477464758353,0.1328710209363786,TRUE,side_bias,side_bias[45],-0.2521673446475835,-0.25025909,-0.6823175375,0.17109152899999974,1.0046804474306643,8221.680345129598,2698.163396437368,0.11234743
M4_block_alpha_full_response,2,0.3130673310893832,0.0980111537954295,TRUE,side_bias,side_bias[46],0.19757775108938325,0.19363029,-0.14970479750000001,0.5514372459999997,1.0039862536815702,9016.303022001024,2886.7667397927144,-0.11548958
M4_block_alpha_full_response,2,0.05213531614242506,0.0027180911892706067,TRUE,side_bias,side_bias[47],-0.685379813857575,-0.67832491,-1.0689042,-0.32340843250000056,1.001028441714716,7768.2634365489475,2996.323763642914,-0.73751513
M4_block_alpha_full_response,2,-0.07636830219922247,0.0058321175807917675,TRUE,side_bias,side_bias[48],-0.3357415021992225,-0.33689797499999996,-0.6450337999999999,-0.03342368725000004,0.9998981991801335,8923.919587779686,2568.287609915117,-0.2593732
M4_block_alpha_full_response,2,-0.234027971429765,0.054769091411530905,TRUE,side_bias,side_bias[49],0.080015148570235,0.083013319,-0.2055498045,0.3618133419999998,1.0013620105133259,8475.907862777076,2891.178353537994,0.31404312
M4_block_alpha_full_response,2,0.06493555031906176,0.0042166256952394015,TRUE,side_bias,side_bias[50],0.20694791031906176,0.205061415,-0.09741310795,0.508897816,1.0011701408332594,8573.601185394347,2836.3370883437146,0.14201236
M4_block_alpha_full_response,2,-0.21710385597124998,0.04713408427758525,TRUE,side_bias,side_bias[51],0.31333154402875,0.31108839,-0.04793313305,0.686456349,1.000604313635949,9636.607374643156,2790.99026876907,0.5304354
M4_block_alpha_full_response,2,-0.6035641858575569,0.3642897264498955,FALSE,side_bias,side_bias[52],-0.3464571658575569,-0.34481199500000004,-0.7275680405,0.013444144949999985,1.0028619500778595,8506.660344349499,2994.621427990416,0.25710702
M4_block_alpha_full_response,2,0.04352096644041997,0.0018940745199081616,TRUE,side_bias,side_bias[53],0.32714921644042,0.32368658,0.027908873200000003,0.6306814779999997,1.0040555577507995,8541.6801388484,3087.7249450391205,0.28362825
M4_block_alpha_full_response,2,0.23782084735459003,0.05655875543645521,TRUE,side_bias,side_bias[54],0.31019597235459,0.31089823,0.011238838650000003,0.6012057479999999,1.0026241042783834,10597.82412100289,3052.232727804973,0.072375125
M4_block_alpha_full_response,2,-0.42583216982482247,0.18133303685771646,TRUE,side_bias,side_bias[55],-0.3705929718248225,-0.370413255,-0.8392326004999999,0.10155706649999985,1.0002844767414185,8642.659069998144,3125.2749447434026,0.055239198
M4_block_alpha_full_response,2,-0.01321608727750001,1.7466496292649765e-4,TRUE,side_bias,side_bias[56],-1.0146494872775,-1.0065247,-1.377013005,-0.651518875,1.0027627691059025,8462.20465176458,2706.571879683881,-1.0014334
M4_block_alpha_full_response,2,0.08608003432769995,0.0074097723098580015,TRUE,side_bias,side_bias[57],-0.4599874256723,-0.45530164,-0.7737905915,-0.15473200050000002,1.0042742344292968,8196.881571460868,2905.0493672483485,-0.54606746
M4_block_alpha_full_response,2,0.007878109807840039,6.206461414438542e-5,TRUE,side_bias,side_bias[58],-0.26192382019216,-0.26204801499999997,-0.6405644125000001,0.11283585849999991,1.0032688282294138,9642.624870907719,3051.5219791759605,-0.26980193
M4_block_alpha_full_response,2,0.11527424367472505,0.013288151254779888,TRUE,side_bias,side_bias[59],-0.772067476325275,-0.768819935,-1.285720165,-0.2765486485000001,1.000449862488387,7411.88231327226,2869.8988857646773,-0.88734172
M4_block_alpha_full_response,2,0.20640285439781253,0.0426021383035646,TRUE,side_bias,side_bias[60],0.6185932743978125,0.6059850600000001,0.009498747035000029,1.2599589049999997,1.0007527944188737,7037.85936449378,2955.7834683914416,0.41219042
M4_block_alpha_full_response,2,-0.07212817082355752,0.0052024730263522945,TRUE,side_bias,side_bias[61],-0.3038522908235575,-0.29659386,-0.706587147,0.09089587029999999,1.0020212555342909,8237.571354820117,3387.539394753924,-0.23172412
M4_block_alpha_full_response,2,0.21462663718098876,0.046064593387619784,TRUE,side_bias,side_bias[62],-0.01982846281901125,-0.022679988999999998,-0.318386307,0.27451285899999994,1.0030912293443737,9241.290897128692,3145.415588962876,-0.2344551
M4_block_alpha_full_response,2,-0.0931744813380947,0.008681483972622956,TRUE,side_bias,side_bias[63],-0.1812689183380947,-0.17902285499999998,-0.603406705,0.2255689764999997,1.0022304267537254,9429.376475380768,2798.087448191589,-0.088094437
M4_block_alpha_full_response,2,-0.3136909854805,0.09840203437172726,TRUE,side_bias,side_bias[64],-0.5497671254805,-0.5454391000000001,-0.8663143719999999,-0.235125717,0.9996280519925178,10338.189460890511,2906.56302219101,-0.23607614
M4_block_alpha_full_response,2,0.48502007539250425,0.2352444735337505,FALSE,side_bias,side_bias[65],0.10204234539250424,0.10119575,-0.2221849995,0.41733296999999947,1.002975762334551,8985.043512931195,2548.429800924325,-0.38297773
M4_block_alpha_full_response,2,0.30363923837990925,0.09219678708393135,TRUE,delta_alpha,delta_alpha[1],0.0234310483799092,0.0090098816,-0.5930310934999999,0.6724979789999995,0.9997008881295367,4528.947581765844,2850.6952881132374,-0.28020819
M4_block_alpha_full_response,2,0.003224086487296225,1.0394733677566113e-5,TRUE,delta_alpha,delta_alpha[2],-0.043540983512703774,-0.0053637221,-0.774886516,0.7169216384999995,1.001707302800859,3842.659266255208,3074.936737253252,-0.04676507
M4_block_alpha_full_response,2,0.2213427938371712,0.04899263238364447,TRUE,delta_alpha,delta_alpha[3],0.2356672068371712,0.0519535375,-0.04628283394999999,0.8670606805,1.0008136018366447,2368.347734690569,3019.5059081008385,0.014324413
M4_block_alpha_full_response,2,0.232631517980111,0.05411742315773071,TRUE,delta_alpha,delta_alpha[4],0.348561917980111,0.36662792,-0.2061828955,0.8358515649999997,0.9993964011997052,4211.657895248217,2726.580562847745,0.1159304
M4_block_alpha_full_response,2,0.07477411632494663,0.00559116847217665,TRUE,delta_alpha,delta_alpha[5],0.5169861163249466,0.5799501650000001,-0.020897693599999972,0.959754884,1.0003343511395741,3587.901441137757,2981.355232671178,0.442212
M4_block_alpha_full_response,2,-0.08318206907390502,0.006919256615415906,TRUE,delta_alpha,delta_alpha[6],0.255238240926095,0.27954558,-0.44104599749999995,0.8161333074999998,1.0022553135690637,5560.622890155009,2767.2552167810927,0.33842031
M4_block_alpha_full_response,2,-0.16659735225234074,0.0277546777774905,TRUE,delta_alpha,delta_alpha[7],-0.06428002225234075,-0.0408800155,-0.4842466684999998,0.33621134499999944,1.0003226215464232,2799.1523909137372,2077.3463702386484,0.10231733
M4_block_alpha_full_response,2,-0.1567678193594765,0.024576149186725457,TRUE,delta_alpha,delta_alpha[8],0.0207500206405235,0.0145497685,-0.7244778625,0.7726197639999998,0.9995418553187392,6347.444081981155,3179.278100381912,0.17751784
M4_block_alpha_full_response,2,-0.38569704599342275,0.14876221128805248,TRUE,delta_alpha,delta_alpha[9],0.3387890540065773,0.33679393999999996,-0.20136032399999998,0.8819580884999998,1.0011482810512533,5281.418803050763,2816.7926654112384,0.7244861
M4_block_alpha_full_response,2,0.010929992061137726,1.1946472645653373e-4,TRUE,delta_alpha,delta_alpha[10],0.014405745161137726,0.013503537999999999,0.001147686905,0.030890285749999996,1.0017063847233416,3788.075341960582,2502.44188548552,0.0034757531
M4_block_alpha_full_response,2,0.19331481933724023,0.03737061937538983,TRUE,delta_alpha,delta_alpha[11],-0.18611476066275975,-0.183437105,-0.6496494165,0.3063768599999995,1.0039307530407806,3287.7663620058474,2563.4086395963004,-0.37942958
M4_block_alpha_full_response,2,-0.08104294970100301,0.006567959696239304,TRUE,delta_alpha,delta_alpha[12],-0.274009719701003,-0.27287532999999997,-0.4522962115,-0.09912383805000004,1.000044170157643,5076.570634728221,3062.2886927845825,-0.19296677
M4_block_alpha_full_response,2,-0.5736787966267509,0.32910736169911703,TRUE,delta_alpha,delta_alpha[13],0.082561013373249,0.033174951499999994,-0.5901777005,0.7901228979999999,1.0001576109116184,4869.64119173656,2644.5273667897645,0.65623981
M4_block_alpha_full_response,2,-0.4647457270927827,0.21598859085099928,TRUE,delta_alpha,delta_alpha[14],0.0371526429072173,0.016328219499999998,-0.6224800965,0.7306009624999998,1.0009102362796845,4384.411361536421,3527.0329047883597,0.50189837
M4_block_alpha_full_response,2,0.5039020194714796,0.2539172452274354,TRUE,delta_alpha,delta_alpha[15],0.5413841694714796,0.5875143549999999,0.004059470705000006,0.9122997405,1.0004672009102942,4491.496984762621,2565.4594528359166,0.03748215
M4_block_alpha_full_response,2,0.589707400522383,0.34775481823086624,TRUE,delta_alpha,delta_alpha[16],0.179552620522383,0.091730465,-0.45166185049999996,0.869470133,1.0013275913943123,4285.859183718562,2864.596182975492,-0.41015478
M4_block_alpha_full_response,2,1.0419730061399906,1.0857077455244089,FALSE,delta_alpha,delta_alpha[17],0.1996203761399905,0.148806625,-0.44667915999999996,0.85269442,1.0019051082256418,4914.185870834535,2734.9055657077884,-0.84235263
M4_block_alpha_full_response,2,0.11675435832531755,0.013631580187956648,TRUE,delta_alpha,delta_alpha[18],0.3731240683253175,0.34550982500000005,-0.054827358900000005,0.8763379204999995,1.0013281777826366,5316.646846384842,2716.977215807318,0.25636971
M4_block_alpha_full_response,2,0.13577345253819473,0.018434430414141417,TRUE,delta_alpha,delta_alpha[19],0.12764760623819474,0.053559102,-0.4249895444999999,0.7814944549999997,1.0005385795011938,4905.690162213559,2745.8023201018473,-0.0081258463
M4_block_alpha_full_response,2,0.12015359023218601,0.014436885245684065,TRUE,delta_alpha,delta_alpha[20],0.130841512232186,0.057662387,-0.556759154,0.8435150494999998,1.0004625867757686,4274.615942815803,2867.495398816773,0.010687922
M4_block_alpha_full_response,2,-0.2919487326276225,0.085234062482875,TRUE,delta_alpha,delta_alpha[21],0.4400693673723775,0.45495837,-0.019847541349999998,0.8452658824999999,1.0001895978485766,5277.805019982571,3056.000348790286,0.7320181
M4_block_alpha_full_response,2,0.420301547982964,0.1766533912368758,TRUE,delta_alpha,delta_alpha[22],0.083260477982964,0.039013939,-0.5533437525,0.7720803529999999,0.9998986260002034,4398.361790159002,3070.4222070352603,-0.33704107
M4_block_alpha_full_response,2,0.0093611134046935,8.763044417553233e-5,TRUE,delta_alpha,delta_alpha[23],0.0217072534046935,0.0201478825,0.00350178341,0.04480641784999999,1.000557637137611,4358.160506663953,2220.773757710565,0.01234614
M4_block_alpha_full_response,2,-0.15081703952301925,0.02274577941048795,TRUE,delta_alpha,delta_alpha[24],0.16492386047698074,0.17973252,-0.38031379949999994,0.6456268015,1.002218109819821,5125.537749765917,2439.1606714810127,0.3157409
M4_block_alpha_full_response,2,-0.029406362611081975,8.647341620144399e-4,TRUE,delta_alpha,delta_alpha[25],-0.026651229711081977,-0.0048371998499999996,-0.5289649045,0.44636463799999976,1.0007823994494762,4539.465573412382,3040.415118742375,0.0027551329
M4_block_alpha_full_response,2,-0.006283785774325999,3.94859636576218e-5,TRUE,delta_alpha,delta_alpha[26],0.021908179225674,0.0214542725,0.0058412120350000004,0.0392399836,1.0000999248552556,3440.407433660504,2716.9574171122667,0.028191965
M4_block_alpha_full_response,2,-0.003806949833717351,1.4492867036440565e-5,TRUE,delta_alpha,delta_alpha[27],-0.01484241183371735,-0.009581883,-0.07322980985,0.025768794049999995,1.001089816467582,5694.48388656732,3479.7648282423884,-0.011035462
M4_block_alpha_full_response,2,0.29750996963984977,0.08851218203510433,TRUE,delta_alpha,delta_alpha[28],-0.14700522036015026,-0.065789247,-0.8504671309999999,0.5791899149999998,1.000468231881033,3842.173090412374,2954.990583770933,-0.44451519
M4_block_alpha_full_response,2,0.06748964328147225,0.0045548519502603725,TRUE,delta_alpha,delta_alpha[29],-0.047425236718527754,-0.0204773145,-0.71143165,0.6503628259999997,1.000217544190272,4574.654918503963,3262.617133699398,-0.11491488
M4_block_alpha_full_response,2,0.03324632003945649,0.0011053177961659662,TRUE,delta_alpha,delta_alpha[30],-0.3814198899605435,-0.46754421999999995,-0.846992168,0.32187286000000004,0.9998142766889485,2622.286478920756,2291.743648858747,-0.41466621
M4_block_alpha_full_response,2,0.226655334677902,0.051372640737951766,TRUE,delta_alpha,delta_alpha[31],0.037503434677902,0.0087689403,-0.7053501409999999,0.8214265789999998,1.0008819284413426,5337.928873332435,3236.1797608750085,-0.1891519
M4_block_alpha_full_response,2,-0.6063011818480294,0.36760112311031723,FALSE,delta_alpha,delta_alpha[32],-0.0986936118480294,-0.07554285799999999,-0.5578213295,0.38843422449999937,1.0006474923739288,3643.753881605925,2385.0071201191136,0.50760757
M4_block_alpha_full_response,2,0.4227346729035995,0.17870460367491325,TRUE,delta_alpha,delta_alpha[33],0.1743392829035995,0.14032709,-0.41990995,0.794664585,1.0020108677692536,5018.154945059697,3061.9130572492763,-0.24839539
M4_block_alpha_full_response,2,-0.05747201880479991,0.003303032945499274,TRUE,delta_alpha,delta_alpha[34],0.5604327211952,0.56909157,0.18888895300000003,0.9031664074999998,1.0025044542575077,5370.556224549808,2679.8716612515746,0.61790474
M4_block_alpha_full_response,2,0.0011694327400149252,1.3675729334188157e-6,TRUE,delta_alpha,delta_alpha[35],0.002659258840014925,0.0023020763,-9.65537908e-4,0.0078059671349999995,1.0010083169079658,4057.8047108653177,3420.346622044431,0.0014898261
M4_block_alpha_full_response,2,0.19346019623942498,0.037426847528996825,TRUE,delta_alpha,delta_alpha[36],0.034006256239425,-0.0018138174,-0.571533101,0.7201801084999999,1.002327789119288,3606.495787042041,2845.6895901541934,-0.15945394
M4_block_alpha_full_response,2,0.22102646197318523,0.0488526968923839,TRUE,delta_alpha,delta_alpha[37],0.22000642307318524,0.200181705,-0.4812458615,0.8451958994999998,0.99980966338787,5314.713886565692,2798.645171465286,-0.0010200389
M4_block_alpha_full_response,2,0.034072547873476744,0.0011609385185903647,TRUE,delta_alpha,delta_alpha[38],0.05439409187347675,0.0760292915,-0.25857052449999995,0.29983888799999986,0.9996682234151655,5408.802450223781,2635.728737874333,0.020321544
M4_block_alpha_full_response,2,0.1062769352449,0.011294786965048669,TRUE,delta_alpha,delta_alpha[39],-0.1831213447551,-0.185565,-0.460860795,0.09278205779999996,1.000132649980498,4606.965570186284,2552.293259120704,-0.28939828
M4_block_alpha_full_response,2,0.025224236237712624,6.362620937759348e-4,TRUE,delta_alpha,delta_alpha[40],0.034622155537712626,0.032490166,0.00585177968,0.07032108079999999,1.0000241761653892,4616.973350724707,1836.8263560549274,0.0093979193
M4_block_alpha_full_response,2,0.008836968859678745,7.809201862693186e-5,TRUE,delta_alpha,delta_alpha[41],0.15695457885967876,0.099317492499999993,-0.3662920435,0.781950088,1.0018200493130587,5210.7206239117295,3007.6479196412174,0.14811761
M4_block_alpha_full_response,2,-0.05798872353266321,0.003362692056947648,TRUE,delta_alpha,delta_alpha[42],0.2900407364673368,0.278340405,-0.09388154885,0.7534119429999999,1.000225646862088,4219.930836190306,2876.225438764044,0.34802946
M4_block_alpha_full_response,2,-0.10906860283999997,0.01189596012546965,TRUE,delta_alpha,delta_alpha[43],0.75567029716,0.764852885,0.532642353,0.942056313,1.0003129556184327,5150.9358268654805,2536.270750441838,0.8647389
M4_block_alpha_full_response,2,0.08672823163120003,0.0075217861618750844,TRUE,delta_alpha,delta_alpha[44],0.6071898716312,0.651482925,0.181358573,0.8868077274999997,1.002762897430028,6127.396837062258,3091.3961202077476,0.52046164
M4_block_alpha_full_response,2,-0.0810148072017921,0.006563398985943546,TRUE,delta_alpha,delta_alpha[45],0.1642558127982079,0.12477412500000001,-0.03216143719999999,0.5544155749999995,1.0001264155333902,4691.964498282171,2774.3060324647545,0.24527062
M4_block_alpha_full_response,2,-0.032789406073524985,0.001075145150654517,TRUE,delta_alpha,delta_alpha[46],0.749890313926475,0.772219335,0.46032637,0.9530638035,1.0019570893950622,5025.834281388874,3061.2644613784164,0.78267972
M4_block_alpha_full_response,2,0.8887909236158076,0.7899493059018403,FALSE,delta_alpha,delta_alpha[47],-0.0887959963841925,-0.0291167725,-0.8325563395,0.628613167499999,1.000041988232668,4101.436904267308,3490.63585005215,-0.97758692
M4_block_alpha_full_response,2,-0.5087220779380938,0.25879815258165195,TRUE,delta_alpha,delta_alpha[48],-0.04414187793809375,-0.038097603,-0.6472295894999999,0.654777762,0.9998187434542714,4848.310736425585,2806.1874438439977,0.4645802
M4_block_alpha_full_response,2,-0.13911228516361177,0.019352227883442038,TRUE,delta_alpha,delta_alpha[49],0.03466227483638822,0.0102263335,-0.636977725,0.7408084949999999,1.0007854081439986,4802.083221544117,2802.143721748604,0.17377456
M4_block_alpha_full_response,2,0.316566291132572,0.10021421668143234,TRUE,delta_alpha,delta_alpha[50],0.106961111132572,0.039015695,-0.43354939849999996,0.7167500949999994,1.0002184279512258,5198.422523421663,2914.0461147441774,-0.20960518
M4_block_alpha_full_response,2,0.363484119439318,0.1321207050845764,FALSE,delta_alpha,delta_alpha[51],-0.087406610560682,-0.039603326,-0.3450661905,0.0012424470399999932,0.9997285880883505,4403.694133424583,3046.985564615887,-0.45089073
M4_block_alpha_full_response,2,0.004232425838942497,1.7913428482148098e-5,TRUE,delta_alpha,delta_alpha[52],-0.1193216441610575,-0.12019908500000001,-0.247459665,0.011971514949999817,1.0018657727336195,5621.177102188115,2881.9283391582208,-0.12355407
M4_block_alpha_full_response,2,0.6917725336103975,0.47854923825774853,FALSE,delta_alpha,delta_alpha[53],0.0956784536103975,0.0264183705,-0.5755918694999999,0.8064614949999999,1.0004566374371968,4027.48429204248,3160.199766317034,-0.59609408
M4_block_alpha_full_response,2,0.5224790099187833,0.27298431580571203,TRUE,delta_alpha,delta_alpha[54],0.12965510991878326,0.053136209000000004,-0.4677731945,0.799754329,1.0007807491986236,4388.736604615791,3007.25573860346,-0.3928239
M4_block_alpha_full_response,2,-0.042253942123417265,0.001785395624969096,TRUE,delta_alpha,delta_alpha[55],0.5338135678765827,0.5629351300000001,0.027907631800000082,0.8961822129999999,0.99975242631145,3389.755594544691,2410.021340397541,0.57606751
M4_block_alpha_full_response,2,-0.37843884138544864,0.14321595666916076,TRUE,delta_alpha,delta_alpha[56],0.02443494861455135,-9.1281173e-4,-0.6374754185,0.7491683934999998,1.0012206490799445,3890.545826761818,3096.9669885870267,0.40287379
M4_block_alpha_full_response,2,0.32013355733147486,0.10248549452970471,TRUE,delta_alpha,delta_alpha[57],0.1854660973314749,0.14579755,-0.517003127,0.8601097539999999,1.0002201166721434,6894.447649670685,2901.1980382048064,-0.13466746
M4_block_alpha_full_response,2,0.00523576117496775,2.7413195081299672e-5,TRUE,delta_alpha,delta_alpha[58],0.00381458517496775,0.021032158000000002,-0.22684310099999996,0.1400178814999997,1.0003759618251773,3546.6650678855326,2476.2393320027973,-0.001421176
M4_block_alpha_full_response,2,0.023493448894447024,5.519421409559941e-4,TRUE,delta_alpha,delta_alpha[59],0.008967484894447025,0.0123949305,-0.06728304365,0.06815172124999999,0.9997117778153367,6440.251496498547,2888.080969155419,-0.014525964
M4_block_alpha_full_response,2,-0.23557888989975,0.05549741336639854,FALSE,delta_alpha,delta_alpha[60],-0.53791970989975,-0.54429569,-0.702656233,-0.3483920775,1.000062964973574,4702.420804368099,3480.5280579441633,-0.30234082
M4_block_alpha_full_response,2,-0.025136347586582508,6.318359699934923e-4,TRUE,delta_alpha,delta_alpha[61],0.1594829124134175,0.16222417,0.026534330700000004,0.28901380699999996,0.9999124100363213,5407.757633964154,2793.4540533326985,0.18461926
M4_block_alpha_full_response,2,0.5518542565790923,0.3045431205044626,TRUE,delta_alpha,delta_alpha[62],-0.07527574342090775,-0.00892840135,-0.7867095945,0.5030270784999996,1.000562142037346,3265.7331641356427,2893.827825813768,-0.62713
M4_block_alpha_full_response,2,-0.057255876215008245,0.003278235361148347,TRUE,delta_alpha,delta_alpha[63],0.01558395178499175,0.013800702,-0.31572747700000003,0.3405325374999996,1.000917270731534,7188.561161737074,3571.228156429282,0.072839828
M4_block_alpha_full_response,2,0.255937147627755,0.06550382353583126,TRUE,delta_alpha,delta_alpha[64],0.107083657627755,0.054350272,-0.6249754715,0.8344716489999998,1.001120428304178,5852.629587270142,3108.239922534209,-0.14885349
M4_block_alpha_full_response,2,0.06974828298255117,0.004864822979014038,TRUE,delta_alpha,delta_alpha[65],-0.1841714070174488,-0.0964655715,-0.7671179754999999,0.21965962299999958,1.0001411383536645,4132.626887227233,2610.0618344381714,-0.25391969
M4_block_alpha_full_response,2,0.9524619264849228,0.9071837214033704,TRUE,delta_log_alpha,delta_log_alpha[1],0.20912717648492274,0.16545627000000002,-3.49577961,4.157300394999998,1.0000295276482396,6514.8415529347685,2913.235029988924,-0.74333475
M4_block_alpha_full_response,2,0.10914169593259751,0.011911909791043573,TRUE,delta_log_alpha,delta_log_alpha[2],0.046503008932597505,-0.072186639,-4.1780275200000005,4.504136749999997,1.0016512368322337,4798.56763765092,2805.400314618989,-0.062638687
M4_block_alpha_full_response,2,0.77191550433565,0.5958535458337609,TRUE,delta_log_alpha,delta_log_alpha[3],1.90719170433565,1.77262735,-1.2683640599999997,5.388235355,1.0002054705377723,3184.7457394769694,2826.1278764128174,1.1352762
M4_block_alpha_full_response,2,1.2842161833097414,1.6492112054746393,TRUE,delta_log_alpha,delta_log_alpha[4],1.4508437333097415,0.96368348,-0.43772074899999996,5.228916824999998,0.999907328012398,2915.179910563534,3003.6646572592945,0.16662755
M4_block_alpha_full_response,2,0.2166994137750713,0.046958635930459555,TRUE,delta_log_alpha,delta_log_alpha[5],3.856820913775071,4.1181352,-0.17006081499999992,7.246865929999999,1.0009790067638689,3009.0198333089133,2934.727121763987,3.6401215
M4_block_alpha_full_response,2,0.4884960126981501,0.2386283544219912,TRUE,delta_log_alpha,delta_log_alpha[6],0.90628911269815,0.6738409750000001,-1.186219675,3.7332396049999996,1.0003104167550692,3658.2604271326704,2486.0437548921177,0.4177931
M4_block_alpha_full_response,2,-1.2507137104436825,1.5642847854918036,TRUE,delta_log_alpha,delta_log_alpha[7],-0.9879339304436825,-1.1336821499999998,-4.226862735,2.715657195,1.0003158480106569,3695.730791614443,2534.416883648433,0.26277978
M4_block_alpha_full_response,2,-3.184676516998836,10.142164517923836,TRUE,delta_log_alpha,delta_log_alpha[8],0.279008283001164,0.094459451,-3.21191681,4.382838274999999,1.0003748660518588,5044.893468568298,2633.352694528373,3.4636848
M4_block_alpha_full_response,2,-1.3578294899233652,1.843700923705546,TRUE,delta_log_alpha,delta_log_alpha[9],1.864806210076635,1.84451045,-1.26280263,5.087842595,1.0012125499807407,5824.199848129329,2761.7504458824897,3.2226357
M4_block_alpha_full_response,2,0.7585601916215248,0.5754135643128844,TRUE,delta_log_alpha,delta_log_alpha[10],2.297000591621525,2.2057539000000004,0.5435891995000002,4.38598383,1.0004753272573546,3806.979169832644,2840.3913586999274,1.5384404
M4_block_alpha_full_response,2,-0.7332370486471307,0.5376365695087547,TRUE,delta_log_alpha,delta_log_alpha[11],-1.3896909886471307,-1.5505414499999999,-4.385112275,2.1929601099999982,1.002307671911269,3100.404480714828,2429.7624271551863,-0.65645394
M4_block_alpha_full_response,2,-0.020665807377147516,4.2707559454936467e-4,TRUE,delta_log_alpha,delta_log_alpha[12],-1.0770002073771474,-1.09705165,-1.6258013349999998,-0.45246812000000003,0.9999220321561703,5083.0499235404295,2982.0862757225004,-1.0563344
M4_block_alpha_full_response,2,-2.0616013147769325,4.250199981089977,TRUE,delta_log_alpha,delta_log_alpha[13],0.6095244852230675,0.5718111100000001,-4.00225134,5.034952899999997,1.000278259826251,5491.861501679334,2632.9291088557593,2.6711258
M4_block_alpha_full_response,2,-1.5310157926608101,2.344009357376809,TRUE,delta_log_alpha,delta_log_alpha[14],0.49800500733919,0.47285073,-3.9027464699999994,4.798255924999999,1.0022048355929805,6217.795666596788,3237.699970904762,2.0290208
M4_block_alpha_full_response,2,2.3232057774421255,5.397285084340471,TRUE,delta_log_alpha,delta_log_alpha[15],2.3748914164421255,2.3302803499999998,0.027533088550000053,5.220864769999999,1.0014772060675388,4926.374747091981,2582.7021019698414,0.051685639
M4_block_alpha_full_response,2,3.9586240851462575,15.670704647500044,TRUE,delta_log_alpha,delta_log_alpha[16],1.1629707851462574,1.1466155,-3.2939746399999996,5.500140209999998,1.0021677578813881,6704.666911430692,2661.0783883012664,-2.7956533
M4_block_alpha_full_response,2,3.1277870328270025,9.783051722720744,TRUE,delta_log_alpha,delta_log_alpha[17],1.2619423328270025,1.1731365500000002,-2.705034365,5.398963509999999,1.0010280113614318,5089.790181503733,2643.3499750315445,-1.8658447
M4_block_alpha_full_response,2,-2.6778885422028997,7.171087044461571,TRUE,delta_log_alpha,delta_log_alpha[18],3.1466596577971,3.21505345,-0.22657486649999997,6.547598614999997,1.0001764597377898,4755.936032392749,2838.3453122304018,5.8245482
M4_block_alpha_full_response,2,2.1041532453580727,4.427460879950909,TRUE,delta_log_alpha,delta_log_alpha[19],0.8240790453580725,0.8096167000000001,-3.2498402499999997,4.84162563,0.9997556940502029,6105.24372879228,2901.9805806913164,-1.2800742
M4_block_alpha_full_response,2,0.19443016907267496,0.03780309064562897,TRUE,delta_log_alpha,delta_log_alpha[20],0.833627529072675,0.81717645,-3.411954865,5.1370900499999985,1.0003380190420872,6117.115382852772,2901.2748260171743,0.63919736
M4_block_alpha_full_response,2,-0.41471255162006004,0.17198650047122097,TRUE,delta_log_alpha,delta_log_alpha[21],2.16953754837994,1.9723426000000002,-0.0527254343999999,5.073457299999999,0.9999507160679869,5558.683130841457,2926.0337260593815,2.5842501
M4_block_alpha_full_response,2,3.2367340490089975,10.47644730401418,TRUE,delta_log_alpha,delta_log_alpha[22],0.7396827490089976,0.7395231950000001,-3.406628905,4.8332188599999935,1.0005562620701998,6125.993221707242,2972.741762494475,-2.4970513
M4_block_alpha_full_response,2,-1.048912035572,1.1002164583677967,TRUE,delta_log_alpha,delta_log_alpha[23],2.953075764428,2.840985,1.2187246800000002,5.145676635,1.000222301210837,4351.753158194706,2860.775123173981,4.0019878
M4_block_alpha_full_response,2,-0.10162833046621872,0.01032831755335096,TRUE,delta_log_alpha,delta_log_alpha[24],0.32784890953378126,0.35753245,-1.242088105,1.7122729549999989,1.0020115836613805,3765.491517901223,2080.00722184961,0.42947724
M4_block_alpha_full_response,2,-0.07093788402770826,0.005032183390328586,TRUE,delta_log_alpha,delta_log_alpha[25],-0.06709960032770826,-0.184301775,-3.83488964,4.229287024999999,0.9997214722275336,5541.141640223519,2946.0249129379304,0.0038382837
M4_block_alpha_full_response,2,-0.1757956402176749,0.0309041071195422,TRUE,delta_log_alpha,delta_log_alpha[26],0.961508459782325,0.95499321,0.36821965,1.565182915,1.001160569916427,3708.006541782715,2842.990518208374,1.1373041
M4_block_alpha_full_response,2,0.18065730117305245,0.03263706046713098,TRUE,delta_log_alpha,delta_log_alpha[27],-0.5494479388269475,-0.534688245,-2.3165465,1.159297075,1.0018680689339428,4518.161385086992,2504.03556400364,-0.73010524
M4_block_alpha_full_response,2,0.0685914380995375,0.004704785380562683,TRUE,delta_log_alpha,delta_log_alpha[28],-0.6911647819004625,-0.722874835,-4.10732408,3.0409859249999993,1.0001096643637817,3953.016273434671,2745.9982423610295,-0.75975622
M4_block_alpha_full_response,2,0.3696995183964315,0.1366777339025534,TRUE,delta_log_alpha,delta_log_alpha[29],-0.0205576916035685,-0.195292385,-3.152248435,3.8252264949999946,1.0016253151205143,4661.117583635217,2704.7423988344967,-0.39025721
M4_block_alpha_full_response,2,-0.20392673298779995,0.04158611242707746,TRUE,delta_log_alpha,delta_log_alpha[30],-0.9005822629878,-1.03368945,-3.088983495,2.029894364999999,0.9999036314524821,2877.4179737958616,2149.5453646712735,-0.69665553
M4_block_alpha_full_response,2,0.6481166244466775,0.4200551588841556,TRUE,delta_log_alpha,delta_log_alpha[31],0.1681767244466775,0.11623636,-3.8816729349999997,4.453184669999997,1.0001214328697243,4599.609641781058,3006.8841918286007,-0.4799399
M4_block_alpha_full_response,2,-1.8101777113702675,3.2767433467416995,TRUE,delta_log_alpha,delta_log_alpha[32],-0.9427070113702675,-1.0645671499999998,-4.33357271,2.8972271849999998,1.0022945821045295,4080.3698855011694,2727.151959774183,0.8674707
M4_block_alpha_full_response,2,3.23176898280441,10.444330758216651,FALSE,delta_log_alpha,delta_log_alpha[33],0.99843398280441,0.84303811,-1.905616795,4.419131179999999,1.0015075157667674,5533.536919214985,2886.3046462252114,-2.233335
M4_block_alpha_full_response,2,-0.9621598666287499,0.9257516089510537,TRUE,delta_log_alpha,delta_log_alpha[34],4.04187733337125,3.9731562,1.47169882,6.946461994999995,1.0006811734254808,5907.2698134610355,3026.8880105273533,5.0040372
M4_block_alpha_full_response,2,0.25582456994044245,0.06544621058521233,TRUE,delta_log_alpha,delta_log_alpha[35],0.8089198399404425,0.81518441,-0.844441699,2.457518214999998,1.0014468712999995,3571.6240500413683,2601.889861436786,0.55309527
M4_block_alpha_full_response,2,3.9833935381892074,15.867424080087533,TRUE,delta_log_alpha,delta_log_alpha[36],-0.017186661810792505,-0.0589784565,-4.0497701049999995,4.184000105,1.0009283699409854,5364.476262186779,3119.2781697983833,-4.0005802
M4_block_alpha_full_response,2,1.4357580939808001,2.06140130443138,TRUE,delta_log_alpha,delta_log_alpha[37],1.3957653319808,1.2402604,-2.1681997699999997,5.439532284999997,0.9998772353138687,4873.922313120796,2608.6868964639234,-0.039992762
M4_block_alpha_full_response,2,0.82005087381374,0.6724834356426785,TRUE,delta_log_alpha,delta_log_alpha[38],0.85931184481374,0.634071405,-1.270696345,3.7862086649999975,0.9995366715178943,4273.438886781332,2526.433253052796,0.039260971
M4_block_alpha_full_response,2,1.1663562033287749,1.3603867930435145,TRUE,delta_log_alpha,delta_log_alpha[39],-1.699974996671225,-1.58904365,-4.530607445,0.6930772254999995,1.0012317960715933,3443.9678847506575,1952.3548686391612,-2.8663312
M4_block_alpha_full_response,2,0.7300434837905001,0.5329634882249702,TRUE,delta_log_alpha,delta_log_alpha[40],1.7935348837905,1.7298057500000001,0.6700853420000001,3.220111799999999,1.0003676537623902,3786.783140160165,2323.647386517545,1.0634914
M4_block_alpha_full_response,2,0.726224897658975,0.5274026019797887,TRUE,delta_log_alpha,delta_log_alpha[41],1.382569587658975,1.3320117,-2.2137417100000003,5.135889604999999,1.0022523824762344,6875.168296618931,3007.0349098107126,0.65634469
M4_block_alpha_full_response,2,-1.8729681548095949,3.5080097089308584,TRUE,delta_log_alpha,delta_log_alpha[42],1.879223645190405,1.7369472,-0.8491979095000001,5.107960124999999,1.0019051107116934,4113.374799197627,2762.844478013201,3.7521918
M4_block_alpha_full_response,2,1.4425395845874998,2.0809204531018763,FALSE,delta_log_alpha,delta_log_alpha[43],3.5100909845875,3.4662260500000004,2.230228485,4.951084245,1.000665636657994,5331.7848833266735,1992.2323157369995,2.0675514
M4_block_alpha_full_response,2,0.6382675246037501,0.4073854329637988,TRUE,delta_log_alpha,delta_log_alpha[44],1.41666891460375,1.3933151,0.23806993750000002,2.724648154999999,1.0024110462442464,6664.4547149059945,3091.7350166773263,0.77840139
M4_block_alpha_full_response,2,0.4533779112216003,0.2055515303836613,TRUE,delta_log_alpha,delta_log_alpha[45],2.1859236112216003,2.11164395,-0.6670758904999998,5.181233959999999,0.9998407588489473,5046.597949993056,2771.3799822915284,1.7325457
M4_block_alpha_full_response,2,1.1527683017832504,1.3288747575962392,TRUE,delta_log_alpha,delta_log_alpha[46],3.30160480178325,3.2795968,1.3991673150000001,5.177266034999997,1.0006529603692846,5320.70731267378,2438.5233651538733,2.1488365
M4_block_alpha_full_response,2,5.512158825025599,30.383894912307596,FALSE,delta_log_alpha,delta_log_alpha[47],-0.4507637749744,-0.509635225,-4.625004564999999,4.223561975,0.9996548454078888,4684.408517644491,3568.1998574261092,-5.9629226
M4_block_alpha_full_response,2,-2.4047130188672674,5.782644703109726,TRUE,delta_log_alpha,delta_log_alpha[48],-0.6238893188672675,-0.655377055,-4.79632297,3.8234971499999983,1.000071711590625,4303.737387262606,2921.093888651718,1.7808237
M4_block_alpha_full_response,2,-0.46117425636880593,0.21268169473732115,TRUE,delta_log_alpha,delta_log_alpha[49],0.236784093631194,0.224733405,-4.00352389,4.5428123,1.0024385739790143,5624.600723291225,2495.8046383339056,0.69795835
M4_block_alpha_full_response,2,5.058651784435773,25.589957876175227,FALSE,delta_log_alpha,delta_log_alpha[50],0.6186200844357725,0.5287664000000001,-3.6462820650000003,4.904784909999996,1.000646085140455,4013.4484568999133,2516.6374912800125,-4.4400317
M4_block_alpha_full_response,2,1.3903559794190503,1.9330897495063066,TRUE,delta_log_alpha,delta_log_alpha[51],-2.22299502058095,-2.06039435,-4.97721999,0.05502942399999973,1.00054055604835,5065.9727724496,2810.8297998409003,-3.613351
M4_block_alpha_full_response,2,0.5675657511885601,0.32213088192223455,TRUE,delta_log_alpha,delta_log_alpha[52],-1.46955944881144,-1.40498725,-3.38984647,0.19778525599999702,1.0025629234664781,3669.217124390828,2370.198777791602,-2.0371252
M4_block_alpha_full_response,2,2.536520862534175,6.433938086071116,TRUE,delta_log_alpha,delta_log_alpha[53],0.741324662534175,0.67972166999999994,-3.78285856,5.252640209999999,1.001177749833931,5786.432583012361,3070.3265836806363,-1.7951962
M4_block_alpha_full_response,2,2.0335968946819998,4.135516330060272,TRUE,delta_log_alpha,delta_log_alpha[54],0.992548594682,0.99578224,-3.310432685,5.169496564999997,1.0004830241608385,6384.745548058946,2956.512785205855,-1.0410483
M4_block_alpha_full_response,2,1.4941576779772499,2.232507166658367,TRUE,delta_log_alpha,delta_log_alpha[55],2.44966486797725,2.4340719,0.0846348229,4.855301879999997,1.0002096758514973,3967.483337345899,2438.9683025265654,0.95550719
M4_block_alpha_full_response,2,-0.7504604786183725,0.5631909299681167,TRUE,delta_log_alpha,delta_log_alpha[56],6.041613816274992e-4,-0.013233499999999999,-3.823686525,3.9175576849999985,1.001793122074009,4692.019233408384,2757.153703498821,0.75106464
M4_block_alpha_full_response,2,6.550988182120602,42.91544616228379,FALSE,delta_log_alpha,delta_log_alpha[57],1.1482965821206026,1.00765895,-2.7610633999999994,5.236495334999999,1.00033213635635,5273.505357545771,2968.717223166998,-5.4026916
M4_block_alpha_full_response,2,0.2988035252160325,0.08928354668152816,TRUE,delta_log_alpha,delta_log_alpha[58],0.2740546712160325,0.338396665,-1.3184384149999997,1.6464389149999996,1.0006708257127028,5080.599286125875,2607.6870282412447,-0.024748854
M4_block_alpha_full_response,2,0.40760604448691495,0.1661426875022689,TRUE,delta_log_alpha,delta_log_alpha[59],0.179959424486915,0.22900441500000002,-1.077521505,1.2407366899999999,0.9996780174045534,6598.609787158983,2710.6623814886725,-0.22764662
M4_block_alpha_full_response,2,-0.64821984787,0.4201889711726059,TRUE,delta_log_alpha,delta_log_alpha[60],-1.55510861787,-1.56554585,-2.3506931250000003,-0.7693298440000003,1.0003867259224215,5235.738798642824,3050.718709971111,-0.90688877
M4_block_alpha_full_response,2,-0.7295764250913002,0.5322817600490015,TRUE,delta_log_alpha,delta_log_alpha[61],1.8098834749087,1.6391083,0.1793312055,4.1135635200000005,1.002875005523457,5400.7179748359695,2328.0956060338667,2.5394599
M4_block_alpha_full_response,2,1.1858863303675375,1.4063263885525843,TRUE,delta_log_alpha,delta_log_alpha[62],-0.1853119696324625,-0.26719012,-4.131614115,4.119980145,0.999909988085198,4242.347110581357,3142.407987765952,-1.3711983
M4_block_alpha_full_response,2,-0.070092487873637,0.004912956856315951,TRUE,delta_log_alpha,delta_log_alpha[63],0.022061191126363,0.015633189,-0.4242356905,0.4757441814999982,1.0006146991029274,6965.811019141508,3588.862469286652,0.092153679
M4_block_alpha_full_response,2,0.6745770841377374,0.4550542424437721,TRUE,delta_log_alpha,delta_log_alpha[64],0.4989230241377375,0.530442255,-3.7950562949999997,4.682041259999999,1.0002822688634936,6410.040021922133,2811.1296697506195,-0.17565406
M4_block_alpha_full_response,2,0.9625574556367251,0.926516855401846,TRUE,delta_log_alpha,delta_log_alpha[65],-1.627074144363275,-1.78241845,-5.496177175,2.625360839999995,1.0016756297099527,4904.030235326688,2639.921895531907,-2.5896316
