model,replication,bias,squared_error,covered,parameter_class,parameter,recovered_mean,recovered_median,lower_interval,upper_interval,rhat,ess_bulk,ess_tail,true_value
M4_block_alpha_full_response,4,-0.7598517446174999,0.5773746737982584,TRUE,group_mu_alpha_stable_raw,mu_alpha_raw[1],-2.5266866446175,-2.5305602,-3.30414531,-1.747209405,1.001591583276684,1150.4338869216308,1984.5312450314239,-1.7668349
M4_block_alpha_full_response,4,-0.7977386036277475,0.6363868797179485,FALSE,group_mu_alpha_volatile_raw,mu_alpha_raw[2],-1.2531523636277475,-1.2660665500000001,-1.948859085,-0.5303983585000004,1.0050107559277677,860.0642190876009,1578.7119451587048,-0.45541376
M4_block_alpha_full_response,4,-0.647346314325,0.4190572506701617,FALSE,group_sigma_alpha_stable_raw,sigma_alpha_raw[1],2.345417085675,2.3275476,1.85478028,2.91798999,1.0003978328275611,2420.981831872688,2858.4392697031844,2.9927634
M4_block_alpha_full_response,4,-0.382303001825,0.14615558520440594,TRUE,group_sigma_alpha_volatile_raw,sigma_alpha_raw[2],2.245778698175,2.2191516,1.7382129000000002,2.8155435250000003,1.0006642981714267,2288.3907762172826,2820.1015147635662,2.6280817
M4_block_alpha_full_response,4,-0.11685091070514675,0.01365413533262218,TRUE,group_mu_beta_raw,mu_beta_raw,0.29759134929485326,0.31014387499999996,-0.09804587124999997,0.6397341204999999,1.0037384006882921,508.49159933501153,1164.0224978545268,0.41444226
M4_block_alpha_full_response,4,-0.38133695685,0.14541787465961878,FALSE,group_sigma_beta_raw,sigma_beta_raw,1.49142744315,1.47903595,1.2114864000000003,1.82633881,1.003547325635396,1210.1328526393654,1822.657369287328,1.8727644
M4_block_alpha_full_response,4,-0.14137347506767994,0.01998645945271192,TRUE,alpha_stable,"alpha[1,1]",0.60554691493232,0.6851488699999999,0.05853418385,0.968055511,1.0006185016166715,5100.60098741623,2867.940488925638,0.74692039
M4_block_alpha_full_response,4,-0.1809264607564395,0.032734384201851444,TRUE,alpha_stable,"alpha[2,1]",0.1650013392435605,0.060463015,0.0017381657100000003,0.726463275,0.9996593425976503,7148.116683277017,2702.6034109380744,0.3459278
M4_block_alpha_full_response,4,0.005137744555688625,2.6396419119508108e-5,TRUE,alpha_stable,"alpha[3,1]",0.006833869955688625,0.0044322445,3.79185863e-4,0.020458606449999993,1.0000639840485963,4978.766184077067,2504.8207831061477,0.0016961254
M4_block_alpha_full_response,4,-0.15884610041425007,0.025232083616814015,TRUE,alpha_stable,"alpha[4,1]",0.65853816958575,0.660535305,0.389939467,0.9199464345,1.0011828388888202,4975.670335138009,2520.9752831936867,0.81738427
M4_block_alpha_full_response,4,-0.3111172073508165,0.09679391670977094,TRUE,alpha_stable,"alpha[5,1]",0.23422036264918353,0.109069725,0.00213952032,0.8402046504999997,1.0001135761984357,5310.798175473467,2514.8209642948223,0.54533757
M4_block_alpha_full_response,4,-0.37747571786418,0.14248791757707802,TRUE,alpha_stable,"alpha[6,1]",0.36067172213582,0.29110530999999995,0.03251615965,0.8939781525,0.9997714844636769,5150.310317577126,2511.6223535204444,0.73814744
M4_block_alpha_full_response,4,0.13673496400305674,0.01869645038091722,TRUE,alpha_stable,"alpha[7,1]",0.22530673900305676,0.12915533,0.0037426355400000002,0.7785667739999995,1.0005662077656161,5660.088543958471,2627.959291403293,0.088571775
M4_block_alpha_full_response,4,-0.5865797643028116,0.34407581988954195,TRUE,alpha_stable,"alpha[8,1]",0.2078932256971885,0.09598741150000001,0.001754918325,0.8118357459999997,1.0004025777463024,6074.401018914574,2597.364283929647,0.79447299
M4_block_alpha_full_response,4,-0.13842848956369952,0.019162446722887267,TRUE,alpha_stable,"alpha[9,1]",0.2091984204363005,0.073972926,0.001418792125,0.8582425169999999,0.9996653524686583,6203.289284048285,3436.35476711306,0.34762691
M4_block_alpha_full_response,4,0.0026497991492576253,7.021435531406435e-6,FALSE,alpha_stable,"alpha[10,1]",0.002667559722257625,0.0022529687,2.103487705e-4,0.006784806645,0.9998237911005835,3937.683948267939,2575.298627343598,1.7760573e-5
M4_block_alpha_full_response,4,0.18685458070588226,0.03491463433077107,TRUE,alpha_stable,"alpha[11,1]",0.3305443707058823,0.22609911,0.0047517352050000005,0.904055504,0.9998254834128814,3886.7351557500047,2961.483017186558,0.14368979
M4_block_alpha_full_response,4,0.0057519907388075,3.308539745932725e-5,TRUE,alpha_stable,"alpha[12,1]",0.0828819457388075,0.06429797400000001,0.016150735850000004,0.20828783399999995,1.0015308143065755,7531.182561320721,2353.979449655916,0.077129955
M4_block_alpha_full_response,4,0.10602672091555251,0.01124166554810446,TRUE,alpha_stable,"alpha[13,1]",0.14260133191555252,0.058112039000000004,0.00153552574,0.6027200019999992,1.0000048007883704,6541.642647594208,2771.18989520008,0.036574611
M4_block_alpha_full_response,4,0.139310988108701,0.01940755140782263,TRUE,alpha_stable,"alpha[14,1]",0.166845789108701,0.056037487999999996,0.0013683263599999999,0.7424163164999998,1.002373761452472,6662.337847948946,2956.8178714894207,0.027534801
M4_block_alpha_full_response,4,0.25191978710001006,0.0634635791325144,TRUE,alpha_stable,"alpha[15,1]",0.68793691710001,0.72384563,0.22031769200000006,0.9646330155,1.0023006746023502,4877.815834883434,2006.0741791544829,0.43601713
M4_block_alpha_full_response,4,0.15132248352754968,0.022898494020945542,TRUE,alpha_stable,"alpha[16,1]",0.15635311562754967,0.0420827225,8.671220385000003e-4,0.7344299004999998,0.9999680356363078,6441.578957785975,2983.440244761404,0.0050306321
M4_block_alpha_full_response,4,-0.13951350654642952,0.01946401850888063,TRUE,alpha_stable,"alpha[17,1]",0.1695315934535705,0.0640231295,0.0015634288800000006,0.7331552119999996,0.9994982411096061,6466.529052791329,2817.5227620857686,0.3090451
M4_block_alpha_full_response,4,0.05085177972325175,0.002585903501022118,TRUE,alpha_stable,"alpha[18,1]",0.11776088672325175,0.074343534,0.005807000175,0.3695134849999999,1.0011448326511396,6803.084418469146,2270.810366956652,0.066909107
M4_block_alpha_full_response,4,0.10038298846775302,0.010076744373717037,TRUE,alpha_stable,"alpha[19,1]",0.11762658846775302,0.032161096,8.692836065e-4,0.6055646174999996,1.0004227877410943,6171.9286711218365,3086.4550679878967,0.0172436
M4_block_alpha_full_response,4,0.186197181430997,0.034669390372847615,TRUE,alpha_stable,"alpha[20,1]",0.191630766530997,0.081716207,0.00138139637,0.7604862089999994,1.000096680283525,6074.038389441065,2505.455339235625,0.0054335851
M4_block_alpha_full_response,4,-0.6293028480590085,0.3960220745751795,TRUE,alpha_stable,"alpha[21,1]",0.23129342194099153,0.0267968295,9.585825325000001e-4,0.9085852175,1.002133351592145,2012.1994515351255,3542.9078992071186,0.86059627
M4_block_alpha_full_response,4,-0.39090012963058396,0.15280291134520735,TRUE,alpha_stable,"alpha[22,1]",0.259147100369416,0.11167833499999999,0.0024071494000000005,0.9021797414999999,1.0004100856793885,5865.4755834803145,2639.0865518723876,0.65004723
M4_block_alpha_full_response,4,0.0018773427903377748,3.524415952433222e-6,TRUE,alpha_stable,"alpha[23,1]",0.003607124290337775,0.0029928690500000002,3.0570681100000006e-4,0.008932039994999998,1.001247815380817,4404.4807103722505,2597.978787470797,0.0017297815
M4_block_alpha_full_response,4,0.15891174863812502,0.02525294385522663,TRUE,alpha_stable,"alpha[24,1]",0.212361972638125,0.17756138500000002,0.04496231475,0.4915475064999996,1.00052977660482,7878.95354681506,2786.675672336797,0.053450224
M4_block_alpha_full_response,4,-0.5017303849950749,0.2517333792273061,TRUE,alpha_stable,"alpha[25,1]",0.281819925004925,0.16279322499999999,0.0015200470800000002,0.8898112839999998,1.001502915579676,5419.072931635211,2863.806422917373,0.78355031
M4_block_alpha_full_response,4,0.004176712969855126,1.7444931232556024e-5,TRUE,alpha_stable,"alpha[26,1]",0.005043133229855125,0.0042748514500000005,4.850258280000001e-4,0.012218504949999997,1.0002137750583997,3213.703171967007,2551.2820548102086,8.6642026e-4
M4_block_alpha_full_response,4,0.020626467885586253,4.2545117743512104e-4,TRUE,alpha_stable,"alpha[27,1]",0.02213370388558625,0.0074781442,5.06396672e-4,0.0901980949,1.0004942776034618,5031.696531883229,3356.497745277768,0.001507236
M4_block_alpha_full_response,4,-0.11314458851796558,0.012801697910899749,TRUE,alpha_stable,"alpha[28,1]",0.14636993148203445,0.046788152,0.0012812836250000001,0.6960500709999993,1.0016811481457089,6447.164345724895,2478.04869731083,0.25951452
M4_block_alpha_full_response,4,-0.5698916004280256,0.32477643623841634,TRUE,alpha_stable,"alpha[29,1]",0.17629016957197444,0.058782455,0.001267142105,0.7477984019999993,0.9994934734224862,6498.214922390172,3220.703252388381,0.74618177
M4_block_alpha_full_response,4,-0.39209687115925473,0.1537399563728772,TRUE,alpha_stable,"alpha[30,1]",0.18750070884074524,0.018703333500000002,6.28044903e-4,0.9079823114999993,1.0033610989660127,1979.3462726371226,3082.150845688297,0.57959758
M4_block_alpha_full_response,4,-0.0994775823800885,0.009895789396187293,TRUE,alpha_stable,"alpha[31,1]",0.0891394476199115,0.0425114995,0.00240983032,0.3409862954999997,0.9999017864622001,4371.682612738506,1857.1624774760962,0.18861703
M4_block_alpha_full_response,4,-0.23552869263656048,0.05547376505508738,TRUE,alpha_stable,"alpha[32,1]",0.2377985473634395,0.19194539,0.008009969085000002,0.6298701739999999,1.0021833867238077,4364.674822813371,1801.1156760149968,0.47332724
M4_block_alpha_full_response,4,0.20739111547612116,0.043011074778429824,TRUE,alpha_stable,"alpha[33,1]",0.23872434947612114,0.093493502,0.00146856418,0.8767500689999999,1.0006484997830527,6391.6191319302925,2519.9722456202016,0.031333234
M4_block_alpha_full_response,4,0.042249519464419724,0.0017850218949743812,FALSE,alpha_stable,"alpha[34,1]",0.042258839004519724,0.019559766,0.00091217699100000005,0.1594361764999998,1.0006979421582,6368.103459888923,2171.4257320488027,9.3195401e-6
M4_block_alpha_full_response,4,0.00434752333673875,1.890095916348803e-5,TRUE,alpha_stable,"alpha[35,1]",0.00630623413673875,0.00579765315,0.0014716767450000002,0.012859548549999997,1.000487980089123,3884.4158939203276,2420.757036181862,0.0019587108
M4_block_alpha_full_response,4,-0.010766550101181022,1.1591860108124107e-4,TRUE,alpha_stable,"alpha[36,1]",0.186800419898819,0.0662677845,0.001579101425,0.797783714999999,1.001056016541638,6261.169829491324,2797.0508667397476,0.19756697
M4_block_alpha_full_response,4,0.18488932974777714,0.034184064254582265,TRUE,alpha_stable,"alpha[37,1]",0.18717878004777713,0.068898162,0.00160608909,0.797158762,1.0005578977025815,6095.013536633084,2747.114784044288,0.0022894503
M4_block_alpha_full_response,4,-0.6425543166818822,0.4128760498865206,FALSE,alpha_stable,"alpha[38,1]",0.22575189331811774,0.16744481,0.0045113195,0.6749208539999996,1.001346773748083,3951.794407122069,2602.15722225449,0.86830621
M4_block_alpha_full_response,4,-0.004312636433944528,1.8598833011385772e-5,TRUE,alpha_stable,"alpha[39,1]",0.16406113356605548,0.12627914,0.0046228895950000005,0.4611914299999999,1.0002873723716208,4351.428812769256,2657.3318293535867,0.16837377
M4_block_alpha_full_response,4,0.001728378763735045,2.987293150930283e-6,FALSE,alpha_stable,"alpha[40,1]",0.001817638947735045,0.0012978537,1.1484461400000001e-4,0.00524468161,0.9995425095359789,6270.4068377332205,2864.6939194918323,8.9260184e-5
M4_block_alpha_full_response,4,-0.4607539070852835,0.21229416289435407,TRUE,alpha_stable,"alpha[41,1]",0.1592297929147165,0.0553603115,0.00132932149,0.7276822384999987,1.0005118736737582,7271.884146256168,2795.7212877878114,0.6199837
M4_block_alpha_full_response,4,0.0981261604192525,0.009628743358624875,TRUE,alpha_stable,"alpha[42,1]",0.1117880584192525,0.040322138,0.00162312966,0.5312274344999997,1.0022866733929057,5856.40302540644,2685.3228102912813,0.013661898
M4_block_alpha_full_response,4,0.04449551908027902,0.001979851218223474,TRUE,alpha_stable,"alpha[43,1]",0.237823859080279,0.18094165499999998,0.0248247781,0.6765466369999996,1.0003634435421171,4680.687372423376,2430.2662616370144,0.19332834
M4_block_alpha_full_response,4,0.1012202564305116,0.010245540311858524,TRUE,alpha_stable,"alpha[44,1]",0.1812679854305116,0.0953079525,0.00972632972,0.6386095079999998,1.0012213686403426,5887.869385685606,2547.4093190088497,0.080047729
M4_block_alpha_full_response,4,-0.12816146432693776,0.01642536093842494,TRUE,alpha_stable,"alpha[45,1]",0.11379340567306225,0.084100976,0.01131238585,0.3274291264999999,1.0015675760247704,4364.600290727532,2144.6411490734117,0.24195487
M4_block_alpha_full_response,4,0.07732874008321501,0.005979734042857424,TRUE,alpha_stable,"alpha[46,1]",0.164123677083215,0.146883405,0.0401743276,0.35116524549999995,1.002188540263589,7358.515183138099,2690.2297122195105,0.086794937
M4_block_alpha_full_response,4,-0.1578056199642088,0.024902613692288297,TRUE,alpha_stable,"alpha[47,1]",0.2049866700357912,0.0974531545,0.002107349880000001,0.7760487624999997,1.0004529569209626,6318.7368643500495,2385.1328895817983,0.36279229
M4_block_alpha_full_response,4,0.1560816373030912,0.024361477503213706,TRUE,alpha_stable,"alpha[48,1]",0.15948854030309118,0.034725804,0.00101813544,0.7695742819999999,0.9999718551798605,6831.095191443531,3315.0146746235027,0.003406903
M4_block_alpha_full_response,4,-0.4911113380966148,0.24119034640704748,FALSE,alpha_stable,"alpha[49,1]",0.1343250319033852,0.043870772,0.00118411685,0.6236996219999998,1.0031979557479145,5956.4381070550335,2893.79572270402,0.62543637
M4_block_alpha_full_response,4,-0.277103581368212,0.07678639480708929,TRUE,alpha_stable,"alpha[50,1]",0.496551508631788,0.52340908,0.01352878980000001,0.9319725529999997,1.0017965812765448,4180.072492210102,2292.881131280409,0.77365509
M4_block_alpha_full_response,4,-0.01394401962134001,1.9443568320031516e-4,TRUE,alpha_stable,"alpha[51,1]",0.06264658937866,0.02870809,0.00440509427,0.2681933135,1.0011629330105858,4582.068926745698,2669.0208464324164,0.076590609
M4_block_alpha_full_response,4,-0.11944473812666326,0.014267045466147163,FALSE,alpha_stable,"alpha[52,1]",0.12041011187333675,0.117476605,0.02419753285000001,0.22536677299999994,1.0024956450353861,3999.223339317476,1673.7232331445032,0.23985485
M4_block_alpha_full_response,4,-0.4716804389222873,0.2224824364619216,TRUE,alpha_stable,"alpha[53,1]",0.13347578107771277,0.034806363,9.33911011e-4,0.6691962359999996,1.0001954596333575,5520.714411944338,2741.2774406895637,0.60515622
M4_block_alpha_full_response,4,0.1405941916555675,0.019766726727282444,TRUE,alpha_stable,"alpha[54,1]",0.1514404106555675,0.0578338335,0.0011809557900000001,0.6350850614999999,0.9996046454739578,5145.136459214571,3074.232603452907,0.010846219
M4_block_alpha_full_response,4,-0.8151824475434984,0.6645224227830085,FALSE,alpha_stable,"alpha[55,1]",0.1681665124565016,0.0530559195,0.0015194272150000003,0.7808380639999997,1.0014961319800535,5524.029167157525,3160.2269301145197,0.98334896
M4_block_alpha_full_response,4,0.13851478227289582,0.019186344908107732,TRUE,alpha_stable,"alpha[56,1]",0.14009636157289582,0.0328491025,7.183524525e-4,0.6849798304999989,1.000449005867283,5732.955915450891,2810.4582510306486,0.0015815793
M4_block_alpha_full_response,4,0.0198880817474046,3.9553579559144795e-4,TRUE,alpha_stable,"alpha[57,1]",0.1064979787474046,0.024328042,7.56125159e-4,0.5448684784999998,1.0002406288907784,5794.996716979508,2702.8803939248837,0.086609897
M4_block_alpha_full_response,4,0.240574672269,0.05787617293733676,TRUE,alpha_stable,"alpha[58,1]",0.469381812269,0.452618435,0.134803136,0.8553451395,1.0006821517218967,7570.287828798494,2878.1187566325093,0.22880714
M4_block_alpha_full_response,4,0.004645562251750002,2.1581248634884547e-5,TRUE,alpha_stable,"alpha[59,1]",0.07147963025175,0.068010424,0.0369690292,0.11926582949999999,1.0010611873876962,5889.1762598630385,3384.3188475008424,0.066834068
M4_block_alpha_full_response,4,0.02287802468200001,5.234040133502016e-4,TRUE,alpha_stable,"alpha[60,1]",0.437874844682,0.432044115,0.30317223350000005,0.5910754759999999,1.0005656751612235,5015.370097014228,3731.91560768181,0.41499682
M4_block_alpha_full_response,4,0.024024543724196,5.771787011558054e-4,TRUE,alpha_stable,"alpha[61,1]",0.025669030224196,0.018392699499999998,0.00137008714,0.07303137674999993,1.0007818759837421,5735.589020639174,2514.4954014768778,0.0016444865
M4_block_alpha_full_response,4,0.11810998063969175,0.01394996752670836,TRUE,alpha_stable,"alpha[62,1]",0.12144928093969175,0.0420471825,0.001012387925,0.5593062949999998,0.999428223385781,6614.476121801731,3269.3164739363306,0.0033393003
M4_block_alpha_full_response,4,-0.334444734048,0.11185328013243746,FALSE,alpha_stable,"alpha[63,1]",0.517128465952,0.5262261349999999,0.150701834,0.811121978,1.0001803021774744,3456.049614174895,1984.783955681882,0.8515732
M4_block_alpha_full_response,4,-0.6266237399693111,0.3926573114931268,FALSE,alpha_stable,"alpha[64,1]",0.350138040030689,0.29402708,0.003053852265000001,0.8891948664999997,1.0004979518669423,4156.5777198119395,2638.1603027504584,0.97676178
M4_block_alpha_full_response,4,-0.14446457322599493,0.02087001291736885,TRUE,alpha_stable,"alpha[65,1]",0.376979456774005,0.32069786499999997,0.031878576150000004,0.8959562554999998,1.0013945922182406,4469.52342863766,2696.228805098953,0.52144403
M4_block_alpha_full_response,4,0.277250165624925,0.07686765433904834,FALSE,alpha_volatile,"alpha[1,2]",0.378381545624925,0.35133052,0.1134545205,0.7503908854999999,1.0008653893850517,4434.390495259684,2058.330464209398,0.10113138
M4_block_alpha_full_response,4,-0.10412458561628785,0.010841929329763658,TRUE,alpha_volatile,"alpha[2,2]",0.24689030438371218,0.12489402499999999,0.00543007837,0.8725458584999999,1.0018532636567044,4679.825181635203,2573.25162964,0.35101489
M4_block_alpha_full_response,4,-0.0031116701698575,9.682491245981003e-6,TRUE,alpha_volatile,"alpha[3,2]",0.0344080728301425,0.0316899875,0.005859865155,0.07278089284999997,1.0014175300312065,4332.879836197097,2392.8493162866266,0.037519743
M4_block_alpha_full_response,4,0.08496008592000004,0.007218216199533789,TRUE,alpha_volatile,"alpha[4,2]",0.47121208592,0.45998788,0.275000802,0.6989220964999998,1.0004441760827192,7041.330880589116,2819.427912077563,0.386252
M4_block_alpha_full_response,4,-0.05424582351866225,0.0029426093692178504,TRUE,alpha_volatile,"alpha[5,2]",0.3094094564813378,0.164029925,0.00338984227,0.9270387409999999,1.0006173751223857,4810.978144824383,3244.172802523374,0.36365528
M4_block_alpha_full_response,4,-0.30194625109273743,0.09117153854895844,TRUE,alpha_volatile,"alpha[6,2]",0.6543946989072625,0.7620005400000001,0.043353930400000004,0.982408618,1.002324550964132,3104.7560213445836,2910.183463636776,0.95634095
M4_block_alpha_full_response,4,0.2601578843252725,0.06768212477660186,TRUE,alpha_volatile,"alpha[7,2]",0.3013770253252725,0.152141015,0.0037294342,0.9318010599999998,0.9997886106440601,4425.434385248647,3320.973493240683,0.041219141
M4_block_alpha_full_response,4,-0.23546892311576248,0.05544561375329686,TRUE,alpha_volatile,"alpha[8,2]",0.1931800268842375,0.0843909315,0.003609946135,0.7832200094999997,1.0017943572403858,4735.969560141961,2509.620034498402,0.42864895
M4_block_alpha_full_response,4,-0.5677563661457548,0.32234729129903233,TRUE,alpha_volatile,"alpha[9,2]",0.27893109385424525,0.13402081500000002,0.00448873055,0.9139259464999999,0.9996703090977733,5563.546878436848,3300.284451590921,0.84668746
M4_block_alpha_full_response,4,0.0126661382835975,0.00016043105901921424,TRUE,alpha_volatile,"alpha[10,2]",0.0192392116835975,0.017744127,0.0027858644900000005,0.04033583284999998,1.0003190885773672,4103.918543503187,2248.81254655742,0.0065730734
M4_block_alpha_full_response,4,0.067377884849615,0.004539779366807979,TRUE,alpha_volatile,"alpha[11,2]",0.084256789849615,0.028759892000000002,0.00140422919,0.3870940464999999,1.0006192324670902,3450.0146456826205,2435.3791205668845,0.016878905
M4_block_alpha_full_response,4,-0.0032897192487000015,1.0822252735267302e-5,TRUE,alpha_volatile,"alpha[12,2]",0.1286975707513,0.12057824,0.0554889517,0.22542454449999996,1.0009428599076682,6596.385922589261,2818.039171666048,0.13198729
M4_block_alpha_full_response,4,-0.014759367941314716,2.178389420271086e-4,TRUE,alpha_volatile,"alpha[13,2]",0.31891852205868526,0.214389375,0.006490663470000001,0.9198477199999999,1.0011847684649442,6028.221591815215,2649.6175482797207,0.33367789
M4_block_alpha_full_response,4,-0.5946669514385214,0.3536287831331848,TRUE,alpha_volatile,"alpha[14,2]",0.3288924185614785,0.214872735,0.005730872905,0.9247786154999997,1.000053932112615,6873.920216255152,2971.907298162613,0.92355937
M4_block_alpha_full_response,4,-0.06777419540039997,0.0045933415621715965,TRUE,alpha_volatile,"alpha[15,2]",0.4835874145996,0.48343763,0.162423577,0.804830975,1.0009775250373378,6113.050531791952,2414.3905803773814,0.55136161
M4_block_alpha_full_response,4,-0.30410595786070177,0.09248043360637492,TRUE,alpha_volatile,"alpha[16,2]",0.27827406213929823,0.14152450500000002,0.00461437353,0.9155514149999999,1.0000234549758864,5983.213166409987,2994.9232324561895,0.58238002
M4_block_alpha_full_response,4,0.003988739074527237,1.5910039404660397e-5,TRUE,alpha_volatile,"alpha[17,2]",0.43273461907452726,0.38566352000000004,0.012232499550000001,0.960607385,1.0006619583091234,5132.93646461553,2637.5014915590327,0.42874588
M4_block_alpha_full_response,4,0.074677016986325,0.005576656865975874,TRUE,alpha_volatile,"alpha[18,2]",0.397719716986325,0.39062695999999997,0.1531419625,0.6551057714999997,0.9997880768521892,4778.326685814796,2095.3355027256507,0.3230427
M4_block_alpha_full_response,4,-0.6189407722997726,0.383087679615039,FALSE,alpha_volatile,"alpha[19,2]",0.35140350770022727,0.232148395,0.00669881142,0.9416195094999998,1.0005192080832588,7034.688259890961,2805.292599498954,0.97034428
M4_block_alpha_full_response,4,-0.23041426267815773,0.053090732445519075,TRUE,alpha_volatile,"alpha[20,2]",0.25421004732184227,0.12208481,0.00440572735,0.8734443724999997,1.0018378979116858,6291.415866391938,3207.05964368538,0.48462431
M4_block_alpha_full_response,4,-0.13651265568327497,0.018635705161700388,TRUE,alpha_volatile,"alpha[21,2]",0.698790454316725,0.72795325,0.321097793,0.9751019059999999,1.0001637578212372,4660.102945882497,2782.7733684814807,0.83530311
M4_block_alpha_full_response,4,-0.3233752802542888,0.10457157187953982,TRUE,alpha_volatile,"alpha[22,2]",0.27875926974571125,0.15151536,0.00430328534,0.9070080274999999,0.999812183017744,5826.301091030793,2698.716807406264,0.60213455
M4_block_alpha_full_response,4,0.012265905116993998,1.5045242833909954e-4,TRUE,alpha_volatile,"alpha[23,2]",0.022282656116994,0.020663471000000003,0.00324170958,0.047157666999999966,1.0003746122280008,4174.950076269143,2086.3590146661604,0.010016751
M4_block_alpha_full_response,4,-0.027997225487500055,7.838446349979226e-4,TRUE,alpha_volatile,"alpha[24,2]",0.8604354445125,0.886921515,0.6407769350000001,0.9893644485,0.9996197716981519,5089.646436130204,2571.4632682959177,0.88843267
M4_block_alpha_full_response,4,-0.5497682693552988,0.30224514998992036,FALSE,alpha_volatile,"alpha[25,2]",0.44934099064470123,0.42609454999999996,0.016076689700000004,0.956240651,1.0003714703726945,4505.551312491481,2778.619029890633,0.99910926
M4_block_alpha_full_response,4,0.0189913439985985,3.6067114687310327e-4,TRUE,alpha_volatile,"alpha[26,2]",0.0297417959985985,0.0286320805,0.0056840894800000005,0.05822586855,1.0009846365614474,3370.891578597794,1954.0315060704152,0.010750452
M4_block_alpha_full_response,4,0.0189962962569255,3.608592714808818e-4,TRUE,alpha_volatile,"alpha[27,2]",0.0237904984569255,0.0146917465,0.0013312601050000001,0.06660487609999999,1.0003884744104425,4257.532304177929,2473.1115128227334,0.0047942022
M4_block_alpha_full_response,4,0.11938463256055498,0.014252690491618725,TRUE,alpha_volatile,"alpha[28,2]",0.347932562560555,0.23765931,0.007030023105000001,0.943213559,1.0010350310789817,6499.453644123867,3128.846276537346,0.22854793
M4_block_alpha_full_response,4,-0.3044048195065805,0.09266229413883385,TRUE,alpha_volatile,"alpha[29,2]",0.4521772704934195,0.43531334499999996,0.012490527200000006,0.9593055659999999,1.0000398067360894,5525.620244052442,2854.538717549682,0.75658209
M4_block_alpha_full_response,4,-0.5404448821217548,0.2920806706115974,FALSE,alpha_volatile,"alpha[30,2]",0.42289097787824526,0.40542639999999996,0.020185182800000003,0.9096247519999996,1.0023571144693637,4133.277595330492,2813.874774391676,0.96333586
M4_block_alpha_full_response,4,-0.11784481481896,0.013887400379714976,TRUE,alpha_volatile,"alpha[31,2]",0.09943487518104,0.051692547500000005,0.005545264479999999,0.3911829919999994,1.0005278107671685,3345.801243633752,1777.7962292668371,0.21727969
M4_block_alpha_full_response,4,-0.1831902122047251,0.03355865384761221,TRUE,alpha_volatile,"alpha[32,2]",0.754658677795275,0.8147419250000001,0.331709375,0.9827324275,1.0016735128921939,5448.519735163399,2283.620755518944,0.93784889
M4_block_alpha_full_response,4,-0.337492478221144,0.11390117285584934,TRUE,alpha_volatile,"alpha[33,2]",0.251433551778856,0.12755194,0.003997164485,0.8790941419999999,1.0004780261165416,5547.291759640583,2393.376756921417,0.58892603
M4_block_alpha_full_response,4,0.02022458993499998,4.0903403803890255e-4,TRUE,alpha_volatile,"alpha[34,2]",0.836397359935,0.8718958450000001,0.5585785735,0.9896934265,0.999525275996416,5800.443072556685,3042.0636592488427,0.81617277
M4_block_alpha_full_response,4,0.005199340952601999,2.7033146341404266e-5,TRUE,alpha_volatile,"alpha[35,2]",0.011316205252602,0.0105470185,0.001612295545,0.02440936154999999,0.9999943858683096,4266.6000119037635,2800.5861154648646,0.0061168643
M4_block_alpha_full_response,4,-0.0736819986286088,0.005429036921906309,TRUE,alpha_volatile,"alpha[36,2]",0.2838356413713912,0.168142405,0.004411636540000001,0.8867737889999997,1.0003857566171472,6275.842409468289,2915.501882902135,0.35751764
M4_block_alpha_full_response,4,0.230603668036495,0.05317805171188599,TRUE,alpha_volatile,"alpha[37,2]",0.334960948036495,0.22414053,0.00787870308,0.9314992125000001,1.0000630306473577,5522.592336951553,2838.8074098052793,0.10435728
M4_block_alpha_full_response,4,-0.17931812649768997,0.03215499049064154,TRUE,alpha_volatile,"alpha[38,2]",0.32881463350231,0.215665595,0.031987627350000006,0.888243071,1.0004865491643358,4534.008794637265,2917.2311608447294,0.50813276
M4_block_alpha_full_response,4,0.1404439674747835,0.019724508000058042,TRUE,alpha_volatile,"alpha[39,2]",0.2237251094747835,0.115094875,0.009621312475000001,0.7882640154999987,1.0013389786432496,5507.011545775594,2585.4918831667005,0.083281142
M4_block_alpha_full_response,4,0.09716598801377499,0.009441229226693064,FALSE,alpha_volatile,"alpha[40,2]",0.122026442013775,0.113841985,0.04690052665000001,0.22869789549999997,1.0004831795859688,6030.967464940635,2464.362129853793,0.024860454
M4_block_alpha_full_response,4,-0.5273135231085975,0.27805955165320134,TRUE,alpha_volatile,"alpha[41,2]",0.3330133368914025,0.2173969,0.006410307855,0.9291654779999998,1.0017828164902058,6500.958046476934,2768.9983513733678,0.86032686
M4_block_alpha_full_response,4,-0.04368979155022326,0.00190879788570196,TRUE,alpha_volatile,"alpha[42,2]",0.24375413844977675,0.16951011500000002,0.009136323585000002,0.7772973284999998,1.0021049844406398,4069.063305458586,2758.1530216751194,0.28744393
M4_block_alpha_full_response,4,-0.2062278274068775,0.04252991679696086,TRUE,alpha_volatile,"alpha[43,2]",0.4786104725931225,0.47167439499999997,0.15642290450000002,0.835060028,1.0016643945772594,4481.28569654011,2498.898556413335,0.6848383
M4_block_alpha_full_response,4,-0.19451345975790002,0.03783548602698819,TRUE,alpha_volatile,"alpha[44,2]",0.7621314102421,0.81080743,0.34788174650000003,0.9850904325,1.0042836827371924,4905.266131321609,2161.0674930165133,0.95664487
M4_block_alpha_full_response,4,-0.025374226764525,6.438513838975368e-4,TRUE,alpha_volatile,"alpha[45,2]",0.370290243235475,0.32539942499999996,0.1118356465,0.7945208539999985,1.0008415603298022,4412.554196918573,2077.910457862472,0.39566447
M4_block_alpha_full_response,4,0.12248947571375002,0.015003671660629355,TRUE,alpha_volatile,"alpha[46,2]",0.47379237571375,0.46061847,0.2212304925,0.7825667399999998,1.0007983646913305,6425.788280989451,2858.5612486267637,0.3513029
M4_block_alpha_full_response,4,0.2547063969616295,0.06487534865317518,TRUE,alpha_volatile,"alpha[47,2]",0.2717626679616295,0.11746942499999999,0.0033615917000000004,0.9099345724999998,1.0008265808380237,4556.855296646088,2909.667252420723,0.017056271
M4_block_alpha_full_response,4,0.522703680670981,0.2732191377869909,TRUE,alpha_volatile,"alpha[48,2]",0.569317132670981,0.628980095,0.03190824750000001,0.9753165749999999,1.0013141635586829,5518.610037703126,3037.8589571219122,0.046613452
M4_block_alpha_full_response,4,0.228687261010857,0.05229786334864784,TRUE,alpha_volatile,"alpha[49,2]",0.260242286010857,0.122263065,0.004954439545000001,0.8895566719999997,0.9999500571818495,4199.423218316439,2741.736903008142,0.031555025
M4_block_alpha_full_response,4,-0.13990146533067493,0.01957242000167004,TRUE,alpha_volatile,"alpha[50,2]",0.695340584669325,0.74255128,0.21242913900000002,0.9733600214999999,1.0016332334746665,6905.022944085236,2530.107020840751,0.83524205
M4_block_alpha_full_response,4,-0.003753918091708497,1.4091901039256363e-5,TRUE,alpha_volatile,"alpha[51,2]",0.0543196369082915,0.038870126500000005,0.005741095925000001,0.13991773299999993,1.000345646393671,4517.96321497008,2431.9604122130204,0.058073555
M4_block_alpha_full_response,4,-0.010102711194749252,1.0206477348451185e-4,TRUE,alpha_volatile,"alpha[52,2]",0.02361735180525075,0.0195668305,0.00203270896,0.05673345594999998,1.0000817076951174,4752.513909790472,2117.6651885271385,0.033720063
M4_block_alpha_full_response,4,-0.6239045085969298,0.3892568358475765,FALSE,alpha_volatile,"alpha[53,2]",0.36765972140307024,0.277787705,0.007384735470000001,0.9370485695,1.0001438166265724,6634.087729498736,2639.911656347697,0.99156423
M4_block_alpha_full_response,4,-0.051839682937714016,0.0026873527270827174,TRUE,alpha_volatile,"alpha[54,2]",0.255387047062286,0.12028035000000001,0.005252013570000001,0.8860433034999999,1.0006656428276592,6087.610115741938,3206.4179888516524,0.30722673
M4_block_alpha_full_response,4,-0.51882052062573,0.2691747326223536,FALSE,alpha_volatile,"alpha[55,2]",0.46655521937427,0.45203731,0.022525950450000002,0.9512461675,1.0003051866066872,5176.903877575323,2448.6679514213424,0.98537574000000006
M4_block_alpha_full_response,4,-0.10209103276204873,0.010422578970421707,TRUE,alpha_volatile,"alpha[56,2]",0.31321089723795126,0.24424176,0.022553132400000005,0.843971978,1.0036710000781994,4647.227972841061,2234.749086174807,0.41530193
M4_block_alpha_full_response,4,0.24958771535564772,0.06229402765645183,TRUE,alpha_volatile,"alpha[57,2]",0.3575795553556477,0.22116225,0.005846802895,0.952794591,1.0017566595676086,3342.0753350554833,3114.8112644975713,0.10799184
M4_block_alpha_full_response,4,0.053417942976249994,0.002853476631813896,FALSE,alpha_volatile,"alpha[58,2]",0.08761162897625,0.082081663,0.046541165450000005,0.146475585,0.9999841542791585,5408.728459150761,2750.2891669605124,0.034193686
M4_block_alpha_full_response,4,0.005170409718425001,2.6733136656383698e-5,TRUE,alpha_volatile,"alpha[59,2]",0.084355418718425,0.0809846095,0.04883439915,0.12953012599999994,1.0024963422937196,5385.080094677398,3394.0988716215334,0.079185009
M4_block_alpha_full_response,4,-0.15990701646250005,0.025570253913938263,TRUE,alpha_volatile,"alpha[60,2]",0.3549652335375,0.345115665,0.210171932,0.5284296725,0.9994961930722351,5422.473046300747,2636.542500938613,0.51487225
M4_block_alpha_full_response,4,0.06796326928000002,0.004619005971225794,TRUE,alpha_volatile,"alpha[61,2]",0.34521074928,0.3260031,0.20928143350000003,0.5478679019999997,1.001016295177678,5357.71438693878,2402.4429821743597,0.27724748
M4_block_alpha_full_response,4,-0.024555748347525497,6.029847769070012e-4,TRUE,alpha_volatile,"alpha[62,2]",0.3185055516524745,0.21878511,0.006461921860000001,0.915218852,1.0012296783673964,5966.709311367214,2536.7307751136514,0.3430613
M4_block_alpha_full_response,4,-0.3140626658025,0.09863535805097279,FALSE,alpha_volatile,"alpha[63,2]",0.6651920741975,0.665513175,0.39684289899999997,0.9290052039999998,1.0002748353482407,4609.858033603539,2356.9882535846014,0.97925474
M4_block_alpha_full_response,4,-0.22295255183527507,0.04970784036986102,TRUE,alpha_volatile,"alpha[64,2]",0.665513438164725,0.704016865,0.222688406,0.964740921,1.001850352158306,5176.654031648181,2752.535533184356,0.88846599
M4_block_alpha_full_response,4,0.10717046048945875,0.011485507601522638,TRUE,alpha_volatile,"alpha[65,2]",0.15663936148945876,0.042950943,0.00410453387,0.7582420434999997,1.0017119824819731,2699.2089576294497,2475.5153664911436,0.049468901
M4_block_alpha_full_response,4,0.764403250845,0.5843123299024041,TRUE,beta,beta[1],3.178563150845,3.1590447,1.9611145600000002,4.495203860000001,1.000746570410522,4591.98527408269,2788.2961064356173,2.4141599
M4_block_alpha_full_response,4,0.404722775522925,0.16380052502697995,TRUE,beta,beta[2],0.477273043522925,0.39599237499999995,0.061949228749999995,1.1607128399999997,0.9999902663610442,4679.152291357719,2914.619481700667,0.072550268
M4_block_alpha_full_response,4,1.6820174878249996,2.8291828293491226,FALSE,beta,beta[3],5.080051387825,5.0488397,3.445243725,6.8400137449999985,1.0008527370822624,5849.481694910048,3320.5254651649925,3.3980339
M4_block_alpha_full_response,4,0.06663696097499994,0.004440484567983664,TRUE,beta,beta[4],4.444614860975,4.38811685,3.030456125,6.106779314999999,0.9998872852753228,4125.217230669699,3316.9004372901577,4.3779779
M4_block_alpha_full_response,4,-0.10727130892862746,0.01150713371926103,TRUE,beta,beta[5],0.5293643310713725,0.462455415,0.08058171930000001,1.2005505949999997,1.000508968675844,4011.6486534048595,2369.648239809726,0.63663564
M4_block_alpha_full_response,4,-0.2936558203597499,0.08623374083115772,TRUE,beta,beta[6],1.85607717964025,1.8441546500000001,0.8488613595000001,2.9019962599999993,1.000274999271171,4462.381332591534,2018.1056148481377,2.149733
M4_block_alpha_full_response,4,0.30428614732482495,0.09259005945378508,TRUE,beta,beta[7],0.448023207324825,0.37927429,0.06038546905,1.0651040299999992,1.0002665119977687,4112.44659627418,2411.4788382411525,0.14373706
M4_block_alpha_full_response,4,-0.006192175340949957,3.834303545306871e-5,TRUE,beta,beta[8],0.36778064465905,0.29387718500000004,0.0469949572,0.9192057009999998,1.0009287229309993,4220.974564097963,2604.064145131144,0.37397282
M4_block_alpha_full_response,4,0.37086574257425,0.13754139901514986,FALSE,beta,beta[9],0.40551652157425,0.315405005,0.048084883999999994,1.0752061199999998,1.0013971896695564,5842.482124565038,2998.6048478313123,0.034650779
M4_block_alpha_full_response,4,1.5509720290000004,2.405514234740378,TRUE,beta,beta[10],39.155520029,37.562957,23.546809200000002,60.602764149999985,0.9997882372316734,4384.3798366097835,3554.56367202012,37.604548
M4_block_alpha_full_response,4,0.38544039015169995,0.14856429436029467,TRUE,beta,beta[11],1.3299898901517,1.3024643500000002,0.3506851455,2.39302432,1.001385389667926,2850.1901661718675,1621.913730937768,0.9445495
M4_block_alpha_full_response,4,-1.0963620350749999,1.2020097119537951,TRUE,beta,beta[12],4.926443464925,4.87142185,3.142044545,6.90081201,1.0025329482973413,5489.473659539558,3194.9301026605003,6.0228055
M4_block_alpha_full_response,4,0.07503015686974246,0.005629524439898162,TRUE,beta,beta[13],0.4223107068697425,0.32752332,0.047934770249999994,1.1243544649999977,1.0012350088803323,6523.234893901119,2967.2561476057426,0.34728055
M4_block_alpha_full_response,4,0.06009167387334502,0.0036110092689004562,TRUE,beta,beta[14],0.211357443873345,0.16613143,0.0293098962,0.5512120864999999,1.0006056205642804,7319.54890540902,2342.501060816087,0.15126577
M4_block_alpha_full_response,4,-0.01755921139500005,3.083259048142997e-4,TRUE,beta,beta[15],2.919044988605,2.8857071999999997,1.86916882,4.061839825,1.0007466653166657,6318.41295576145,3045.6660549127027,2.9366042
M4_block_alpha_full_response,4,0.28340737559179996,0.08031974053983157,TRUE,beta,beta[16],0.4074452955918,0.325858755,0.05076539270000001,1.0538265099999993,1.0003162791103328,5193.377203997783,2979.8319146840845,0.12403792
M4_block_alpha_full_response,4,0.193339173083825,0.037380035848737246,TRUE,beta,beta[17],0.361962353083825,0.30507340000000005,0.04700489769999999,0.8617090574999999,0.9999687726907924,5635.09129469467,2942.712211785979,0.16862318
M4_block_alpha_full_response,4,0.3790911302325002,0.14371008502095442,TRUE,beta,beta[18],3.1255954302325,3.08987435,1.9375785749999999,4.3877042249999985,1.0004049684415695,5064.473016478259,2644.942267435551,2.7465043
M4_block_alpha_full_response,4,0.34204258898255,0.11699313267788565,TRUE,beta,beta[19],0.45530740898255,0.377135215,0.051782334900000004,1.137641835,1.0011377015715686,4419.978735882519,2636.7153703388162,0.11326482
M4_block_alpha_full_response,4,0.044180608296449986,0.0019519261494443452,TRUE,beta,beta[20],0.70087606829645,0.54449161,0.0709123479,1.9026585649999994,0.9997756955367126,4440.853540426567,2971.974661658397,0.65669546
M4_block_alpha_full_response,4,-0.22659434324750016,0.05134499639176592,TRUE,beta,beta[21],2.1345777567525,2.0883491000000003,0.9795027079999999,3.4548869699999996,1.0003630794511504,2521.0462172499338,1321.0286998942643,2.3611721
M4_block_alpha_full_response,4,-0.06190045115109999,0.003831665852709716,TRUE,beta,beta[22],0.3333243288489,0.26925795500000005,0.043882599550000005,0.837884798999999,1.0008740516522132,5187.313799177195,2917.6391286828866,0.39522478
M4_block_alpha_full_response,4,-0.7850218076750011,0.6162592385253264,TRUE,beta,beta[23],10.151787192325,10.0105845,7.493237525,13.281012549999998,0.9996948681342275,5159.7606323629525,3468.9635138443155,10.936809
M4_block_alpha_full_response,4,0.18447950965000004,0.03403268948070446,TRUE,beta,beta[24],3.46171230965,3.4266901499999998,2.4023322350000003,4.654000460000001,1.0009941477361197,7100.413653756304,2857.8380299969836,3.2772328
M4_block_alpha_full_response,4,-0.410086990100075,0.168171339449339,TRUE,beta,beta[25],0.673300909899925,0.6150973799999999,0.09405855250000002,1.45723126,1.0002994943375516,4299.555441194692,2242.9032121554455,1.0833879
M4_block_alpha_full_response,4,-2.278208737749999,5.190235052760444,TRUE,beta,beta[26],13.06600926225,12.8870215,9.485070319999998,17.30013175,0.9996624435370455,5083.679049342947,3325.2412387424893,15.344218
M4_block_alpha_full_response,4,-1.4704158624150003,2.1621228084416493,TRUE,beta,beta[27],3.498495737585,3.48940525,1.9493977450000002,5.0508115249999985,1.0002044946669186,4641.795544666544,2359.483701354056,4.9689116
M4_block_alpha_full_response,4,0.08428461867407505,0.007103896945034241,TRUE,beta,beta[28],0.514400218674075,0.452953285,0.0708619516,1.1911085799999999,1.0009807670198068,4270.855287433302,2295.5242130583188,0.4301156
M4_block_alpha_full_response,4,0.270240157594425,0.07302974277665965,TRUE,beta,beta[29],1.024395957594425,0.9301411,0.15012006149999998,2.1953447999999987,1.0004632940067155,4171.219949987303,2580.2681755392173,0.7541558
M4_block_alpha_full_response,4,0.7520697211550003,0.5656088654781598,TRUE,beta,beta[30],2.011189621155,1.93669895,0.9724620055000001,3.32105258,1.0012802352051802,2389.109906176203,2047.174970511853,1.2591199
M4_block_alpha_full_response,4,0.42732650281075,0.18260794000446595,TRUE,beta,beta[31],1.44506170281075,1.4176643,0.324305593,2.6907588449999995,1.0013971176915053,2109.5613642391622,1549.7015819641076,1.0177352
M4_block_alpha_full_response,4,0.4273097375902499,0.18259361183944825,TRUE,beta,beta[32],1.87980453759025,1.8614677,1.0700354250000002,2.7253766349999995,0.9997642913999248,5886.198937675688,2704.430844014487,1.4524948
M4_block_alpha_full_response,4,0.21741703464870754,0.047270166955437294,TRUE,beta,beta[33],0.2883865476487075,0.227256095,0.03530524325,0.7614763729999994,1.0001281972935385,5164.340903763087,3070.057471737305,0.070969513
M4_block_alpha_full_response,4,0.277780295915,0.07716189279862495,TRUE,beta,beta[34],2.886168095915,2.8650501999999998,1.7965843000000001,4.0651976649999995,1.0006162423285996,5444.281509251778,2721.945973896832,2.6083878
M4_block_alpha_full_response,4,-2.879901196250003,8.293830900162199,TRUE,beta,beta[35],33.54809780375,31.8988515,20.31502765,53.1213403,1.0022477491742343,5312.378135081325,3053.7177412907013,36.427999
M4_block_alpha_full_response,4,0.08390277204264998,0.007039675156440888,TRUE,beta,beta[36],0.30166570204265,0.2356032,0.03865474915,0.7818728989999996,1.0014866316132114,5535.6804641936205,2894.97991439582,0.21776293
M4_block_alpha_full_response,4,0.351839646115375,0.12379113657859231,FALSE,beta,beta[37],0.358617554615375,0.29455105000000004,0.0436578015,0.8886133689999998,1.0002521050046662,4769.378647317567,2339.492368576161,0.0067779085
M4_block_alpha_full_response,4,-0.44487488135999964,0.19791366006507374,TRUE,beta,beta[38],2.61343281864,2.5209867,1.008468195,4.519536554999999,1.0027332985955217,3030.05989637047,2388.3113797797046,3.0583077
M4_block_alpha_full_response,4,-0.9951702368629998,0.990363800337959,TRUE,beta,beta[39],1.777823963137,1.7260697999999999,0.5979168175,3.1045825949999997,1.0018896494637455,3025.5782257303845,1710.75899738346,2.7729942
M4_block_alpha_full_response,4,-1.1194739383000005,1.2532218985329133,TRUE,beta,beta[40],8.1299347617,8.04996085,5.997813795,10.58758335,1.0003503020679712,5099.654913768914,3196.515558041045,9.2494087
M4_block_alpha_full_response,4,0.175835606118425,0.030918160379033898,TRUE,beta,beta[41],0.224542354118425,0.17660036,0.030400428750000003,0.5944758589999999,0.9998953251456506,5646.512580320597,2310.013867470377,0.048706748
M4_block_alpha_full_response,4,-0.886542175770775,0.7859570294203797,TRUE,beta,beta[42],1.088992424229225,1.020904,0.1954416905,2.20421489,1.0025850592802248,2334.6502204410476,1570.1646702774044,1.9755346
M4_block_alpha_full_response,4,-0.8426010492799998,0.7099765282477566,TRUE,beta,beta[43],2.92579825072,2.8923912,1.639112145,4.350336094999999,1.0002101099917995,4299.798718508198,2348.9322832611183,3.7683993
M4_block_alpha_full_response,4,-1.05844808208425,1.120312342467827,TRUE,beta,beta[44],1.93012131791575,1.89969295,0.6962416225,3.200710034999999,0.9999583705876399,3044.563291334442,1956.8751832895198,2.9885694
M4_block_alpha_full_response,4,-1.0645525927775,1.1332722227892975,TRUE,beta,beta[45],2.6729601072225,2.64068425,1.292661675,4.15607583,1.0007704569781246,3427.1928354478196,2303.4388668333177,3.7375127
M4_block_alpha_full_response,4,-0.19316158317499976,0.03731139721467235,TRUE,beta,beta[46],4.000051616825,3.96912965,2.5831852150000003,5.517334749999997,1.0006383353968444,5909.101008395696,2687.811635533064,4.1932132
M4_block_alpha_full_response,4,0.4443154379190499,0.19741620837319712,TRUE,beta,beta[47],0.86335871791905,0.7569250750000001,0.12662262400000002,1.9437262149999996,1.0003458842259771,3563.6455483536274,2200.799080756862,0.41904328
M4_block_alpha_full_response,4,0.822883564794275,0.67713736120853385,FALSE,beta,beta[48],0.831776032894275,0.79875725,0.15345931450000003,1.6262904749999996,1.000606488845567,3157.7135119529653,1812.8827731783256,0.0088924681
M4_block_alpha_full_response,4,0.26695021959265,0.07126241974056405,TRUE,beta,beta[49],0.48340601959265,0.39214963,0.0591427997,1.2326936449999992,1.0005754215274516,3769.250249886227,2871.611364895862,0.2164558
M4_block_alpha_full_response,4,0.6851968257375001,0.46949469000074606,TRUE,beta,beta[50],2.3956847257375,2.3816952000000002,1.5495804300000002,3.277908104999999,1.0026908708348767,6107.465853732061,2914.703618399486,1.7104879
M4_block_alpha_full_response,4,1.1458531787325001,1.312979507211375,TRUE,beta,beta[51],3.6556975787325,3.61877835,2.08560007,5.362519434999999,1.0014652377586626,3361.1009524038527,2602.043559790287,2.5098444
M4_block_alpha_full_response,4,0.5155495478749996,0.26579133631411656,TRUE,beta,beta[52],4.931377847875,4.89976465,3.362649285,6.619502664999999,1.0024999848884861,6237.194664768169,2754.660783243142,4.4158283
M4_block_alpha_full_response,4,0.23669265373202497,0.056023412330708275,TRUE,beta,beta[53],0.325928980732025,0.25565309,0.04430895985,0.8453779709999993,1.0005923357601603,4638.866378411424,2608.0079805551118,0.089236327
M4_block_alpha_full_response,4,0.3398668031701,0.11550944389706348,TRUE,beta,beta[54],0.4055877201701,0.326089825,0.05069769995000001,1.0272856199999985,1.0002284723731791,5048.995492117755,2813.060687204494,0.065720917
M4_block_alpha_full_response,4,-0.74652722829875,0.5573029025914139,TRUE,beta,beta[55],0.92348607170125,0.861376565,0.15003682850000002,1.952007385,1.000599188129556,3927.8917475354096,1983.071464147253,1.6700133
M4_block_alpha_full_response,4,0.5839622838343,0.3410119489409716,TRUE,beta,beta[56],0.9692522538343,0.8785873550000001,0.1685525845,2.0622573749999997,1.0010127073012056,3248.246447729553,2205.8978987311693,0.38528997
M4_block_alpha_full_response,4,0.62249679465525,0.3875022593560605,FALSE,beta,beta[57],0.67646157865525,0.57504008,0.09023237340000001,1.6139473349999984,0.9998244722755717,4125.236166921543,2750.8055949627214,0.053964784
M4_block_alpha_full_response,4,0.2422708652999992,0.05869517217321035,TRUE,beta,beta[58],4.8463197653,4.8034068,3.3590956849999998,6.5438790099999995,1.0016137789193278,6131.363565203964,3236.5730095223344,4.6040489000000004
M4_block_alpha_full_response,4,0.11369074262499979,0.012925584958623943,TRUE,beta,beta[59],12.049693742625,11.8688095,8.312578775,16.2837869,1.000207630517931,4464.841356928945,3554.372667914964,11.936003
M4_block_alpha_full_response,4,0.2397766772250005,0.05749285494106208,TRUE,beta,beta[60],9.444084377225,9.226149450000001,6.486287345,13.17737315,1.00002502939964,5250.852116569642,2887.0504999258196,9.2043077
M4_block_alpha_full_response,4,-0.21822162309999982,0.047620676788398375,TRUE,beta,beta[61],5.5411310769,5.4951111,3.82591134,7.436961749999998,1.0009417919522587,6067.1153897196755,3458.076929027286,5.7593527
M4_block_alpha_full_response,4,0.3024728309345,0.09148981345353062,TRUE,beta,beta[62],0.5707827409345,0.48603210500000005,0.07813506190000001,1.31540134,0.9999821160858061,4920.020328321539,2572.630093993795,0.26830991
M4_block_alpha_full_response,4,0.7492795550249998,0.5614198515784616,TRUE,beta,beta[63],4.986449055025,4.9193728,3.451077085,6.734725829999998,0.9996741676546131,5000.723289129257,2921.9064414073946,4.2371695
M4_block_alpha_full_response,4,1.1084400531874998,1.2286393515103073,FALSE,beta,beta[64],2.0738169631875,2.04520385,1.16192845,3.07788508,1.0013908653593024,6414.809894058409,2402.851586372862,0.96537691
M4_block_alpha_full_response,4,-0.047542888104499914,0.0022603262093169995,TRUE,beta,beta[65],1.7592502118955,1.7159261,0.5852179860000001,3.0756762049999984,1.001206071609598,2234.0050009196484,1780.0982041963175,1.8067931
M4_block_alpha_full_response,4,-0.2059426462099999,0.04241237352797719,FALSE,group_mu_rho,mu_rho[1],0.51554081379,0.517382625,0.3663957405,0.6614407919999999,1.003778211587369,681.4626373821809,1147.1111385643221,0.72148346
M4_block_alpha_full_response,4,-0.101671115895,0.010337015807334522,TRUE,group_sigma_rho,sigma_rho[1],0.642206774105,0.63643771,0.53445734,0.7642756289999998,1.001832185227098,1314.5737510831104,2379.5155050777244,0.74387789
M4_block_alpha_full_response,4,-0.05466960307704499,0.0029887655006016474,TRUE,rho,rho[1],0.366532666922955,0.36501174999999997,-0.029589220799999996,0.7598992109999999,1.0031608962012821,8733.271735528402,3210.026082416346,0.42120227
M4_block_alpha_full_response,4,-0.29747799952938625,0.08849316020400552,TRUE,rho,rho[2],0.06231797047061375,0.062278283500000003,-0.2454076995,0.36944856849999946,1.0015387403918317,7810.235127011488,3142.476504888346,0.35979597
M4_block_alpha_full_response,4,-0.03555144166192503,0.0012639050042412589,TRUE,rho,rho[3],0.256434768338075,0.25737100999999996,-0.09903454165,0.6142570279999998,1.002949108257446,7265.543192259464,2603.841655959045,0.29198621
M4_block_alpha_full_response,4,-0.762367251669,0.5812038264173444,FALSE,rho,rho[4],0.794443848331,0.7925533849999999,0.386095737,1.2218503749999996,1.0019777433831527,6252.753635917567,2792.4229593077575,1.5568111
M4_block_alpha_full_response,4,0.05236746173915962,0.0027423510490023465,TRUE,rho,rho[5],-0.036013948260840374,-0.0319015375,-0.3340527735,0.2645016064999999,1.002638035163436,9708.075628676846,2782.358897108591,-0.08838141
M4_block_alpha_full_response,4,0.10821696288000004,0.011710911054971308,TRUE,rho,rho[6],1.26454896288,1.25861445,0.8749823945,1.66521999,1.0013982025189982,8009.231895557442,2835.4309760650603,1.156332
M4_block_alpha_full_response,4,0.05892550517552167,0.003472215160190431,TRUE,rho,rho[7],-0.013166565824478326,-0.0105627275,-0.3160083595,0.2778385134999999,1.000422968153399,7840.098609420886,2886.7872254398594,-0.072092071
M4_block_alpha_full_response,4,0.11051235730140374,0.012212981116313125,TRUE,rho,rho[8],0.30394973730140373,0.304045285,0.0047459716750000045,0.606131436,1.0013104457125213,9184.56972285669,2399.0453861469323,0.19343738
M4_block_alpha_full_response,4,-0.07483723107875001,0.005600611155534226,TRUE,rho,rho[9],0.36788244892125,0.36074961,-0.09874345859999999,0.8290410524999999,1.001505315789469,7946.947270047393,2961.487841305219,0.44271968
M4_block_alpha_full_response,4,-0.17224785539159204,0.029669323687002803,TRUE,rho,rho[10],0.702953214608408,0.68671494,-0.0776951311,1.5537032599999998,1.0033673029921504,7286.021896073214,2983.439469080601,0.87520107
M4_block_alpha_full_response,4,0.10432422709897501,0.010883544359798512,TRUE,rho,rho[11],0.258242817098975,0.25895688,-0.05776163475,0.5751548684999999,0.9999517931923831,6941.885694848598,3023.741863907078,0.15391859
M4_block_alpha_full_response,4,-0.21662390916999996,0.04692591802409239,TRUE,rho,rho[12],1.48810199083,1.4744905,1.0607338199999998,1.9472501199999999,1.0018039122980336,6814.627293376018,3074.675556364941,1.7047259
M4_block_alpha_full_response,4,0.31569945582588,0.09966614640875675,TRUE,rho,rho[13],0.50688884582588,0.501176735,0.07118923125,0.949212792,1.0019432158404509,7619.398291174529,3573.5005469780717,0.19118939
M4_block_alpha_full_response,4,0.12565114259215124,0.015788209634713123,TRUE,rho,rho[14],-0.01160210740784875,-0.011096324000000001,-0.314226842,0.2836564154999999,1.000808428289257,9838.374041543808,2871.7590913228373,-0.13725325
M4_block_alpha_full_response,4,-0.21433056558630004,0.04593759134454326,TRUE,rho,rho[15],0.6913464744137,0.6892976550000001,0.3448351355,1.0448030249999998,0.9996710502047075,7886.92114102386,3117.178989736544,0.90567704
M4_block_alpha_full_response,4,-0.405879977716195,0.16473855631089895,FALSE,rho,rho[16],-0.421742346716195,-0.41986959,-0.730652051,-0.121667777,1.0002419760391426,8271.760222039842,2914.4352275585316,-0.015862369
M4_block_alpha_full_response,4,-0.1653974345466351,0.027356311354608445,TRUE,rho,rho[17],-0.0063250745466351,-0.0064920199500000005,-0.29814320050000004,0.28606270099999986,1.0018009591781978,8732.389610062717,2770.218865123196,0.15907236
M4_block_alpha_full_response,4,-0.24811571884612826,0.061561409938530966,TRUE,rho,rho[18],0.01778190115387175,0.019095076000000002,-0.31624357599999997,0.3480190549999999,1.0040010214331894,7588.589945717289,2890.51285192915,0.26589762
M4_block_alpha_full_response,4,0.3108000229650225,0.09659665427505852,FALSE,rho,rho[19],0.3271711639650225,0.326592115,0.027487359550000003,0.641289252,1.003573960684474,10370.194235073866,2487.3713101003486,0.016371141
M4_block_alpha_full_response,4,-0.10540940120987724,0.01111114186342487,TRUE,rho,rho[20],0.05604937879012275,0.0553938595,-0.478439978,0.6113285419999998,1.0011285588101149,6617.901882471739,2773.9741234489734,0.16145878
M4_block_alpha_full_response,4,-0.5400091589275,0.291609891725586,FALSE,rho,rho[21],1.4526655410725,1.44763455,1.0561649450000001,1.861894525,1.0000423287298223,6881.784957554298,2900.083887449694,1.9926747
M4_block_alpha_full_response,4,-0.011943612045852259,1.4264986870182717e-4,TRUE,rho,rho[22],-0.16786472204585226,-0.165090065,-0.4794804885,0.14075506849999994,1.0005209733552372,8294.443012353686,2702.536990821116,-0.15592111
M4_block_alpha_full_response,4,-0.002017602107947436,4.070718265993937e-6,TRUE,rho,rho[23],0.5480611078920525,0.545419025,0.10875971300000001,1.00674759,1.0013073778300943,6617.263135809595,2522.4761045555083,0.55007871
M4_block_alpha_full_response,4,-0.07560611339274448,0.005716284382356536,TRUE,rho,rho[24],0.2136294866072555,0.21813533,-0.180768802,0.5968988024999999,1.0008140589308572,6442.839702070522,3189.88835327134,0.2892356
M4_block_alpha_full_response,4,0.1719232585525,0.029557606831309768,TRUE,rho,rho[25],0.8183355285525,0.81595739,0.473409733,1.1694242049999994,1.002867410594603,7770.4128882776995,2644.614750287872,0.64641227
M4_block_alpha_full_response,4,0.21351893877439998,0.045590337215345965,TRUE,rho,rho[26],0.6793847187744,0.6683837100000001,0.190735728,1.1846784649999997,1.0005061909502257,6263.979234381062,3174.5330455639905,0.46586578
M4_block_alpha_full_response,4,0.2012008150594154,0.040481767980573076,TRUE,rho,rho[27],0.12995347405941537,0.126209775,-0.19188001749999997,0.455652608,1.0023375162273462,8757.679460823334,2746.0188962217644,-0.071247341
M4_block_alpha_full_response,4,-0.25875433615257876,0.06695380647776172,TRUE,rho,rho[28],-0.05783571615257875,-0.055241658,-0.358222945,0.2367524775,1.0000229397339313,8988.856625571661,3064.6334301253814,0.20091862
M4_block_alpha_full_response,4,0.39318968332499993,0.15459812707321371,TRUE,rho,rho[29],2.140437983325,2.12723305,1.6977321699999999,2.6116332749999995,0.9998393282432773,6262.807237872526,3028.717971310762,1.7472483
M4_block_alpha_full_response,4,-0.19428697006609996,0.037747426737465624,TRUE,rho,rho[30],0.6618095799339,0.65812183,0.3391010085,0.9987412179999998,0.9998558510851376,7547.7681342983815,3007.589308238968,0.85609655
M4_block_alpha_full_response,4,0.205288831495,0.0421435043365825,TRUE,rho,rho[31],0.809479901495,0.80429989,0.48064375550000005,1.160748835,1.000330211446161,7640.492171542924,2988.1597001516275,0.60419107
M4_block_alpha_full_response,4,-0.054726566511781816,0.0029949970821684787,TRUE,rho,rho[32],0.2500981334882182,0.250515295,-0.08481829954999999,0.5865048875,1.001251335861901,8784.732702168323,3002.512850830613,0.3048247
M4_block_alpha_full_response,4,-0.32436876141340754,0.1052150933808681,FALSE,rho,rho[33],0.5206271885865925,0.51954335,0.22686794100000002,0.831098688,1.0018873140657134,8398.329425843116,2786.2912141154666,0.84499595
M4_block_alpha_full_response,4,0.04504518842512495,0.0020290690002550105,TRUE,rho,rho[34],0.710700768425125,0.7034703200000001,0.364723583,1.0626974,0.9997981821668294,8523.953252562234,2619.7796054120668,0.66565558
M4_block_alpha_full_response,4,-0.16963581516923504,0.028776309788130873,TRUE,rho,rho[35],0.338193884830765,0.329854695,-0.3226707,1.0236309349999995,1.0020557576003704,6012.148519350288,2869.521085976065,0.5078297
M4_block_alpha_full_response,4,0.05196456235499991,0.0027003157407466736,TRUE,rho,rho[36],0.963368572355,0.95477557,0.5956719005,1.368925755,1.0010492592470053,7538.790039674491,3246.963007189829,0.91140401
M4_block_alpha_full_response,4,-0.17031259659399495,0.02900638055858886,TRUE,rho,rho[37],0.362464913406005,0.360988895,0.027216363950000017,0.6998023709999999,0.9996972268655426,8752.307397748278,3275.3484568398367,0.53277751
M4_block_alpha_full_response,4,-0.6566917670499999,0.43124407691125133,FALSE,rho,rho[38],2.47708033295,2.4618217,1.911835005,3.0960230449999995,1.0003461857771665,4559.775078384224,2810.0591256446246,3.1337721
M4_block_alpha_full_response,4,-0.33611648451019505,0.11297429115949219,TRUE,rho,rho[39],0.640565465489805,0.6367485749999999,0.25898273850000003,1.0300743249999997,1.000674513809906,8098.324036395012,3208.872028479536,0.97668195
M4_block_alpha_full_response,4,0.21081516381192963,0.04444303329305073,TRUE,rho,rho[40],0.04518855381192963,0.0454528145,-0.3725656825,0.4580204764999999,1.000990422641323,7988.666228708398,2875.0676495229663,-0.16562661
M4_block_alpha_full_response,4,0.225239690782575,0.05073291830383,TRUE,rho,rho[41],0.540218270782575,0.535568305,0.2396736985,0.8469323054999996,0.9999917798457726,10177.64103625193,2584.777267892862,0.31497858
M4_block_alpha_full_response,4,-0.08027814073450225,0.006444579879788549,TRUE,rho,rho[42],0.07083153926549775,0.0693082565,-0.2342135295,0.3785552664999995,1.0006533931936212,9884.785902234933,3165.5161799954417,0.15110968
M4_block_alpha_full_response,4,-0.12994985972499995,0.016886966042547163,TRUE,rho,rho[43],1.342726940275,1.33577775,0.9563535755,1.7464470999999995,0.9999939499447602,7589.710652076397,2800.613043354996,1.4726768
M4_block_alpha_full_response,4,-0.5588892298950001,0.3123571712926263,FALSE,rho,rho[44],1.411568870105,1.4089450499999998,1.00761806,1.8261286350000001,0.9995377501418683,6044.010325139057,3038.7783938308457,1.9704581
M4_block_alpha_full_response,4,-0.25406504634250004,0.06454904777301669,TRUE,rho,rho[45],1.5958974536575,1.58809875,1.1674565999999997,2.0342985899999997,1.0005780492265597,8552.508239084784,2957.72167204962,1.8499625
M4_block_alpha_full_response,4,-0.05724677920181698,0.003277193728981585,TRUE,rho,rho[46],0.530085570798183,0.53256127,0.1371630445,0.9118128635,1.0002185597480109,6514.577178957618,2865.6067038562023,0.58733235
M4_block_alpha_full_response,4,0.04066489093500003,0.0016536333547554477,TRUE,rho,rho[47],1.053238290935,1.0533277,0.710659904,1.4032133599999999,1.0001499354219117,9556.122398096944,2900.9137795055644,1.0125734
M4_block_alpha_full_response,4,-0.1102046802696815,0.012145071553342726,TRUE,rho,rho[48],-0.0973797262696815,-0.095996187,-0.40646404049999996,0.20903683949999918,1.0012371991060844,8716.762451407243,2727.98114373616,0.012824954
M4_block_alpha_full_response,4,-0.149032921167184,0.02221081159162408,TRUE,rho,rho[49],-0.093730292167184,-0.09195635099999999,-0.41629624949999994,0.22488732699999958,1.0015225183881682,7996.55090942999,2653.577984004129,0.055302629
M4_block_alpha_full_response,4,0.2159701000306415,0.04664308410724529,TRUE,rho,rho[50],-0.1537589999693585,-0.15277373,-0.4838419045,0.16913922449999969,1.0021245651284019,6917.602762346906,2753.0857646698587,-0.3697291
M4_block_alpha_full_response,4,0.08369010498712504,0.00700403367275601,TRUE,rho,rho[51],0.667987194987125,0.6636234299999999,0.31379643,1.06100004,1.0030154856144005,5759.399835075599,3285.239883897525,0.58429709
M4_block_alpha_full_response,4,0.227495670004365,0.051754279870734936,TRUE,rho,rho[52],0.331213410004365,0.332818415,-0.019835645099999993,0.6840586234999997,1.0006353143006685,8764.807840347217,3129.0516878302055,0.10371774
M4_block_alpha_full_response,4,-0.08508387584412996,0.007239265928659322,TRUE,rho,rho[53],0.28871103415587,0.28825213,-0.01523658824999999,0.595175068,1.0023991079838126,9556.948029501662,2849.3947478851405,0.37379491
M4_block_alpha_full_response,4,0.21123507091420002,0.044620255184127114,TRUE,rho,rho[54],0.3883385209142,0.38127575999999996,0.09789562320000002,0.6994925779999993,1.0014323741890463,8002.1385125373445,3020.667576822115,0.17710345
M4_block_alpha_full_response,4,-0.3648468487625003,0.13311322305192674,TRUE,rho,rho[55],1.7493054512375,1.738569,1.3404231949999998,2.19278269,1.0013231716282327,7360.60148744332,2688.2961095179467,2.1141523
M4_block_alpha_full_response,4,0.15198936628300125,0.023100767463108317,TRUE,rho,rho[56],0.26757886628300126,0.26315807,-0.0741290334,0.6074869259999999,1.0011199878685182,8020.376223576883,2450.9860412492776,0.1155895
M4_block_alpha_full_response,4,0.15230294684200252,0.023196187616757846,TRUE,rho,rho[57],-0.1859597731579975,-0.18581362499999998,-0.4749899765,0.09754953949999993,1.0026280983375804,7307.670859147642,2900.2665201337522,-0.33826272
M4_block_alpha_full_response,4,0.08666872494921124,0.0075114678843220305,TRUE,rho,rho[58],-0.00610788405078875,-0.00849314265,-0.3884035105,0.370738384,1.0011240103185843,7800.015927531073,2950.8890614208644,-0.092776609
M4_block_alpha_full_response,4,-0.009772757339714944,9.550678602095231e-5,TRUE,rho,rho[59],0.783108532660285,0.775270305,0.30863784600000005,1.2809117300000001,0.999762685671151,7180.394612633578,3173.547338948418,0.79288129
M4_block_alpha_full_response,4,-0.3768223365659325,0.1419950733350089,TRUE,rho,rho[60],-0.3069418965659325,-0.30132563999999995,-0.8165226665,0.17623305599999997,1.0004235657272749,6488.045859889516,2871.221414048231,0.06988044
M4_block_alpha_full_response,4,-0.023225052449829753,5.39403061297343e-4,TRUE,rho,rho[61],0.05523971455017025,0.057846149,-0.32935734999999994,0.43984165,1.0012059541364162,7738.87003251451,2260.615655802714,0.078464767
M4_block_alpha_full_response,4,-0.21988845933206497,0.04835093454742919,TRUE,rho,rho[62],0.271443330667935,0.26862150500000004,-0.03331203495,0.5845794479999998,1.0020716034177335,8503.435242901802,2862.121513169123,0.49133179
M4_block_alpha_full_response,4,-0.374871774038665,0.1405288469708959,TRUE,rho,rho[63],0.611836105961335,0.61188167,0.1433020205,1.087450375,1.00030574272156,5131.834878208082,3014.5429619053334,0.98670788
M4_block_alpha_full_response,4,0.017138577281500034,2.937308312339491e-4,TRUE,rho,rho[64],0.7984429272815,0.793426155,0.453542861,1.1643631399999999,1.0009737656760611,7540.352944007857,2754.2336014938787,0.78130435
M4_block_alpha_full_response,4,0.1312987615775001,0.017239364791785214,TRUE,rho,rho[65],1.2185242615775,1.21237445,0.8512437765,1.6027929099999998,1.0012797256035324,6804.791361428359,2816.786318435347,1.0872255
M4_block_alpha_full_response,4,0.1041783094882045,0.01085312016782012,TRUE,group_mu_side,mu_side[1],-0.1534566005117955,-0.15467027,-0.31349028749999996,0.007867923789999958,1.002001847265072,587.9645995388687,1137.7649160174988,-0.25763491
M4_block_alpha_full_response,4,0.0021846244274998927,4.772583889229234e-6,TRUE,group_sigma_side,sigma_side[1],0.7427810044275,0.73574609,0.6251074830000001,0.8832013725,1.0009159609580278,1126.9096295026245,1865.6676872660964,0.74059638
M4_block_alpha_full_response,4,-0.11247044459,0.012649600906272259,TRUE,side_bias,side_bias[1],-1.60568364459,-1.5963614,-2.111918715,-1.13879733,1.0006722804415644,6348.390378521952,3123.974116200811,-1.4932132
M4_block_alpha_full_response,4,0.05995425473799998,0.003594512661188993,TRUE,side_bias,side_bias[2],-0.580117725262,-0.57867913,-0.89652304,-0.27324186100000003,1.0022920373011583,10492.569101393156,2664.706957331995,-0.64007198
M4_block_alpha_full_response,4,0.48024364311254997,0.23063395675001427,FALSE,side_bias,side_bias[3],0.60950931311255,0.606923735,0.23617284400000002,0.9943516664999998,1.000071044199846,9187.032558892548,2570.8430697434337,0.12926567
M4_block_alpha_full_response,4,-0.05549425579921258,0.0030796124267084388,TRUE,side_bias,side_bias[4],0.4938727442007875,0.48667894,0.0666917129,0.9440661364999999,1.0016103547271504,7670.393572544563,3168.963519047656,0.549367
M4_block_alpha_full_response,4,0.05889495829879998,0.0034686161130173887,TRUE,side_bias,side_bias[5],-0.3843928917012,-0.382850335,-0.6895830415,-0.08345557010000004,1.0003049189104798,8569.015084683946,2942.626229980907,-0.44328785
M4_block_alpha_full_response,4,0.07798403699988052,0.006081510026798733,TRUE,side_bias,side_bias[6],0.2322266769998805,0.23350773,-0.14355915799999996,0.6197255165,1.0006482812598538,8400.984522091303,3096.7519081255086,0.15424264
M4_block_alpha_full_response,4,-0.320530312389235,0.10273968116034059,FALSE,side_bias,side_bias[7],-0.246835428389235,-0.24259635499999999,-0.5496462055,0.049117004199999974,1.001404562135779,10610.656201335614,2788.8779409541544,0.073694884
M4_block_alpha_full_response,4,-0.002836594005438481,8.046265551689525e-6,TRUE,side_bias,side_bias[8],-0.2181726240054385,-0.21419911,-0.5241990165,0.07729865489999999,1.0051379986448667,8298.11403355209,2878.5584789438194,-0.21533603
M4_block_alpha_full_response,4,0.31777625754999983,0.10098174986248383,TRUE,side_bias,side_bias[9],-2.12728634245,-2.11718075,-2.62195412,-1.6809568300000002,1.0020159643014235,6900.203132804232,3537.729625501078,-2.4450626
M4_block_alpha_full_response,4,-0.41900024218891496,0.1755612029543694,TRUE,side_bias,side_bias[10],0.653183257811085,0.63859649,-0.08963841245,1.454849685,1.0004302673369487,5150.358265067797,2835.8110407723098,1.0721835
M4_block_alpha_full_response,4,0.1809978305391435,0.03276021465987651,TRUE,side_bias,side_bias[11],0.0035090505391435,0.00366504325,-0.30931676199999997,0.3138377979999998,1.0012925175109617,8888.415987491488,2326.9291580863146,-0.17748878
M4_block_alpha_full_response,4,0.19404969312617998,0.03765528340236462,TRUE,side_bias,side_bias[12],-0.28124423687382,-0.280283635,-0.716182723,0.14031103799999983,1.0012473160134745,7449.688141467892,2633.779202427442,-0.47529393
M4_block_alpha_full_response,4,-0.015537500425000017,2.414139194568757e-4,TRUE,side_bias,side_bias[13],1.924967999575,1.90961855,1.48076863,2.406126215,1.001101010930486,6166.799942270172,3661.0291202750136,1.9405055
M4_block_alpha_full_response,4,0.1805605743698355,0.03260212101676489,TRUE,side_bias,side_bias[14],-0.1751524256301645,-0.172893455,-0.47633127399999997,0.12088160599999993,0.9996658471846731,9059.698675129792,2669.7732078666645,-0.355713
M4_block_alpha_full_response,4,-0.3016198501724833,0.09097453401807126,TRUE,side_bias,side_bias[15],-0.08443739017248325,-0.0827788705,-0.45355409599999996,0.2817794185,1.0005976027940353,8886.629818402776,2280.487068690404,0.21718246
M4_block_alpha_full_response,4,-0.05260753420538723,0.0027675526551709877,TRUE,side_bias,side_bias[16],-0.17176527420538723,-0.1703413,-0.471823117,0.13076865999999998,1.0030667901339927,9011.80345653067,2462.5470691363903,-0.11915774
M4_block_alpha_full_response,4,0.14981872670914248,0.02244565087274872,TRUE,side_bias,side_bias[17],-0.3227282932908575,-0.323785275,-0.6180162115000001,-0.03167857530000002,1.0013931570393155,9289.93953709861,2672.2853828973884,-0.47254702
M4_block_alpha_full_response,4,0.15264822068439504,0.02330147927811177,TRUE,side_bias,side_bias[18],-0.467306599315605,-0.46565955,-0.818928643,-0.11742455100000007,1.0063993205771966,9585.350062775236,2738.6758008615056,-0.61995482
M4_block_alpha_full_response,4,0.06006963090080425,0.003608360556558857,TRUE,side_bias,side_bias[19],0.22446683090080424,0.22326548000000002,-0.07987508939999999,0.5307145524999999,1.0001376836424023,9291.971854066811,2837.7538203787294,0.1643972
M4_block_alpha_full_response,4,0.5098720068499998,0.2599694633692462,TRUE,side_bias,side_bias[20],-2.69344979315,-2.68090995,-3.301809115,-2.1302795900000002,1.0020964101379197,5218.508038692985,3307.3427624973274,-3.2033218
M4_block_alpha_full_response,4,0.0931380122874845,0.008674689332863614,TRUE,side_bias,side_bias[21],-0.0507468477125155,-0.049262479,-0.45696412499999994,0.352322201,1.0009695923131205,8469.903303300795,2798.080281208418,-0.14388486
M4_block_alpha_full_response,4,0.109239537722775,0.011933276601885583,TRUE,side_bias,side_bias[22],0.603808097722775,0.602830645,0.2987939495,0.921005576,1.0035178321757663,7490.717498525855,2942.5607416029743,0.49456856
M4_block_alpha_full_response,4,0.2213397249228975,0.04899127382894393,TRUE,side_bias,side_bias[23],-0.2003692850771025,-0.19652861,-0.642996002,0.22805988500000002,1.0006451088990909,7289.133318673862,2447.4515151734245,-0.42170901
M4_block_alpha_full_response,4,-0.1991561350778365,0.039663166139141455,TRUE,side_bias,side_bias[24],0.0609536549221635,0.064502032,-0.30114066,0.4234233864999999,1.0028200813743555,8166.885457032103,3046.30627285716,0.26010979
M4_block_alpha_full_response,4,0.21331098700999995,0.045501577179180366,TRUE,side_bias,side_bias[25],0.70966256701,0.70949711,0.37958612350000004,1.0553241049999997,0.9998617920894315,7209.48466351218,3381.128777145021,0.49635158
M4_block_alpha_full_response,4,0.3980542108811085,0.15844715480018198,TRUE,side_bias,side_bias[26],0.0803256508811085,0.0814253085,-0.42159819099999996,0.5724256884999999,1.0000394473350007,6510.458271415894,2729.6783749266688,-0.31772856
M4_block_alpha_full_response,4,0.36417911731349994,0.13262642948723996,FALSE,side_bias,side_bias[27],-0.6881233826865,-0.68281048,-1.036917805,-0.3463821855000002,1.0000444035945995,7823.959315114067,2992.531773096041,-1.0523025
M4_block_alpha_full_response,4,-0.23659717691502496,0.05597822412415962,TRUE,side_bias,side_bias[28],0.442173663084975,0.44202317999999996,0.13873335,0.7496668709999998,1.0011617698059168,8118.776774741879,2660.0595436568246,0.67877084
M4_block_alpha_full_response,4,0.041736911779309493,0.0017419698048738636,TRUE,side_bias,side_bias[29],-0.1108448282206905,-0.11483364,-0.5810093000000001,0.34948428499999973,1.0037966201415491,7448.812461903259,2972.1522074223253,-0.15258174
M4_block_alpha_full_response,4,-0.23177576793676502,0.05372000660267715,TRUE,side_bias,side_bias[30],-0.188142735936765,-0.18966514,-0.509740929,0.13364025499999999,1.0017128993154019,9688.608928406684,3239.870791950393,0.043633032
M4_block_alpha_full_response,4,0.3539908486325,0.12530952091555755,FALSE,side_bias,side_bias[31],0.7078713986325,0.705200745,0.36798228099999997,1.0755930049999998,1.0016111758383461,9340.497841509323,2993.8381933159267,0.35388055
M4_block_alpha_full_response,4,0.10174388058824774,0.010351817237155614,TRUE,side_bias,side_bias[32],0.11404514358824774,0.11603842,-0.20972211999999998,0.43524304999999985,1.0007251321290553,8780.78455206232,2680.845840028623,0.012301263
M4_block_alpha_full_response,4,0.2257976263938025,0.05098456808507521,TRUE,side_bias,side_bias[33],-0.1297672236061975,-0.128285435,-0.448035502,0.18413795249999998,1.0033471547240378,9263.064443883726,2302.8451826935284,-0.35556485
M4_block_alpha_full_response,4,-0.15352505213194276,0.023569941632115742,TRUE,side_bias,side_bias[34],0.00667051786805725,0.00673778605,-0.3585658555,0.3718719344999997,1.0010173878304696,9988.903762178446,2820.3104814355265,0.16019557
M4_block_alpha_full_response,4,-0.5357738592055165,0.2870536282079726,TRUE,side_bias,side_bias[35],0.0498725107944835,0.041632399,-0.608715573,0.7394743504999997,1.0030168441019174,7141.600168834812,2858.496062772945,0.58564637
M4_block_alpha_full_response,4,-0.07273508163249987,0.005290392100086419,TRUE,side_bias,side_bias[36],-1.0748659816325,-1.0661630500000001,-1.4706793049999998,-0.6891849855000001,0.9996443406713066,6587.019478732747,3182.9362878506304,-1.0021309
M4_block_alpha_full_response,4,0.05858067707125003,0.003431695726126079,TRUE,side_bias,side_bias[37],-0.78310432292875,-0.777964945,-1.1160833749999999,-0.45798464650000004,1.001182633463173,7871.954440697222,2578.6977824329974,-0.841685
M4_block_alpha_full_response,4,0.2706460653782001,0.07324929270470094,TRUE,side_bias,side_bias[38],0.6841209753782,0.673944435,0.16576898550000002,1.2373023599999997,1.0008915306487818,5874.363990401761,2747.9992163924476,0.41347491
M4_block_alpha_full_response,4,0.4676923357025,0.21873612087485997,FALSE,side_bias,side_bias[39],-1.6126998642975,-1.6001465000000001,-2.0761218799999996,-1.2061844850000003,1.0011601102041545,5580.872547417621,2551.699724563902,-2.0803922
M4_block_alpha_full_response,4,-0.4485953963359325,0.20123782961379236,FALSE,side_bias,side_bias[40],-0.4437278328359325,-0.439301835,-0.871708075,-0.023390741050000205,1.0020852695186757,8956.5025552935,3073.164832083921,0.0048675635
M4_block_alpha_full_response,4,-0.04768443617287099,0.0022738054531246076,TRUE,side_bias,side_bias[41],-0.095200303172871,-0.0931467215,-0.39607337699999995,0.20201519699999998,1.003246328709399,7674.08108665979,3194.1413868613304,-0.047515867
M4_block_alpha_full_response,4,-0.029930094101703997,8.958105329368564e-4,TRUE,side_bias,side_bias[42],-0.193784974101704,-0.19318097,-0.48311438799999995,0.09212371029999976,1.0014064427172933,7426.518268922631,2791.964560202751,-0.16385488
M4_block_alpha_full_response,4,-0.13470554515065047,0.018145583894333933,TRUE,side_bias,side_bias[43],0.2424592248493495,0.24589685,-0.153908349,0.6422584619999998,1.0005852493208582,8246.93791053802,2722.760257219978,0.37716477
M4_block_alpha_full_response,4,-0.014448476265654986,2.0875846639919544e-4,TRUE,side_bias,side_bias[44],-0.193260836265655,-0.19763889,-0.6109238284999999,0.21866874199999992,0.9994184568541636,7813.122548452893,3037.5656874211904,-0.17881236
M4_block_alpha_full_response,4,-0.09082401113214357,0.00824900099813174,TRUE,side_bias,side_bias[45],0.06425551886785642,0.0588769995,-0.35096179949999995,0.4930173099999998,1.0027468226250869,8730.664349518705,2649.0582635404226,0.15507953
M4_block_alpha_full_response,4,0.09614903051931126,0.009244636069803448,TRUE,side_bias,side_bias[46],-0.24021482948068876,-0.2389189,-0.639861852,0.1486917969999994,0.9995576161409812,7113.272481053299,2814.9478362427863,-0.33636386
M4_block_alpha_full_response,4,0.031112015881232524,9.679575321940648e-4,TRUE,side_bias,side_bias[47],-0.2979630841187675,-0.29447683999999996,-0.6272311230000001,0.029080946599999862,1.0020802454157811,7590.967686880087,3079.1430687917455,-0.3290751
M4_block_alpha_full_response,4,-0.07212811898818,0.005202465548773052,TRUE,side_bias,side_bias[48],-0.33780258898818,-0.33519867999999997,-0.636916336,-0.03238574350000017,1.000416100666872,9715.228976764816,2612.0057813288167,-0.26567447
M4_block_alpha_full_response,4,0.23134971365195,0.05352269000683926,TRUE,side_bias,side_bias[49],0.68395592365195,0.68099121,0.3795845595,0.9965296389999999,1.0011073329915867,8949.502677320286,2531.3091637341727,0.45260621
M4_block_alpha_full_response,4,-0.03736824826574249,0.0013963859784501666,TRUE,side_bias,side_bias[50],-0.1369852962657425,-0.137199605,-0.4647866605,0.19310263799999966,1.0012122689765643,9047.703519091732,2696.276429355263,-0.099617048
M4_block_alpha_full_response,4,0.022812639041075,5.204165000183793e-4,TRUE,side_bias,side_bias[51],0.682897839041075,0.6767060250000001,0.33137973550000005,1.05773303,1.002902236761122,6718.296179428521,2893.556971726466,0.6600852
M4_block_alpha_full_response,4,-0.18539308677524774,0.03437059662405454,TRUE,side_bias,side_bias[52],0.05476076322475225,0.0539820515,-0.2935101135,0.41121325549999993,1.0000784671796603,10594.63340588504,2996.764335418637,0.24015385
M4_block_alpha_full_response,4,-0.13070037788664002,0.0170825887797105,TRUE,side_bias,side_bias[53],0.27358326211336,0.27163394500000004,-0.018283596649999997,0.5738987335,1.0028897274884492,10493.330743472176,2865.038658765291,0.40428364
M4_block_alpha_full_response,4,0.20705032892647854,0.04286983870856296,TRUE,side_bias,side_bias[54],0.08029102892647855,0.08015082600000001,-0.21775705150000002,0.3870139569999999,1.0011021837328664,8052.8724056363535,2778.590599605578,-0.1267593
M4_block_alpha_full_response,4,-0.255904116437328,0.06548691680956954,TRUE,side_bias,side_bias[55],-0.092172216437328,-0.09285449,-0.4993614445,0.314833257,1.0012138700360644,8112.926148249005,2730.3556307751983,0.1637319
M4_block_alpha_full_response,4,-0.18523048142249998,0.03431033124801111,TRUE,side_bias,side_bias[56],-0.9569939514225,-0.9552836,-1.29425262,-0.6265070045000003,1.0002177664206782,8774.691893246421,3183.430303895851,-0.77176347
M4_block_alpha_full_response,4,-0.21519358380937828,0.04630827851272391,TRUE,side_bias,side_bias[57],-0.44390539380937827,-0.43964424999999996,-0.7500320215,-0.1507021425000001,1.0039767428710675,8966.830466374457,2895.11752217092,-0.22871181
M4_block_alpha_full_response,4,0.1369567438298525,0.018757149680475843,TRUE,side_bias,side_bias[58],0.2476900838298525,0.244421485,-0.1344321425,0.632240889,0.9997248881543764,8122.546487670039,2680.7398821589327,0.11073334
M4_block_alpha_full_response,4,0.10620841264942549,0.011280226917510645,TRUE,side_bias,side_bias[59],-0.5349871473505745,-0.5230301850000001,-1.050966185,-0.03870074490000006,1.0008927480309007,7966.103257492691,3339.56821054252,-0.64119556
M4_block_alpha_full_response,4,-0.40147181955628997,0.16117962189783824,TRUE,side_bias,side_bias[60],-0.49052843955629,-0.48022532500000004,-0.9901627425,-9.619100950001695e-4,1.0005581127130292,8512.534513565477,2545.1894061119706,-0.08905662
M4_block_alpha_full_response,4,-0.20734853868205,0.042993416493581585,TRUE,side_bias,side_bias[61],-0.56926525868205,-0.567691445,-1.01028525,-0.16585235250000027,1.0033437047427067,7719.937199637465,2691.6415027228722,-0.36191672
M4_block_alpha_full_response,4,0.1728262591833375,0.029868915863306148,TRUE,side_bias,side_bias[62],0.2774362091833375,0.27906675999999997,-0.01902247984999999,0.5861782664999997,1.00014122345645,7877.641337431747,3054.5276268761136,0.10460995
M4_block_alpha_full_response,4,-0.15755718705124988,0.024824267191502544,TRUE,side_bias,side_bias[63],-1.06737428705125,-1.0554601,-1.5535541899999998,-0.6173265940000001,1.0001300231104113,6525.596543556073,2803.893077795387,-0.9098171
M4_block_alpha_full_response,4,0.177876007121469,0.03163987390947689,TRUE,side_bias,side_bias[64],0.032933147121469,0.0352479995,-0.31688476099999996,0.3813618719999998,1.0005972516660935,7722.5773774799145,2897.442178806805,-0.14494286
M4_block_alpha_full_response,4,-0.05936196081510299,0.003523842391813823,TRUE,side_bias,side_bias[65],0.105898619184897,0.10244473,-0.2492853495,0.46945896649999985,1.0015268829063302,7745.645464375112,2733.5365838826924,0.16526058
M4_block_alpha_full_response,4,0.41862365065766505,0.17524576088995078,TRUE,delta_alpha,delta_alpha[1],-0.227165369342335,-0.27494936000000003,-0.6795949800000001,0.32422952499999974,1.0007501964935475,4836.833086357505,2890.7888063411697,-0.64578902
M4_block_alpha_full_response,4,0.07680186888029575,0.00589852706350614,TRUE,delta_alpha,delta_alpha[2],0.08188896518029574,0.035124086,-0.49462661,0.7554301779999997,0.9998308902379588,4569.901520655527,2880.7187587512567,0.0050870963
M4_block_alpha_full_response,4,-0.008249415111586684,6.805284968327474e-5,TRUE,delta_alpha,delta_alpha[3],0.027574202888413318,0.024738144,0.0010120559215000004,0.06355075034999996,1.0019688789806884,4673.441663183195,2620.0431553251715,0.035823618
M4_block_alpha_full_response,4,0.243806186362522,0.0594414565086368,TRUE,delta_alpha,delta_alpha[4],-0.187326083637478,-0.18945709,-0.5025412585,0.13324284049999996,1.0010538201385617,6208.330243847009,3142.3050192601463,-0.43113227
M4_block_alpha_full_response,4,0.25687138388712544,0.06598290786008697,TRUE,delta_alpha,delta_alpha[5],0.07518909388712543,0.024259061499999998,-0.7050313399999999,0.8435077044999998,1.0018538700051252,4115.766590689513,3017.2499771192756,-0.18168229
M4_block_alpha_full_response,4,0.07552946681382974,0.005704700357181409,TRUE,delta_alpha,delta_alpha[6],0.29372297681382975,0.320993135,-0.4186821675,0.8634399,1.0009305029428803,3290.849824568052,3008.448343165121,0.21819351
M4_block_alpha_full_response,4,0.12342292038700525,0.015233217276857038,TRUE,delta_alpha,delta_alpha[7],0.07607028638700525,0.010865266,-0.5940431334999999,0.8216151604999997,1.0004147511321797,3860.892778106112,3164.974643481369,-0.047352634
M4_block_alpha_full_response,4,0.35111084115665203,0.12327882277773174,TRUE,delta_alpha,delta_alpha[8],-0.014713198843348,2.1621274e-4,-0.6867251885,0.6406482744999998,1.0003475645875293,4315.141411358324,2378.7362425833967,-0.36582404
M4_block_alpha_full_response,4,-0.42932787656353866,0.18432242559455708,TRUE,delta_alpha,delta_alpha[9],0.06973267343646135,0.026731174,-0.7020061105,0.8085368289999989,0.9995872790679886,4641.344155456527,3217.5117487894486,0.49906055
M4_block_alpha_full_response,4,0.01001633917004955,1.0032705036946891e-4,TRUE,delta_alpha,delta_alpha[10],0.01657165197004955,0.015080021499999999,0.001118051815,0.0371273745,1.0011370649907487,4301.1124848586305,2482.778132094959,0.0065553128
M4_block_alpha_full_response,4,-0.11947669094202423,0.014274679678455976,TRUE,delta_alpha,delta_alpha[11],-0.24628758094202424,-0.154135715,-0.8529162319999999,0.2220590334999999,1.0001371630106708,2849.373494782609,2525.0250872105166,-0.12681089
M4_block_alpha_full_response,4,-0.009041713988426,8.175259184849842e-5,TRUE,delta_alpha,delta_alpha[12],0.045815625011574,0.0500236525,-0.08738007735,0.1681205355,1.0001119579556164,6472.95490767422,2979.2482559873197,0.054857339
M4_block_alpha_full_response,4,-0.12078608974457827,0.014589279475785318,TRUE,delta_alpha,delta_alpha[13],0.17631719025542175,0.10999081,-0.36741706699999993,0.8208290949999992,1.0006348974631587,4859.055446811085,3055.1402587630064,0.29710328
M4_block_alpha_full_response,4,-0.7339779404476394,0.5387236170637585,FALSE,delta_alpha,delta_alpha[14],0.16204662955236063,0.0910877925,-0.5084644725,0.8517396679999995,1.0007371961770375,4948.2537021423705,2931.0928313780328,0.89602457
M4_block_alpha_full_response,4,-0.319693982539685,0.10220424247208443,TRUE,delta_alpha,delta_alpha[15],-0.204349502539685,-0.228748955,-0.6250489164999999,0.3080241969999998,1.0014312871835147,5347.466467488236,2360.397171487644,0.11534448
M4_block_alpha_full_response,4,-0.4554284434342477,0.20741506708894178,TRUE,delta_alpha,delta_alpha[16],0.12192094656575225,0.057104442000000005,-0.507362855,0.8289596985,1.0004391822966936,4558.115651880513,2776.506304777746,0.57734939
M4_block_alpha_full_response,4,0.1435022456331035,0.020592894501743567,TRUE,delta_alpha,delta_alpha[17],0.2632030256331035,0.22559708,-0.410640581,0.8857411139999999,0.9998643691585473,4967.440780549897,2674.2143007455156,0.11970078
M4_block_alpha_full_response,4,0.023825240216845955,5.676420713904139e-4,TRUE,delta_alpha,delta_alpha[18],0.279958830216846,0.288328735,-0.05149525764999999,0.582813783,0.9997033825612043,5148.722692024131,3036.8896439841856,0.25613359
M4_block_alpha_full_response,4,-0.7193237608268219,0.517426672890043,FALSE,delta_alpha,delta_alpha[19],0.2337769191731781,0.14434829500000002,-0.356557055,0.8857880485,1.0010035365182366,4840.266654381012,2785.099743404489,0.95310068
M4_block_alpha_full_response,4,-0.41661143912498955,0.17356509120979488,TRUE,delta_alpha,delta_alpha[20],0.0625792808750105,0.022537508,-0.593015189,0.7663331255,1.0007741476228909,4298.41654127433,2265.083878351147,0.47919072
M4_block_alpha_full_response,4,0.49279019436335747,0.24284217566067562,TRUE,delta_alpha,delta_alpha[21],0.4674970323633575,0.5464221499999999,-0.247781943,0.940268474,1.0004750284698865,1901.533152164939,2890.0879954794405,-0.025293162
M4_block_alpha_full_response,4,0.06752484922377999,0.004559605262694222,TRUE,delta_alpha,delta_alpha[22],0.01961216922378,0.011094547,-0.7582949999999998,0.7877629314999999,1.0004022567839945,4224.006889087072,2961.8226096106146,-0.04791268
M4_block_alpha_full_response,4,0.010388561931061024,1.0792221899549036e-4,TRUE,delta_alpha,delta_alpha[23],0.018675531831061024,0.0170211475,5.723611325000002e-4,0.04323436349999999,1.0000710134281248,4341.021227092334,2187.312868979965,0.0082869699
M4_block_alpha_full_response,4,-0.18690897821995,0.03493496613922575,TRUE,delta_alpha,delta_alpha[24],0.64807347178005,0.67558171,0.30349523450000004,0.8953964139999999,1.0002107325074139,6021.193336573734,3442.371018622779,0.83498245
M4_block_alpha_full_response,4,-0.0480378843908065,0.002307638336744491,TRUE,delta_alpha,delta_alpha[25],0.1675210656091935,0.157372385,-0.6254881564999999,0.8532020899999998,1.000781575458642,4316.464992077686,3205.4123294041274,0.21555895
M4_block_alpha_full_response,4,0.014814631075503099,2.1947329390326208e-4,TRUE,delta_alpha,delta_alpha[26],0.0246986627755031,0.023312421,0.0036021295799999998,0.0496069647,1.000674842323179,3466.253358410483,2092.6196166677314,0.0098840317
M4_block_alpha_full_response,4,-0.0016301717229612002,2.657459846342288e-6,TRUE,delta_alpha,delta_alpha[27],0.0016567945770388,0.00360141015,-0.0560116882,0.045914807149999994,1.0019225860434804,4836.060513330242,2707.460198475376,0.0032869663
M4_block_alpha_full_response,4,0.23252922002554274,0.05406983816568727,TRUE,delta_alpha,delta_alpha[28],0.20156263102554275,0.124536225,-0.4415834985,0.8742145409999997,0.9997913840873316,4349.152183821333,2434.871203534383,-0.030966589
M4_block_alpha_full_response,4,0.2654867780320498,0.07048322930983887,TRUE,delta_alpha,delta_alpha[29],0.2758871010320498,0.26336388499999996,-0.45346994749999997,0.9097175864999999,0.9996585330375543,5271.199232779615,3260.1259506594424,0.010400323
M4_block_alpha_full_response,4,-0.14834801098881323,0.02200713236433705,TRUE,delta_alpha,delta_alpha[30],0.23539026901118676,0.255349755,-0.478730952,0.8267601294999999,1.0009095473753211,2067.9036461309743,2367.687906497887,0.38373828
M4_block_alpha_full_response,4,-0.01836723938521375,3.3735548263374716e-4,TRUE,delta_alpha,delta_alpha[31],0.01029542761478625,0.0046059846500000005,-0.24576979599999998,0.3066105654999994,1.0027207581016109,3119.406075726862,1748.1182901517789,0.028662667
M4_block_alpha_full_response,4,0.05233848047332501,0.0027393165382566236,TRUE,delta_alpha,delta_alpha[32],0.516860130473325,0.56376218,-0.010228549699999995,0.896771136,0.9998359529566279,4861.148072668888,2448.463574409862,0.46452165
M4_block_alpha_full_response,4,-0.5448835876958095,0.2968981241402569,TRUE,delta_alpha,delta_alpha[33],0.01270920230419045,0.010946763,-0.7413010734999999,0.7572762184999999,1.0000309515498296,4271.764940313154,2568.241877599651,0.55759279
M4_block_alpha_full_response,4,-0.022024928972250057,4.8509749623266e-4,TRUE,delta_alpha,delta_alpha[34],0.79413852102775,0.8329005650000001,0.49197857850000004,0.970977493,1.0007004484706306,5106.389565591171,2697.5245279364194,0.81616345
M4_block_alpha_full_response,4,8.518175149295005e-4,7.255930787406697e-7,TRUE,delta_alpha,delta_alpha[35],0.0050099711149295,0.00433820095,-0.002692636255,0.015008561199999994,1.0003429160128905,4273.424813355192,3660.090506895325,0.0041581536
M4_block_alpha_full_response,4,-0.06291544839585224,0.003958353646851146,TRUE,delta_alpha,delta_alpha[36],0.09703522160414775,0.050162033499999995,-0.6140472455,0.7910132914999997,0.9998410266862824,4983.3041023485885,2945.0336584404613,0.15995067
M4_block_alpha_full_response,4,0.04571433796909749,0.0020898006959528684,TRUE,delta_alpha,delta_alpha[37],0.1477821679690975,0.0817039965,-0.5455886775,0.842274055,1.000380829385955,4276.664820945308,2953.934318123758,0.10206783
M4_block_alpha_full_response,4,0.46323619030021,0.21458776800385237,TRUE,delta_alpha,delta_alpha[38],0.10306274030021,0.051200288499999996,-0.3621754545,0.7090674395,1.0017086482980677,4258.61794350686,2588.005845869518,-0.36017345
M4_block_alpha_full_response,4,0.14475660587608224,0.020954474944763407,TRUE,delta_alpha,delta_alpha[39],0.05966397587608225,0.013659702499999999,-0.3296249885,0.6461110279999998,0.9997329779514603,4913.782562969515,2512.3604360655067,-0.08509263
M4_block_alpha_full_response,4,0.095437610038305,0.009108337409823575,FALSE,delta_alpha,delta_alpha[40],0.120208803038305,0.112150925,0.0452112977,0.2266694404999999,1.0006875427579212,5994.873819507518,2496.6349050247136,0.024771193
M4_block_alpha_full_response,4,-0.06655962600481874,0.004430183813901343,TRUE,delta_alpha,delta_alpha[41],0.17378354399518126,0.0930942115,-0.4962781185,0.8463932679999999,1.001836322283598,5478.1974138040005,3001.2351151920298,0.24034317
M4_block_alpha_full_response,4,-0.14181594987543517,0.02011176363907194,TRUE,delta_alpha,delta_alpha[42],0.13196608012456484,0.0957570925,-0.28806247399999996,0.6712585994999989,1.0010885698780132,3672.581919301934,3032.634757835781,0.27378203
M4_block_alpha_full_response,4,-0.25072334644982575,0.06286219645499935,TRUE,delta_alpha,delta_alpha[43],0.24078661355017425,0.25230103000000004,-0.23027820000000002,0.6528760649999997,0.9996110531556042,4403.209489269462,2418.7416984000292,0.49150996
M4_block_alpha_full_response,4,-0.29573371519925495,0.08745843030555404,TRUE,delta_alpha,delta_alpha[44],0.580863424800745,0.64682796,0.0015304072695000231,0.9300528894999996,0.9997196818831751,4079.0328164179086,2593.659585936767,0.87659714
M4_block_alpha_full_response,4,0.10278723767290998,0.010565216228427285,TRUE,delta_alpha,delta_alpha[45],0.25649683767291,0.222757075,-0.05681040455,0.6898068474999997,1.001253740192706,4630.101295794324,2186.021217941599,0.1537096
M4_block_alpha_full_response,4,0.04516073860597003,0.0020394923114367518,TRUE,delta_alpha,delta_alpha[46],0.30966869860597,0.29962011,0.007808399260000002,0.6525915169999998,1.0007922371830962,6470.74594372209,2811.397616872023,0.26450796
M4_block_alpha_full_response,4,0.41251201787522374,0.17016616489148892,TRUE,delta_alpha,delta_alpha[47],0.06677599787522374,0.009322638250000001,-0.5985635575,0.8023949564999999,0.999936713273049,4326.730965419742,2883.3477343276472,-0.34573602
M4_block_alpha_full_response,4,0.36662204320846303,0.13441172256634815,TRUE,delta_alpha,delta_alpha[48],0.409828592208463,0.45959872,-0.3330096135,0.9433872919999998,1.0001839377938002,4277.301497712908,3243.7166754429577,0.043206549
M4_block_alpha_full_response,4,0.719798594073722,0.5181100160305069,FALSE,delta_alpha,delta_alpha[49],0.125917254073722,0.050665934999999995,-0.43198118649999995,0.7879664249999999,1.0012018563357086,4024.153453663015,2679.114157318232,-0.59388134
M4_block_alpha_full_response,4,0.1372021161115575,0.018824420665489304,TRUE,delta_alpha,delta_alpha[50],0.1987890761115575,0.18397822,-0.40505599449999996,0.811202363,1.0032337685964967,4205.168279636771,2406.149579827025,0.06158696
M4_block_alpha_full_response,4,0.010190101525404251,1.0383816909804605e-4,TRUE,delta_alpha,delta_alpha[51],-0.00832695247459575,0.0046247054999999995,-0.2045222665,0.09213325159999997,1.0010606378514408,4002.5421742885324,2801.51927362326,-0.018517054
M4_block_alpha_full_response,4,0.10934201993557499,0.011955677323591679,FALSE,delta_alpha,delta_alpha[52],-0.096792760064425,-0.09656622000000001,-0.20286407599999998,0.0046415963949999915,1.0016612642593585,4410.18739576844,2237.6223489741938,-0.20613478
M4_block_alpha_full_response,4,-0.15222406972531452,0.023172167403737415,TRUE,delta_alpha,delta_alpha[53],0.2341839402746855,0.16614742500000002,-0.3843143785,0.8868442834999999,0.9998827898209234,4946.898452784432,2601.961427286073,0.38640801
M4_block_alpha_full_response,4,-0.1924338735751005,0.03703079569911776,TRUE,delta_alpha,delta_alpha[54],0.1039466364248995,0.03808476,-0.43525036799999994,0.7593510699999997,0.9995570053667188,4760.731562996399,3004.923502046097,0.29638051
M4_block_alpha_full_response,4,0.296361927841272,0.08783039227379533,TRUE,delta_alpha,delta_alpha[55],0.298388706941272,0.288442005,-0.384698285,0.8909876734999999,1.0004191504420124,4375.199675968026,2789.0436380236583,0.0020267791
M4_block_alpha_full_response,4,-0.2406058143517325,0.057891157899860365,TRUE,delta_alpha,delta_alpha[56],0.1731145356482675,0.15174765499999998,-0.40539700149999996,0.7499218514999999,1.0010178867130022,4934.179785255631,2789.8280412209006,0.41372035
M4_block_alpha_full_response,4,0.2296996367051839,0.05276192310249347,TRUE,delta_alpha,delta_alpha[57],0.2510815767051839,0.116519975,-0.270589959,0.9105731380000001,1.0007923947993507,3208.656006754557,2785.8768879207105,0.02138194
M4_block_alpha_full_response,4,-0.1871567232791778,0.03502763906859873,TRUE,delta_alpha,delta_alpha[58],-0.3817701832791778,-0.36509704,-0.7614448589999999,-0.052899319350000036,1.0006521531336157,7727.912847959507,2821.0498557327296,-0.19461346
M4_block_alpha_full_response,4,5.2484744443765e-4,2.754648399327321e-7,TRUE,delta_alpha,delta_alpha[59],0.01287578844443765,0.0142792655,-0.05053509705,0.0723683531,1.0007071729297221,5722.907471509489,3256.459168225203,0.012350941
M4_block_alpha_full_response,4,-0.1827850371590875,0.033410369809248996,TRUE,delta_alpha,delta_alpha[60],-0.0829096111590875,-0.085804667,-0.28669931649999997,0.1301114569999999,1.0007820634687923,5174.628575361539,3361.5225756239997,0.099875426
M4_block_alpha_full_response,4,0.043938719027249995,0.0019306110297556208,TRUE,delta_alpha,delta_alpha[61],0.31954171902725,0.30187187,0.1750261105,0.5181297655,1.0012118407802553,5056.4527216255,2384.2356673455834,0.275603
M4_block_alpha_full_response,4,-0.14266571926502047,0.020353507453405636,TRUE,delta_alpha,delta_alpha[62],0.1970562707349795,0.121275595,-0.3051536329999999,0.8161228214999997,1.0006424697935568,5237.435528166853,2821.361134815941,0.33972199
M4_block_alpha_full_response,4,0.020382058167152495,4.154282951291877e-4,TRUE,delta_alpha,delta_alpha[63],0.1480636081671525,0.13948482,-0.201284421,0.5170379084999999,1.001003887189676,4575.672059286962,2332.617327566928,0.12768155
M4_block_alpha_full_response,4,0.40367119017790115,0.16295042977964325,TRUE,delta_alpha,delta_alpha[64],0.31537539817790117,0.349290275,-0.3329026,0.8601915824999998,1.0004769940991638,5182.77156853676,3277.3378483564534,-0.088295792
M4_block_alpha_full_response,4,0.251635034652871,0.0633201906647516,TRUE,delta_alpha,delta_alpha[65],-0.220340095347129,-0.21794523,-0.8080165914999999,0.4863345304999994,1.0024275162781642,2678.7619758622436,2499.244136766463,-0.47197513
M4_block_alpha_full_response,4,1.6386547912572573,2.6851895249103657,FALSE,delta_log_alpha,delta_log_alpha[1],-0.3608834087427425,-0.5401708199999999,-1.5942312449999998,1.6657293549999976,1.0000762012973194,4304.743708687188,2708.243783555062,-1.9995382
M4_block_alpha_full_response,4,0.7060125326963675,0.49845369632433945,TRUE,delta_log_alpha,delta_log_alpha[2],0.7206111116963675,0.58935225,-3.078372505,4.934384474999999,1.0010352239145939,6268.546394879673,2859.5317327651264,0.014598579
M4_block_alpha_full_response,4,-1.122791424185377,1.260660582224227,TRUE,delta_log_alpha,delta_log_alpha[3],1.973729375814623,1.8181424499999999,0.15185528450000002,4.2613381,1.0021559752038798,4403.056424727241,2823.643013489101,3.0965208
M4_block_alpha_full_response,4,0.410133784617805,0.16820972128492404,TRUE,delta_log_alpha,delta_log_alpha[4],-0.339485535382195,-0.34634703,-0.9269906450000001,0.26748238099999994,1.0016319359256283,6490.477960199703,3303.8999195166853,-0.74961932
M4_block_alpha_full_response,4,0.7515111134012825,0.5647689535656353,TRUE,delta_log_alpha,delta_log_alpha[5],0.3463125134012825,0.32157967,-4.30145228,5.086934184999997,1.0020786866293998,4027.1745184847073,2955.534188035751,-0.4051986
M4_block_alpha_full_response,4,0.48757290905125755,0.23772734164070586,TRUE,delta_log_alpha,delta_log_alpha[6],0.7465438190512576,0.695629995,-1.8376165349999998,3.0749804299999965,1.0005223462204007,3092.396357042233,2563.350166681042,0.25897091
M4_block_alpha_full_response,4,0.909381341771575,0.8269744247622701,TRUE,delta_log_alpha,delta_log_alpha[7],0.14447084177157501,0.149960525,-4.069061505,4.301056974999993,1.001105348411013,3796.648872840927,2786.5198187874885,-0.7649105
M4_block_alpha_full_response,4,0.70717285662645,0.5000934491492136,TRUE,delta_log_alpha,delta_log_alpha[8],0.09013215662645001,0.0102965725,-3.98944164,4.52974743999999,1.0005859216033834,4984.413911554029,2732.542796288097,-0.6170407
M4_block_alpha_full_response,4,-0.271852187637757,0.07390361192343423,TRUE,delta_log_alpha,delta_log_alpha[9],0.618349642362243,0.5209019749999999,-3.7382243149999996,5.196518874999997,0.999634219111793,5731.107801650207,3122.952035230256,0.89020183
M4_block_alpha_full_response,4,-3.7753836400133496,14.25352162928045,FALSE,delta_log_alpha,delta_log_alpha[10],2.13837215998665,2.01978885,0.4568770155,4.2824777549999995,1.0004225087162908,3711.732038107615,2821.428565522981,5.9137558
M4_block_alpha_full_response,4,0.5285256798795375,0.27933939429212734,TRUE,delta_log_alpha,delta_log_alpha[11],-1.6130664201204625,-1.85319575,-5.3818983949999994,2.9213509449999977,0.9994834169893673,2920.4223683189184,2483.3658702105377,-2.1415921
M4_block_alpha_full_response,4,0.09864507119316479,0.00973085007070455,TRUE,delta_log_alpha,delta_log_alpha[12],0.6358590011931647,0.5945293199999999,-0.7174140099999999,2.1024779549999986,1.0008282829079833,7311.950855656004,2524.784998825555,0.53721393
M4_block_alpha_full_response,4,-1.0215024815664002,1.0434673198463138,TRUE,delta_log_alpha,delta_log_alpha[13],1.1893193184336,1.12630535,-2.557941595,5.135937564999999,1.0003672485681776,5885.0341612607435,2971.096264927928,2.2108218
M4_block_alpha_full_response,4,-2.3723271246963225,5.627935986569921,TRUE,delta_log_alpha,delta_log_alpha[14],1.1404572753036777,1.131206,-3.07173097,5.381689774999995,1.003839934094089,5995.857574024618,2946.769219419823,3.5127844
M4_block_alpha_full_response,4,-0.6047061619227909,0.3656695422673926,TRUE,delta_log_alpha,delta_log_alpha[15],-0.369996821922791,-0.373202615,-1.44182996,0.7653405559999953,1.0016962973276906,4268.65866523476,2161.9699618245522,0.23470934
M4_block_alpha_full_response,4,-3.6251229116011077,13.141516124215292,TRUE,delta_log_alpha,delta_log_alpha[16],1.1264546883988924,1.000362535,-3.288979105,5.5886490449999995,1.0001298031596377,6344.934323776833,2775.864547315817,4.7515776
M4_block_alpha_full_response,4,1.2195667213256474,1.4873429877649893,TRUE,delta_log_alpha,delta_log_alpha[17],1.5469439013256474,1.5124572,-2.280584835,5.395484279999999,1.0002300839542995,5085.346104669473,2871.9404490458633,0.32737718
M4_block_alpha_full_response,4,0.17371860026966002,0.030178152079649922,TRUE,delta_log_alpha,delta_log_alpha[18],1.74816800026966,1.5868389999999999,-0.21248085349999998,4.25037655,1.0015534416824823,5288.430306635132,2356.044740000354,1.5744494
M4_block_alpha_full_response,4,-2.2966878744810275,5.27477519278818,TRUE,delta_log_alpha,delta_log_alpha[19],1.7335220255189725,1.7926030499999999,-2.6114674149999995,5.905747955,1.000510070864287,6435.009468889334,3112.853147379153,4.0302099
M4_block_alpha_full_response,4,-3.9677805738584846,15.743282682288765,TRUE,delta_log_alpha,delta_log_alpha[20],0.522994226141515,0.409299685,-3.5215767699999994,4.946676269999999,1.0005694014057727,5530.833579721514,2265.8194573318847,4.4907748
M4_block_alpha_full_response,4,2.8911789179456875,8.358915535573596,TRUE,delta_log_alpha,delta_log_alpha[21],2.8613480949456873,3.1868196500000003,-0.36561266499999995,6.558854015,1.0024322271314894,1789.152407104006,3078.0241020607045,-0.029830823
M4_block_alpha_full_response,4,0.3102514320426425,0.09625595108451042,TRUE,delta_log_alpha,delta_log_alpha[22],0.2336873360426425,0.16599682999999998,-4.083401749999999,4.770830334999999,1.0021650808902407,5070.518196328814,3164.6466157340774,-0.076564096
M4_block_alpha_full_response,4,0.19884672298874984,0.03954001924336461,TRUE,delta_log_alpha,delta_log_alpha[23],1.95511042298875,1.8579766,0.16670229850000012,4.125030740000001,1.000608640451336,3404.6976421839136,2541.612010487921,1.7562637
M4_block_alpha_full_response,4,-1.17096183192923,1.3711516118350584,TRUE,delta_log_alpha,delta_log_alpha[24],1.63974616807077,1.5703899,0.515742633,2.9815249049999997,1.0007844732456233,7336.641778066653,3086.643439243823,2.810708
M4_block_alpha_full_response,4,0.89921402222591,0.8085858577676993,TRUE,delta_log_alpha,delta_log_alpha[25],1.14224289222591,0.8060626049999999,-2.8008151649999995,5.576576885,1.0016061729186363,3508.1189054754623,2798.024038488071,0.24302887
M4_block_alpha_full_response,4,-0.5817260081660001,0.3384051485767492,TRUE,delta_log_alpha,delta_log_alpha[26],1.936606991834,1.8084949,0.774198839,3.554907094999998,1.0009779872060744,3719.6575599943453,2716.894235087512,2.518333
M4_block_alpha_full_response,4,-0.5911727188197701,0.34948518347675894,TRUE,delta_log_alpha,delta_log_alpha[27],0.56595708118023,0.473181075,-1.9750813799999998,3.3188882599999996,1.003983248978547,5706.688210044693,3132.5012230776797,1.1571298
M4_block_alpha_full_response,4,1.4731617689298502,2.1702055974365253,TRUE,delta_log_alpha,delta_log_alpha[28],1.34609506892985,1.3213655,-2.7328078499999995,5.425931499999999,1.0000944528585844,6075.676716304152,2929.5222196331383,-0.1270667
M4_block_alpha_full_response,4,1.6776679360413975,2.8145697036214026,TRUE,delta_log_alpha,delta_log_alpha[29],1.6915097510413974,1.5973106499999998,-2.3791565899999996,5.894769189999992,0.9999411723569696,4692.014715888192,3120.998519686612,0.013841815
M4_block_alpha_full_response,4,1.9331305130085248,3.736993580324602,TRUE,delta_log_alpha,delta_log_alpha[30],2.441198593008525,2.5844504500000003,-1.1542682499999999,6.41495837,1.001438776665589,2026.6740626706426,2928.3142299258316,0.50806808
M4_block_alpha_full_response,4,0.1129012396345625,0.012746689911020907,TRUE,delta_log_alpha,delta_log_alpha[31],0.2543680296345625,0.144365685,-2.588844545,3.571487954999999,1.0006627785128777,4184.686907314614,2412.6993439885987,0.14146679
M4_block_alpha_full_response,4,0.9814898322060499,0.96332229072386,TRUE,delta_log_alpha,delta_log_alpha[32],1.66529168220605,1.3652284,-0.028543853899999975,4.548109454999999,1.0035702947617198,3302.5617133292362,1833.3870028522235,0.68380185
M4_block_alpha_full_response,4,-2.5699020941239126,6.604396773382471,TRUE,delta_log_alpha,delta_log_alpha[33],0.3637192058760875,0.225644715,-3.8612689549999994,5.009438605,1.000852067680343,5356.550804607738,3166.3212817618705,2.9336213
M4_block_alpha_full_response,4,-7.48327822701525,55.9994530229205,FALSE,delta_log_alpha,delta_log_alpha[34],3.89698977298475,3.72804205,1.58986149,6.81990416,1.0020768218324307,6269.056197986854,2196.160228489034,11.380268
M4_block_alpha_full_response,4,-0.6322405567858125,0.3997281216448342,TRUE,delta_log_alpha,delta_log_alpha[35],0.5065225432141875,0.555592765,-0.8167448285,1.5269979499999988,1.0010369292523607,3780.4613924200908,2717.9109623301288,1.1387631
M4_block_alpha_full_response,4,0.169828440326527,0.02884169914374074,TRUE,delta_log_alpha,delta_log_alpha[36],0.762935520326527,0.696462515,-3.533501905,5.037111484999997,0.9996452077310134,6464.185698870531,2621.136060919677,0.59310708
M4_block_alpha_full_response,4,-2.819689491075375,7.950648826080907,TRUE,delta_log_alpha,delta_log_alpha[37],0.999819108924625,0.91532879,-3.038489915,5.111565419999999,0.9998838590778075,5313.315363402127,3130.2750192447784,3.8195086
M4_block_alpha_full_response,4,1.1361435388698176,1.2908221409156326,TRUE,delta_log_alpha,delta_log_alpha[38],0.6003418688698176,0.3619428,-1.81087449,3.985134894999997,1.0009694151203483,3278.633705105446,2116.6600591795363,-0.53580167
M4_block_alpha_full_response,4,0.9226103068020493,0.8512097782173714,TRUE,delta_log_alpha,delta_log_alpha[39],0.21864610680204924,0.17155167999999998,-2.8875018849999994,3.6851527849999983,1.0011975919492768,3713.0896920595487,2493.70049495081,-0.7039642
M4_block_alpha_full_response,4,-1.0093943744920004,1.0188770032560968,TRUE,delta_log_alpha,delta_log_alpha[40],4.620083725508,4.461392200000001,2.830699,6.957327125,0.9997681142592472,5307.961921277051,2684.580206251083,5.6294781
M4_block_alpha_full_response,4,0.8543589678773125,0.7299292459923866,TRUE,delta_log_alpha,delta_log_alpha[41],1.1819781778773124,1.1361368,-3.061889035,5.436450889999999,1.001441105850442,6262.897414277072,3195.792361250469,0.32761921
M4_block_alpha_full_response,4,-1.7389742457498498,3.024031427381259,TRUE,delta_log_alpha,delta_log_alpha[42],1.30744275425015,1.3124942499999999,-2.0525123499999998,4.7706335499999994,1.0021836931609276,5127.604382598251,2462.8397819043917,3.046417
M4_block_alpha_full_response,4,-0.27878444675394,0.0777207677519004,TRUE,delta_log_alpha,delta_log_alpha[43],0.98600835324606,0.888815825,-0.6559936529999999,2.9510286299999975,1.0003335315273625,4462.659355366133,2504.262670037332,1.2647928
M4_block_alpha_full_response,4,-0.40783154820249745,0.166326571709246,TRUE,delta_log_alpha,delta_log_alpha[44],2.0729776517975025,2.03641305,0.0023168429745000366,4.32588729,1.0015613692387697,4754.092067537843,2593.659585936767,2.4808092
M4_block_alpha_full_response,4,0.9590781999831999,0.9198309936830147,TRUE,delta_log_alpha,delta_log_alpha[45],1.4508935399832,1.34273685,-0.28156001899999994,3.505870494999998,1.0017895418270557,4365.4399428651295,2044.4589352193013,0.49181534
M4_block_alpha_full_response,4,-0.21693856833557756,0.04706234243149006,TRUE,delta_log_alpha,delta_log_alpha[46],1.1811619316644224,1.1295819,0.027421449250000028,2.4850978849999983,1.0002324728163365,6555.651718867953,2976.420433707478,1.3981005
M4_block_alpha_full_response,4,3.3239733220361978,11.048798645608356,TRUE,delta_log_alpha,delta_log_alpha[47],0.2666608220361975,0.210894865,-3.8935921149999997,4.675698219999995,1.0003182181339896,4353.389428791039,2966.527539795631,-3.0573125
M4_block_alpha_full_response,4,-0.18663046860657628,0.034830931812310256,TRUE,delta_log_alpha,delta_log_alpha[48],2.429455031393424,2.5300711,-1.4194102499999999,6.309788504999999,1.0000496465317135,4837.828478112982,2865.352415995611,2.6160855
M4_block_alpha_full_response,4,3.992423901013577,15.939448605384468,TRUE,delta_log_alpha,delta_log_alpha[49],1.0057071010135774,0.89516096,-3.0400391399999998,5.201950544999997,1.0006919984463185,5571.019426076559,2607.671745048322,-2.9867168
M4_block_alpha_full_response,4,0.60500239123551,0.36602789340068514,TRUE,delta_log_alpha,delta_log_alpha[50],0.68159780023551,0.29986292999999997,-0.8530303265,3.854747739999996,1.002760488460544,2975.199675089393,2297.0309189922204,0.076595409
M4_block_alpha_full_response,4,0.4124888586895925,0.17014705854304263,TRUE,delta_log_alpha,delta_log_alpha[51],0.1357247786895925,0.18008122,-2.241389885,2.2441363099999996,1.0011090938960114,4838.212704837951,2874.3354481957913,-0.27676408
M4_block_alpha_full_response,4,0.13029280831955004,0.016976215899795005,TRUE,delta_log_alpha,delta_log_alpha[52],-1.83164809168045,-1.7521528499999999,-4.182459545,0.1562842909999991,1.0009654700014472,2713.0057499875534,1855.6556698440565,-1.9619409
M4_block_alpha_full_response,4,1.2512715373470975,1.5656804601749688,TRUE,delta_log_alpha,delta_log_alpha[53],1.7450686273470974,1.7170790500000002,-2.64235183,5.882633984999998,1.0012095249960797,6169.928108245736,3233.908465994716,0.49379709
M4_block_alpha_full_response,4,-2.480854229694455,6.154637708992867,TRUE,delta_log_alpha,delta_log_alpha[54],0.862915170305545,0.749688,-2.8841054849999996,4.971871219999998,0.99978493581692,5299.323462857854,2702.0393365410628,3.3437694
M4_block_alpha_full_response,4,1.856298195838645,3.4458429918738087,TRUE,delta_log_alpha,delta_log_alpha[55],1.858357173238645,1.78672955,-1.6366938949999998,5.660931029999996,1.0000342988630944,4696.384432305769,2794.560173672004,0.0020589774
M4_block_alpha_full_response,4,-3.7059344675294748,13.733950277622972,TRUE,delta_log_alpha,delta_log_alpha[56],1.864647432470525,1.7971078999999999,-1.73877329,5.870035099999998,1.0026486433739925,4936.50667347247,2649.0906136610542,5.5705819
M4_block_alpha_full_response,4,1.610897374166735,2.5949903500972815,TRUE,delta_log_alpha,delta_log_alpha[57],1.831538924166735,1.7641559,-2.2676651999999997,6.066911009999999,1.0006308057261577,4075.278475156991,2839.4925185730654,0.22064155
M4_block_alpha_full_response,4,0.29931023511307253,0.08958661684344275,TRUE,delta_log_alpha,delta_log_alpha[58],-1.6015282648869276,-1.6698699000000001,-2.46034904,-0.4841514870000018,1.0003769638679831,6892.849748139651,3265.984325912814,-1.9008385
M4_block_alpha_full_response,4,0.014743835473952499,2.1738068448298012e-4,TRUE,delta_log_alpha,delta_log_alpha[59],0.1843178854739525,0.19536747,-0.6338388439999999,0.9783366674999999,1.0005042795353192,5873.375231986377,3385.848037605874,0.16957405
M4_block_alpha_full_response,4,-0.44387907779846003,0.19702863570721132,TRUE,delta_log_alpha,delta_log_alpha[60],-0.22823112779846,-0.22644711,-0.7871599965,0.32355285699999903,1.0012178762393902,5403.291076527679,3065.287215051023,0.21564795
M4_block_alpha_full_response,4,-2.0190997863989995,4.076763947436485,TRUE,delta_log_alpha,delta_log_alpha[61],3.108382513601,2.8985346,1.4157347599999999,5.5454429199999975,1.0022217660257355,5835.134193388972,2430.2472435896034,5.1274823
M4_block_alpha_full_response,4,-3.1536583324874545,9.945560878067552,TRUE,delta_log_alpha,delta_log_alpha[62],1.478489567512545,1.40991,-2.458765535,5.570240714999999,1.0003349444483147,5576.736042625691,2893.6881918248755,4.6321479
M4_block_alpha_full_response,4,0.18856029074752997,0.035554983246793036,TRUE,delta_log_alpha,delta_log_alpha[63],0.32826665074753,0.22764086,-0.3486728285,1.3784049249999992,1.0012363133562552,4132.657370125255,1940.0657517597824,0.13970636
M4_block_alpha_full_response,4,1.48693239194303,2.2109679382094205,TRUE,delta_log_alpha,delta_log_alpha[64],1.39218596394303,0.806392565,-0.6798320914999998,5.177549054999992,0.9997855788830445,3533.134127566869,2553.5443501714976,-0.094746428
M4_block_alpha_full_response,4,0.7827964793937952,0.6127703281513204,TRUE,delta_log_alpha,delta_log_alpha[65],-1.572461220606205,-1.86157375,-4.307696765,1.8731536299999993,1.001802608121814,2499.9063985638254,2423.5215488414883,-2.3552577
