model,replication,bias,squared_error,covered,parameter_class,parameter,recovered_mean,recovered_median,lower_interval,upper_interval,rhat,ess_bulk,ess_tail,true_value
M4_block_alpha_full_response,3,-0.8550649940422974,0.7311361440365541,TRUE,group_mu_alpha_stable_raw,mu_alpha_raw[1],-1.9304229940422974,-1.9281621,-2.836803345,-1.0434062400000002,1.0000745848645007,1027.5975721045193,1582.6505368841808,-1.075358
M4_block_alpha_full_response,3,0.010839187271524997,1.1748798070718951e-4,TRUE,group_mu_alpha_volatile_raw,mu_alpha_raw[2],-0.686855382728475,-0.696233085,-1.57819482,0.21942651899999974,1.001930097699586,1075.197687736853,1617.5466750671226,-0.69769457
M4_block_alpha_full_response,3,0.2607962821750003,0.06801470079630237,TRUE,group_sigma_alpha_stable_raw,sigma_alpha_raw[1],2.851289582175,2.82384155,2.280513805,3.5058676849999992,1.0003375040054774,2642.7757809201526,2940.556934256521,2.5904933
M4_block_alpha_full_response,3,-0.06626081607499978,0.00439049574692495,TRUE,group_sigma_alpha_volatile_raw,sigma_alpha_raw[2],2.998416583925,2.98085255,2.4024217,3.6837956999999992,1.0002964260801055,2846.743625591167,2993.3361081103317,3.0646774
M4_block_alpha_full_response,3,-0.11319601281294,0.012813337316747279,TRUE,group_mu_beta_raw,mu_beta_raw,0.31422886718706,0.320122205,-0.07089529889999999,0.669342386,1.0007664463598012,499.6122574196176,1237.129206373392,0.42742488
M4_block_alpha_full_response,3,-0.3800504226475001,0.14443832375454346,FALSE,group_sigma_beta_raw,sigma_beta_raw,1.5441604773525,1.52968395,1.263446485,1.8764269749999998,1.0038148785234666,1130.3769230042858,2170.8179308503577,1.9242109
M4_block_alpha_full_response,3,-0.22161854809529835,0.04911478085986807,TRUE,alpha_stable,"alpha[1,1]",0.5323498919047016,0.56972088,0.017448089649999998,0.976977504,1.0010227932857896,3801.352542693842,2686.1760320495328,0.75396844
M4_block_alpha_full_response,3,0.22871731147347946,0.05231160856765662,TRUE,alpha_stable,"alpha[2,1]",0.24253389047347945,0.0976146435,0.0014821894200000001,0.9134242465,1.0003840726037139,5061.522094029929,2865.731829893478,0.013816579
M4_block_alpha_full_response,3,0.017684345244859997,3.127360667394024e-4,TRUE,alpha_stable,"alpha[3,1]",0.02406186324486,0.017073183,0.005179447435000001,0.05069599529999998,1.0004294999802759,3237.054231663245,1866.2669336229144,0.006377518
M4_block_alpha_full_response,3,-0.363954086716364,0.1324625772375426,TRUE,alpha_stable,"alpha[4,1]",0.588354043283636,0.63880492,0.026395396350000003,0.975424835,1.00196292021977,3950.7876004424074,2478.4124875496927,0.95230813
M4_block_alpha_full_response,3,-0.568219917374529,0.3228738745011166,TRUE,alpha_stable,"alpha[5,1]",0.294096162625471,0.1607016,0.0025338172300000002,0.9372037934999999,1.000898048921344,5761.479439328783,2794.7060870716095,0.86231608
M4_block_alpha_full_response,3,0.00386312763640001,1.4923755135117528e-5,TRUE,alpha_stable,"alpha[6,1]",0.2047805676364,0.160855125,0.04325227820000001,0.510066276,1.0003869779364067,3923.152608991387,1646.9012810486458,0.20091744
M4_block_alpha_full_response,3,0.060754343062267235,0.003691090200927659,TRUE,alpha_stable,"alpha[7,1]",0.19855403306226724,0.0583453345,7.819222160000001e-4,0.878261957,0.9994917888999576,5839.495391461513,3031.887991633132,0.13779969
M4_block_alpha_full_response,3,0.24626986605729728,0.06064884692787914,TRUE,alpha_stable,"alpha[8,1]",0.26825801205729727,0.140349135,0.0019440741100000005,0.9094182484999995,1.000484747566861,5877.147818864498,2651.3787949579246,0.021988146
M4_block_alpha_full_response,3,-0.2787420387457453,0.07769712416413459,TRUE,alpha_stable,"alpha[9,1]",0.3462944412542547,0.21547461499999998,0.003592495585000001,0.962359383,1.0001118114976508,6098.287420205444,3186.1628085504717,0.62503648
M4_block_alpha_full_response,3,-3.334870796286248e-5,1.1121363227922875e-9,TRUE,alpha_stable,"alpha[10,1]",0.0012197286920371374,8.9136253e-4,5.975901745000001e-5,0.0034490040199999994,0.9999540159269421,3721.8893591292353,2711.124878836016,0.0012530774
M4_block_alpha_full_response,3,-0.47603606574793594,0.22661033589277318,TRUE,alpha_stable,"alpha[11,1]",0.27438734425206407,0.11562819499999999,0.0014319352700000003,0.9484663280000001,1.0013444820805897,6514.905622724955,2948.446420195203,0.75042341
M4_block_alpha_full_response,3,-0.09950361071444,0.009900968545210819,TRUE,alpha_stable,"alpha[12,1]",0.15567791928556,0.146415275,0.052828106799999996,0.2847494685,1.0020511992852053,6194.876648108365,2534.494980385351,0.25518153
M4_block_alpha_full_response,3,0.013222859556610955,1.7484401485385768e-4,TRUE,alpha_stable,"alpha[13,1]",0.298148739556611,0.15649462,0.0016273624750000005,0.9288827459999996,0.9996565657659532,5083.963881277523,2910.027376574987,0.28492588
M4_block_alpha_full_response,3,-0.6812811236160797,0.4641439693955881,FALSE,alpha_stable,"alpha[14,1]",0.2845054463839203,0.12221933,9.55483391e-4,0.948933711,1.001371197456571,6415.241916764978,2555.490895775536,0.96578657
M4_block_alpha_full_response,3,-0.21166630801216157,0.04480262594749926,TRUE,alpha_stable,"alpha[15,1]",0.5102916119878385,0.514737995,0.03087261225,0.9710125624999998,1.0023012196866783,5452.915992290904,1934.8029659912736,0.72195792
M4_block_alpha_full_response,3,0.42413830626218074,0.17989330283895144,TRUE,alpha_stable,"alpha[16,1]",0.5016850832621808,0.56030716,0.0021931284799999997,0.9867369149999999,1.000224287205838,3794.9596121317836,3176.5142960774842,0.077546777
M4_block_alpha_full_response,3,-0.44624609722601116,0.1991355792894466,TRUE,alpha_stable,"alpha[17,1]",0.5284618027739888,0.55197987,0.030034908150000005,0.978652,1.0011018182979818,5434.672080847809,2493.701573320787,0.9747079
M4_block_alpha_full_response,3,0.352328676550628,0.12413549631991704,FALSE,alpha_stable,"alpha[18,1]",0.356948830450628,0.25945370999999995,0.004787677915000001,0.9522255324999999,1.0007625603934922,5522.701595080641,2548.3178532086145,0.0046201539
M4_block_alpha_full_response,3,-0.45836005374814953,0.21009393887200653,TRUE,alpha_stable,"alpha[19,1]",0.18454769625185047,0.057383476,8.72939983e-4,0.8334101004999996,1.0021941238355965,6040.305127058377,2592.0591706870005,0.64290775
M4_block_alpha_full_response,3,-0.023360939054280994,5.45733473497831e-4,TRUE,alpha_stable,"alpha[20,1]",0.326212860945719,0.19121731,0.0014059574150000003,0.9628590869999999,1.0000125008350427,5985.71022779857,2891.3809315520684,0.3495738
M4_block_alpha_full_response,3,0.09586648205037501,0.009190382380714875,TRUE,alpha_stable,"alpha[21,1]",0.279652382050375,0.14617817500000002,0.00157075377,0.9268413879999999,0.9998150804215602,6008.882732785064,3069.5881979170904,0.1837859
M4_block_alpha_full_response,3,-0.19267007109223255,0.03712175629468595,TRUE,alpha_stable,"alpha[22,1]",0.27450401890776743,0.10264082,0.0011773196449999998,0.9475088759999997,1.001604458439423,5310.8597018577875,3164.06289539996,0.46717409
M4_block_alpha_full_response,3,3.6694746539414993e-4,1.3465044235919085e-7,TRUE,alpha_stable,"alpha[23,1]",0.00159985936539415,0.00111298195,6.446466385000001e-5,0.004764038269999998,1.0001412350769865,5212.969619335206,3080.7116903850306,0.0012329119
M4_block_alpha_full_response,3,0.13198187219825008,0.017419214588955217,TRUE,alpha_stable,"alpha[24,1]",0.70312253219825,0.7223572899999999,0.35610265249999995,0.9782965414999999,1.0017193811830007,4874.565876983068,2043.7701894645938,0.57114066
M4_block_alpha_full_response,3,-0.3679413301501663,0.13538082243267366,TRUE,alpha_stable,"alpha[25,1]",0.17475472984983376,0.12018876,0.003316481895000001,0.5557081304999999,1.0011372446542133,4012.095685663131,2113.294087603035,0.54269606
M4_block_alpha_full_response,3,-0.00158272575134314,2.505020803964707e-6,TRUE,alpha_stable,"alpha[26,1]",0.00158012664865686,0.0011276133,7.205464475e-5,0.004577595824999998,1.00001032161756,4149.178603871551,2619.626007305401,0.0031628524
M4_block_alpha_full_response,3,0.004064232634485699,1.6517986907218567e-5,TRUE,alpha_stable,"alpha[27,1]",0.0067194648344857,0.00326777565,1.3133005650000002e-4,0.021351187499999973,0.9999350371526831,4732.243754867302,2522.4432530815197,0.0026552322
M4_block_alpha_full_response,3,0.028567774877812785,8.161177614693912e-4,TRUE,alpha_stable,"alpha[28,1]",0.1901312548778128,0.0427872125,6.06626389e-4,0.8953860949999997,1.000009852282238,5268.3047859371445,2727.746592379429,0.16156348
M4_block_alpha_full_response,3,-0.10956860988434247,0.012005280271987231,TRUE,alpha_stable,"alpha[29,1]",0.8281133101156575,0.891817365,0.442556908,0.9946056325,1.0110535756514694,1230.743319002035,350.7519776207907,0.93768192
M4_block_alpha_full_response,3,-0.2259074245112599,0.05103416444931059,TRUE,alpha_stable,"alpha[30,1]",0.10634255548874012,0.0569128985,0.0015724925850000003,0.3735226634999999,1.0013185615870583,5023.532588729264,2344.1497988370984,0.33224998
M4_block_alpha_full_response,3,-0.28884849403582946,0.0834334525067666,FALSE,alpha_stable,"alpha[31,1]",0.0893900759641705,0.0371091665,0.001614502445,0.34143948650000006,0.9998877369617397,5204.608332224768,2331.071915857977,0.37823857
M4_block_alpha_full_response,3,0.14691408340815426,0.021583747903658107,TRUE,alpha_stable,"alpha[32,1]",0.5459657334081542,0.5751830250000001,0.03721739075000001,0.9469661364999999,1.0034569871849497,4108.2971023588325,1893.1385751620994,0.39905165
M4_block_alpha_full_response,3,0.229420506220704,0.05263376867456408,TRUE,alpha_stable,"alpha[33,1]",0.373015106220704,0.28535857,0.0035294764050000003,0.9613403249999998,1.0016295477851542,5050.931399866359,2868.4072815006025,0.1435946
M4_block_alpha_full_response,3,-0.4197031794832629,0.17615075886836,TRUE,alpha_stable,"alpha[34,1]",0.4762304405167371,0.50659494,0.009139206095000003,0.9390414999999999,1.006028809396631,3491.921193862984,2425.4220969852963,0.89593362
M4_block_alpha_full_response,3,2.2450413121351243e-4,5.040210493193401e-8,TRUE,alpha_stable,"alpha[35,1]",0.0010082199312135124,0.00079967688999999995,5.951664605000001e-5,0.0026282963099999988,1.0003176942305183,3992.4263742135763,2778.61906042736,7.837158e-4
M4_block_alpha_full_response,3,-0.6933733593704348,0.48076661548464206,FALSE,alpha_stable,"alpha[36,1]",0.29756333062956514,0.18194695,0.00241212689,0.9189916319999998,1.0009229292140398,5721.11137477602,2736.068256396283,0.99093669
M4_block_alpha_full_response,3,0.2220118311040273,0.049289253150163144,TRUE,alpha_stable,"alpha[37,1]",0.2305017130040273,0.0899077895,0.00103773289,0.8976032564999998,1.0000005921981994,6538.272884734774,2760.8961328948576,0.0084898819
M4_block_alpha_full_response,3,0.083097127480577,0.006905132595523266,TRUE,alpha_stable,"alpha[38,1]",0.096671325480577,0.032205699000000004,6.166219505000001e-4,0.3819774179999999,1.0001989947693137,5216.540243082118,2903.7307705797243,0.013574198
M4_block_alpha_full_response,3,0.03869026671663195,0.001496936738604118,TRUE,alpha_stable,"alpha[39,1]",0.30282894671663196,0.162852225,0.0016198555400000006,0.9472916089999999,1.000527556349945,5987.74194857454,2575.3664887827863,0.26413868
M4_block_alpha_full_response,3,0.003318492750501008,1.1012394135127744e-5,TRUE,alpha_stable,"alpha[40,1]",0.004313654750501008,0.00370909945,3.461177485e-4,0.010431344149999999,1.0007195644781066,3271.592816730229,2089.825029501793,9.95162e-4
M4_block_alpha_full_response,3,0.09948580910474704,0.009897426213226168,TRUE,alpha_stable,"alpha[41,1]",0.22133795910474705,0.110901635,0.00208462457,0.860780496,1.0004699592803656,5378.282453867945,3006.9126589785947,0.12185215
M4_block_alpha_full_response,3,-0.13696003812575205,0.018758052043407455,TRUE,alpha_stable,"alpha[42,1]",0.21627887187424796,0.066798755,7.345795995000001e-4,0.9106005334999999,1.0007731931874337,6079.8068985964355,3174.2275248151627,0.35323891
M4_block_alpha_full_response,3,-0.09941070082366904,0.009882487438253032,TRUE,alpha_stable,"alpha[43,1]",0.07374093917633096,0.0430091855,0.001575744,0.25126222649999996,1.0011057772773155,5307.321342933147,1890.8918307856711,0.17315164
M4_block_alpha_full_response,3,0.16124770076650746,0.02600082100248513,TRUE,alpha_stable,"alpha[44,1]",0.2841814407665075,0.18548941000000002,0.03179518675,0.8567537139999999,1.0008401303267673,3964.0436491208056,2280.3837749256127,0.12293374
M4_block_alpha_full_response,3,-0.5949180533864302,0.35392749024509945,TRUE,alpha_stable,"alpha[45,1]",0.2840163366135697,0.099691579,7.464437865000001e-4,0.9518560475,1.0003830057619545,4299.321908097157,3151.335122653636,0.87893439
M4_block_alpha_full_response,3,-0.02021808314317157,4.0877088598419836e-4,TRUE,alpha_stable,"alpha[46,1]",0.10569085685682843,0.0833952435,0.009764670925000003,0.2836275534999998,1.0016252398876866,4679.486615379679,2208.3763661683342,0.12590894
M4_block_alpha_full_response,3,0.3408141399244658,0.11615427797245335,TRUE,alpha_stable,"alpha[47,1]",0.3449132629244658,0.23363831000000002,0.003713594735,0.9524381435,1.0002925549580934,4545.109179811999,3009.094488070084,0.004099123
M4_block_alpha_full_response,3,-0.46209463811599494,0.2135314545755523,TRUE,alpha_stable,"alpha[48,1]",0.20245632188400509,0.077165155,0.001011082995,0.8759401994999997,0.9994706556787063,5932.416353125483,2854.1900076480806,0.66455096
M4_block_alpha_full_response,3,0.2279852207831614,0.051977260895546856,TRUE,alpha_stable,"alpha[49,1]",0.2297986374831614,0.086413963,0.001014443605,0.9119099794999999,0.9996992722118447,4809.754534641758,2593.0004066170177,0.0018134167
M4_block_alpha_full_response,3,-0.04268871026210752,0.001822325983842164,TRUE,alpha_stable,"alpha[50,1]",0.7770327797378925,0.8354049,0.345521499,0.9910755844999999,1.0011346864313824,4621.155820146366,2117.6372424218207,0.81972149
M4_block_alpha_full_response,3,-0.26077887754461815,0.06800562297343095,FALSE,alpha_stable,"alpha[51,1]",0.010853512455381825,0.005647082100000001,3.201175575000001e-4,0.03331237844999999,0.9997655954880591,4076.331148383636,2148.286307010942,0.27163239
M4_block_alpha_full_response,3,-0.014954979905884985,2.2365142398542368e-4,TRUE,alpha_stable,"alpha[52,1]",0.156589560094115,0.15489783000000001,0.08222598955,0.23809131849999995,1.0023648881843876,3517.2991757000864,2020.7664630736333,0.17154454
M4_block_alpha_full_response,3,-0.15436872837446058,0.023829704299947994,TRUE,alpha_stable,"alpha[53,1]",0.2809398416255394,0.13439612,0.0016050762650000002,0.9234781695,0.9996053800645945,5703.94358354546,2655.4151336010427,0.43530857
M4_block_alpha_full_response,3,0.16578169472457055,0.0274835703057507,TRUE,alpha_stable,"alpha[54,1]",0.31383446472457055,0.1501862,0.001274926145,0.9631459019999998,1.000285879343079,5461.992632633703,2932.2073699409907,0.14805277
M4_block_alpha_full_response,3,0.21532860012702582,0.046366406032664585,TRUE,alpha_stable,"alpha[55,1]",0.5071626601270258,0.499807985,0.06477804540000001,0.9696116035,1.000896114966597,4389.133360819819,2354.658849074378,0.29183406
M4_block_alpha_full_response,3,0.3374069625932219,0.11384345840638384,TRUE,alpha_stable,"alpha[56,1]",0.3933124235932219,0.291840355,0.0017077995300000001,0.9737581365,1.0009902865097946,4942.122835774484,3247.7828437225476,0.055905461
M4_block_alpha_full_response,3,-0.07980298739721081,0.006368516797519388,TRUE,alpha_stable,"alpha[57,1]",0.37142583260278916,0.27737707,0.0022764949150000002,0.9557985745,0.9997770138145653,5237.797534642011,2874.068959429379,0.45122882
M4_block_alpha_full_response,3,0.2155236459803625,0.04645044197666862,TRUE,alpha_stable,"alpha[58,1]",0.3371107659803625,0.28697339499999996,0.03954490005,0.8375660979999999,1.0008007181309433,5353.069267917629,2378.5062763303526,0.12158712
M4_block_alpha_full_response,3,-0.007167471167750017,5.137264294052779e-5,TRUE,alpha_stable,"alpha[59,1]",0.18039773883225,0.17595286999999998,0.09863688725000001,0.2772097814999999,1.0004990551286956,4603.974133731751,3121.704633967543,0.18756521
M4_block_alpha_full_response,3,0.11681077881999996,0.013644758048534952,TRUE,alpha_stable,"alpha[60,1]",0.61455092882,0.60662715,0.427211071,0.8319991499999999,1.0010486908886904,3547.0521626258046,1662.7707418561479,0.49774015
M4_block_alpha_full_response,3,0.00768486860645801,5.905720549852387e-5,TRUE,alpha_stable,"alpha[61,1]",0.01286592850645801,0.0047965002,1.651900155e-4,0.04411240719999996,1.0020782284241516,5341.169520731187,2724.9822163769327,0.0051810599
M4_block_alpha_full_response,3,-0.12768867036225656,0.01630439653888102,TRUE,alpha_stable,"alpha[62,1]",0.4567567596377435,0.43888455,0.003178188770000001,0.9824938095,1.000248840965747,4511.527433683133,2969.6339542984406,0.58444543
M4_block_alpha_full_response,3,-0.26153004448499995,0.06839796416832605,FALSE,alpha_stable,"alpha[63,1]",0.721582795515,0.71834229,0.5177064075000001,0.9341969605,1.0000304431143443,3870.7362705183955,1876.182400437487,0.98311284
M4_block_alpha_full_response,3,-0.161653473768547,0.02613184558143831,TRUE,alpha_stable,"alpha[64,1]",0.815289516231453,0.907877225,0.11390838400000006,0.9961630184999999,1.0018885875680414,2332.662752840061,862.3969807397846,0.97694299
M4_block_alpha_full_response,3,-0.5924253830394222,0.35096783446940605,TRUE,alpha_stable,"alpha[65,1]",0.2500505269605779,0.09071267050000001,8.332063215000001e-4,0.9305640715,1.0007384805752293,6470.133872819829,2899.3748435802377,0.84247591
M4_block_alpha_full_response,3,0.17687783076703933,0.03128576701685341,TRUE,alpha_volatile,"alpha[1,2]",0.2934798207670393,0.139920665,0.004340383410000001,0.9699101545,1.0021089664596061,4693.34703520118,2600.8834987164546,0.11660199
M4_block_alpha_full_response,3,0.24548152303043244,0.06026117814934073,TRUE,alpha_volatile,"alpha[2,2]",0.25761811803043244,0.093058893,0.001563520495,0.9650382339999998,1.0023082004112633,4016.0473564265726,2698.5840402659783,0.012136595
M4_block_alpha_full_response,3,0.034130135618589755,0.001164866157343329,FALSE,alpha_volatile,"alpha[3,2]",0.03805728621858975,0.0355361345,0.00609566998,0.07748110879999999,1.0014389479670516,3162.2359496809486,1668.6774161833362,0.0039271506
M4_block_alpha_full_response,3,-0.019560938112862525,3.826302998552377e-4,TRUE,alpha_volatile,"alpha[4,2]",0.8540936918871375,0.914813535,0.4983304205,0.997486561,0.9994314724280016,6294.3435734014265,2582.1363391813716,0.87365463
M4_block_alpha_full_response,3,0.20708639600074477,0.04288477540857728,TRUE,alpha_volatile,"alpha[5,2]",0.3245861160007448,0.19268896000000002,0.005413980470000003,0.9668024989999999,1.0005857628646597,4935.385148242051,2212.6483450692385,0.11749972
M4_block_alpha_full_response,3,0.11010074973249995,0.012122175091658588,TRUE,alpha_volatile,"alpha[6,2]",0.9004830197325,0.943926715,0.655206155,0.9983852985,1.0001004997059209,4483.901538081318,2349.3345127489347,0.79038227
M4_block_alpha_full_response,3,-0.3164855925771064,0.10016313030888219,TRUE,alpha_volatile,"alpha[7,2]",0.3866062874228936,0.250993115,0.0025714991700000007,0.9832071975,1.0003714360037628,5636.44836789117,2544.735868561407,0.70309188
M4_block_alpha_full_response,3,0.446421385943621,0.19929205382782342,TRUE,alpha_volatile,"alpha[8,2]",0.498383197943621,0.49905983,0.01194244085,0.9893046285,1.0003200673260468,5887.723141022694,2884.5605410972994,0.051961812
M4_block_alpha_full_response,3,0.16907315654896804,0.028585732265431853,TRUE,alpha_volatile,"alpha[9,2]",0.23418895454896804,0.042552732,3.496884005e-4,0.9614674034999998,1.0006864270869793,3374.2364433788466,2934.0838678467744,0.065115798
M4_block_alpha_full_response,3,-0.00501432265690735,2.5143431707574382e-5,TRUE,alpha_volatile,"alpha[10,2]",0.00632665934309265,0.0045597721,2.46442914e-4,0.018509787099999998,1.00011870024238,4325.054334263986,3021.443250093893,0.011340982
M4_block_alpha_full_response,3,0.2921193147083592,0.08533369402568142,TRUE,alpha_volatile,"alpha[11,2]",0.36872932270835923,0.21438875000000002,0.0037887436350000003,0.982149557,1.0025587912919889,5823.797555332781,3208.998841434354,0.076610008
M4_block_alpha_full_response,3,0.045058400619000016,0.002030259466342301,TRUE,alpha_volatile,"alpha[12,2]",0.185338870619,0.177052285,0.1093602935,0.28234283849999997,1.0011608309657007,5286.318413923165,3250.4073987199417,0.14028047
M4_block_alpha_full_response,3,-0.7036249200400244,0.49508802810133073,FALSE,alpha_volatile,"alpha[13,2]",0.2763236799599755,0.0917961035,0.0010451316550000001,0.9671278369999997,1.0002840232820598,4643.7466126442305,2874.9572464902203,0.9799486
M4_block_alpha_full_response,3,-0.6148184780538609,0.37800176095646587,TRUE,alpha_volatile,"alpha[14,2]",0.33126076194613907,0.18027786499999998,0.002293277185,0.9769223424999999,1.0004052509322525,4824.607565761119,2678.971927628103,0.94607924
M4_block_alpha_full_response,3,-0.06285345758953331,0.003950557130959263,TRUE,alpha_volatile,"alpha[15,2]",0.7892540424104667,0.880868235,0.228723714,0.996872032,1.0025638278180558,6111.806252258711,2963.8209726323867,0.8521075
M4_block_alpha_full_response,3,0.46185183158751025,0.21330711434073793,TRUE,alpha_volatile,"alpha[16,2]",0.5078743275875103,0.5028932500000001,0.012899277650000004,0.992383625,1.002222774009161,6823.254684649055,2620.5577081365655,0.046022496
M4_block_alpha_full_response,3,0.1973718925777974,0.03895566397974159,TRUE,alpha_volatile,"alpha[17,2]",0.2247542405777974,0.064944538,0.0038634878900000004,0.9389824779999999,1.0017883022751886,3213.9830396055977,2538.3730212215764,0.027382348
M4_block_alpha_full_response,3,-0.34569693756094055,0.11950637263901283,TRUE,alpha_volatile,"alpha[18,2]",0.5412240924390594,0.5597675200000001,0.033406279700000006,0.988084001,1.000772167341333,5017.4787410408935,2265.6274581239445,0.88692103
M4_block_alpha_full_response,3,-0.4360327367527227,0.19012454752006916,TRUE,alpha_volatile,"alpha[19,2]",0.44382931324727726,0.37581683499999996,0.00545083267,0.986779969,0.9997365750221232,5963.692482581033,2500.4367330223954,0.87986205
M4_block_alpha_full_response,3,0.3495275935665497,0.12216953866442316,TRUE,alpha_volatile,"alpha[20,2]",0.3601819965665497,0.20162213,0.002629553175,0.981841383,1.0011859670128342,4949.579159456949,2743.0439629614907,0.010654403
M4_block_alpha_full_response,3,-0.2842246429754872,0.08078364767454317,TRUE,alpha_volatile,"alpha[21,2]",0.40539689702451276,0.318346175,0.006519516265000001,0.9778846324999999,0.9997645840044449,5104.437975922481,2644.077362734784,0.68962154
M4_block_alpha_full_response,3,0.007755757442568845,6.015177350796203e-5,TRUE,alpha_volatile,"alpha[22,2]",0.32508870744256885,0.18285491,0.00230281317,0.9666532265,1.0007999141283033,6168.401007176448,2921.5793035873485,0.31733295
M4_block_alpha_full_response,3,0.011159519106799999,1.2453486669503425e-4,TRUE,alpha_volatile,"alpha[23,2]",0.0406196891068,0.039203824,0.014845818150000002,0.07126079949999999,1.0009531952285564,3933.6302567858943,2380.1787559939157,0.02946017
M4_block_alpha_full_response,3,0.011970809263225024,1.4330027441651405e-4,TRUE,alpha_volatile,"alpha[24,2]",0.897739649263225,0.945567915,0.65001660000000006,0.9984640929999999,0.9997013735673537,7285.499217404622,2702.5606440300226,0.88576884
M4_block_alpha_full_response,3,-0.09301065073497505,0.008650981150143516,TRUE,alpha_volatile,"alpha[25,2]",0.803050889265025,0.8634354449999999,0.422584709,0.9959524185,0.9999585970899215,4433.300669543429,2440.763106133617,0.89606154
M4_block_alpha_full_response,3,-0.008840502605502648,7.815448631789912e-5,TRUE,alpha_volatile,"alpha[26,2]",0.01146720239449735,0.009191212050000001,4.8123896650000003e-4,0.029841177149999974,1.0008419289484436,3798.0088342012614,2545.234261083476,0.020307705
M4_block_alpha_full_response,3,0.006975779084884601,4.8661493841113436e-5,TRUE,alpha_volatile,"alpha[27,2]",0.0375373830848846,0.015713788,5.15647491e-4,0.1347931919999999,1.000819090718825,3861.3307003773734,2699.0403586023017,0.030561604
M4_block_alpha_full_response,3,-0.539004714648924,0.29052608241376793,TRUE,alpha_volatile,"alpha[28,2]",0.36204778535107607,0.200764475,0.0031819628750000004,0.9842354744999999,0.999956283850707,5097.806126389935,2600.5409084885523,0.9010525
M4_block_alpha_full_response,3,0.060602669500705,0.0036726835506116803,TRUE,alpha_volatile,"alpha[29,2]",0.228511249500705,0.186201645,0.0639783331,0.5563431665,1.001373615211895,3487.583104412054,1793.5227456617567,0.16790858
M4_block_alpha_full_response,3,-0.14295469992214005,0.020436046229829107,TRUE,alpha_volatile,"alpha[30,2]",0.79916682007786,0.88767116,0.2184664805,0.9969721835,1.0020284352020903,5014.268500077209,2120.0313548695817,0.94212152
M4_block_alpha_full_response,3,0.08033342618299999,0.006453459362299508,TRUE,alpha_volatile,"alpha[31,2]",0.847739456183,0.900488645,0.5208612425,0.996545839,1.0012596201029655,6158.469739417041,3078.8372870668804,0.76740603
M4_block_alpha_full_response,3,-0.05791226986450004,0.0033538310008586797,TRUE,alpha_volatile,"alpha[32,2]",0.7502978701355,0.778243075,0.400052361,0.9927650910000001,1.0016491820507367,4151.495848431251,2074.516758481502,0.80821014
M4_block_alpha_full_response,3,0.20080970753892857,0.04032453864187003,TRUE,alpha_volatile,"alpha[33,2]",0.23607836753892858,0.0261093645,5.893166545e-4,0.9748704085,1.0000598556899227,2286.6730687156487,2908.2349457676514,0.03526866
M4_block_alpha_full_response,3,0.2923688027421699,0.08547951681688987,TRUE,alpha_volatile,"alpha[34,2]",0.60165972274216994,0.606660575,0.16439219149999998,0.991014406,1.0015306895468403,3608.2803234098797,2296.6547238374574,0.30929092
M4_block_alpha_full_response,3,-4.939114423050499e-4,2.439485128398546e-7,TRUE,alpha_volatile,"alpha[35,2]",0.00293712375769495,0.0022704176,1.5753584100000004e-4,0.008054718535,0.9994205097502996,3433.155366499758,2375.276275388283,0.0034310352
M4_block_alpha_full_response,3,0.2373109774415519,0.05631650001426476,TRUE,alpha_volatile,"alpha[36,2]",0.2392823913415519,0.081811814,0.00125585844,0.9285635965,1.0006405741956843,4877.574725933902,3039.9191295504256,0.0019714139
M4_block_alpha_full_response,3,-0.4689310938230331,0.2198963707540663,TRUE,alpha_volatile,"alpha[37,2]",0.49819413617696684,0.50401002,0.005758602660000001,0.9915522955,1.0001614999849853,5498.805363412663,2522.5159283968906,0.96712523
M4_block_alpha_full_response,3,0.12631628612143753,0.01595580413951287,TRUE,alpha_volatile,"alpha[38,2]",0.7759213061214375,0.8354405,0.36239901850000006,0.9951674979999999,1.000609228954509,3467.487815158645,1641.1860346586288,0.64960502
M4_block_alpha_full_response,3,0.209934691547271,0.04407257471504782,TRUE,alpha_volatile,"alpha[39,2]",0.342825121547271,0.18329001,0.002942668205,0.9802388809999999,1.0006712193674945,4947.229371411494,2788.9466416850955,0.13289043
M4_block_alpha_full_response,3,0.0066305599686376,4.3964325497699453e-05,TRUE,alpha_volatile,"alpha[40,2]",0.0090809499686376,0.0059087329,2.35898878e-4,0.028722296849999978,0.9997533239100416,4368.317974282989,2323.7485030761895,0.00245039
M4_block_alpha_full_response,3,0.23971344599189504,0.05746253618930918,TRUE,alpha_volatile,"alpha[41,2]",0.32067288799189503,0.20434414,0.011225213800000002,0.9540440809999999,1.0013558238510878,3216.872466663519,1966.339713317687,0.080959442
M4_block_alpha_full_response,3,-0.046776183581691,0.0021880113504680588,TRUE,alpha_volatile,"alpha[42,2]",0.316624206418309,0.19482357,0.004953550095,0.9609260645,1.001611942935231,5040.244191938993,2950.047015663944,0.36340039
M4_block_alpha_full_response,3,-0.049912074229249925,0.0024912151538661544,TRUE,alpha_volatile,"alpha[43,2]",0.89252419577075,0.93265307,0.6614565275,0.997602831,1.0012113110620064,5791.221957503967,2647.830102866765,0.94243627
M4_block_alpha_full_response,3,0.10580007854950002,0.011193656621080374,TRUE,alpha_volatile,"alpha[44,2]",0.8152334785495,0.84917872,0.5044837445,0.9959060995000001,1.0002337601680116,5063.564539733976,2377.695889718977,0.7094334
M4_block_alpha_full_response,3,-0.3591452401993688,0.1289853035578623,TRUE,alpha_volatile,"alpha[45,2]",0.5901726798006313,0.666726525,0.018646513800000004,0.993358691,1.001150350535205,5091.497590096048,2802.7878150727165,0.94931792
M4_block_alpha_full_response,3,0.06790850746650001,0.0046115653863276875,TRUE,alpha_volatile,"alpha[46,2]",0.7361085874665,0.76553699,0.3782893415,0.9906758375,1.000255457475708,4035.300808954006,2140.0379674835813,0.66820008
M4_block_alpha_full_response,3,0.18748233092775388,0.035149624410103816,TRUE,alpha_volatile,"alpha[47,2]",0.2965194809277539,0.14631547,0.0016174904150000004,0.959222266,1.0000787641899573,5397.223611931171,2611.294991854782,0.10903715
M4_block_alpha_full_response,3,-0.07843626891040278,0.006152248280585019,TRUE,alpha_volatile,"alpha[48,2]",0.5693604210895972,0.638833765,0.01178351405,0.9915265924999999,1.0001810320084645,4786.447492645497,2735.3967100190644,0.64779669
M4_block_alpha_full_response,3,0.2891317996704555,0.08359719758067641,TRUE,alpha_volatile,"alpha[49,2]",0.2959324637704555,0.13359699,0.0017766845150000003,0.967415474,1.0011072843389672,4589.02284696796,3052.5135292898963,0.0068006641
M4_block_alpha_full_response,3,-0.040894693467250054,0.0016723759537803442,TRUE,alpha_volatile,"alpha[50,2]",0.86748096653275,0.92186291,0.5671929910000001,0.997544303,1.0001379633107554,5050.366636190993,2580.9771855122876,0.90837566
M4_block_alpha_full_response,3,-0.01554169620141065,2.4154432081694222e-4,TRUE,alpha_volatile,"alpha[51,2]",0.02665690979858935,0.0157566915,6.217834085000001e-4,0.07757955524999992,0.9998023128560175,3704.9733619143776,1869.7641962250443,0.042198606
M4_block_alpha_full_response,3,0.01617588497392225,2.616592546895636e-4,TRUE,alpha_volatile,"alpha[52,2]",0.04903356897392225,0.0465357515,0.009894719085,0.09654825325,1.0002286121763468,3418.0573447013735,1470.4162464369158,0.032857684
M4_block_alpha_full_response,3,-0.39034418153479744,0.1523685800580709,TRUE,alpha_volatile,"alpha[53,2]",0.2774703384652025,0.140807145,0.003330443290000001,0.9523457909999999,1.003407267914602,5348.71671409601,2411.2855755755845,0.66781452
M4_block_alpha_full_response,3,-0.24231642837350925,0.05871725145969404,TRUE,alpha_volatile,"alpha[54,2]",0.4164326716264907,0.323558335,0.004669859935000001,0.9839275375,0.9998787691370925,6941.376752828931,3004.591871191046,0.6587491
M4_block_alpha_full_response,3,0.42206453227855006,0.17813846940751124,TRUE,alpha_volatile,"alpha[55,2]",0.79886694227855,0.864870415,0.3662156935,0.9963132355,1.0004012083786786,5277.306719229895,2620.1596653578276,0.37680241
M4_block_alpha_full_response,3,0.32471361071527477,0.10543892898375101,TRUE,alpha_volatile,"alpha[56,2]",0.43189552071527476,0.363712775,0.005870390925000001,0.986524952,1.001102294236001,5724.283861596937,2800.8884268154543,0.10718191
M4_block_alpha_full_response,3,0.4543815482330662,0.20646259137467826,TRUE,alpha_volatile,"alpha[57,2]",0.5388864832330662,0.577204235,0.0160750779,0.991423775,0.9999632854478724,4973.039772793631,2599.0458826459626,0.084504935
M4_block_alpha_full_response,3,0.0679341879171,0.004615053887955856,TRUE,alpha_volatile,"alpha[58,2]",0.1468760709171,0.112497505,0.0435030106,0.3700971179999995,1.002708170440727,3189.1698437429136,1396.9677996561657,0.078941883
M4_block_alpha_full_response,3,0.018535500305550005,3.435647715770443e-4,TRUE,alpha_volatile,"alpha[59,2]",0.05876914830555,0.0579115295,0.03280305015,0.0880247039,0.99959708065053,4688.111155248636,3039.234826699041,0.040233648
M4_block_alpha_full_response,3,0.2730333880475,0.07454723098869671,FALSE,alpha_volatile,"alpha[60,2]",0.9007349880475,0.9312054000000001,0.7092085,0.997709407,1.0003752279596894,3633.984856076695,1980.8428693990988,0.6277016
M4_block_alpha_full_response,3,-0.01730789783424999,2.9956332744083555e-4,TRUE,alpha_volatile,"alpha[61,2]",0.19882168216575,0.18579852,0.09687240145,0.3462699814999997,1.0014205660317872,5035.984951651891,2655.4009681399707,0.21612958
M4_block_alpha_full_response,3,-0.36220504832238887,0.13119249703022406,TRUE,alpha_volatile,"alpha[62,2]",0.2880902016776111,0.179812625,0.00466717686,0.9379678349999998,1.0010939232847602,4262.152523501706,2266.697488670398,0.65029525
M4_block_alpha_full_response,3,-0.06212961398499994,0.0038600889339251007,TRUE,alpha_volatile,"alpha[63,2]",0.919989676015,0.93907159,0.7771278580000001,0.9978894685,1.0013357058924308,4215.757681604632,2945.2423551770057,0.98211929
M4_block_alpha_full_response,3,0.022973848520000062,5.277977158199091e-4,TRUE,alpha_volatile,"alpha[64,2]",0.91331540852,0.9486961300000001,0.7131408400000001,0.9984233145,1.0000219279229503,5979.52790208073,2498.6879318831034,0.89034156
M4_block_alpha_full_response,3,0.2633452359244689,0.06935071328411418,TRUE,alpha_volatile,"alpha[65,2]",0.3528571579244689,0.21762061,0.0025178539600000014,0.9767499359999999,1.0007198273769315,5019.269308817278,2848.6035295550505,0.089511922
M4_block_alpha_full_response,3,-2.232054372840075,4.9820667233145,FALSE,beta,beta[1],1.172723127159925,1.13405775,0.19580795700000006,2.3120645849999995,1.0003442514932699,2472.6984398593354,2068.2036458415514,3.4047775
M4_block_alpha_full_response,3,-0.3068514197903751,0.09415779382736901,TRUE,beta,beta[2],1.055913280209625,0.9829255699999999,0.20265180700000004,2.17940288,1.0006088760080372,2628.8051318634302,2242.54588609481,1.3627647
M4_block_alpha_full_response,3,1.7718587222250006,3.139483331524812,TRUE,beta,beta[3],5.849597222225,5.8041915,4.03087366,7.749745699999999,0.999735587395123,4362.450754601158,2426.3776763474584,4.0777385
M4_block_alpha_full_response,3,-1.0245220258375003,1.0496453814261757,FALSE,beta,beta[4],1.7940330741625,1.78080155,0.9785223365,2.652688655,1.0019451316271413,5299.320337387587,2403.969804811714,2.8185551
M4_block_alpha_full_response,3,0.29780521660555004,0.08868794703747858,TRUE,beta,beta[5],0.49471572660555,0.4224383,0.06558433485,1.1525678849999998,1.0003815422050295,3702.9943080956878,2210.8972206623803,0.19691051
M4_block_alpha_full_response,3,0.5273273038999999,0.27807408543844286,TRUE,beta,beta[6],3.3691741039,3.340233,2.16329699,4.7000975149999995,1.0009170835118646,5307.981656739068,2344.8195641391894,2.8418468
M4_block_alpha_full_response,3,0.08576497088235,0.007355630230450342,TRUE,beta,beta[7],0.22378744088235,0.17310102500000002,0.028360228050000002,0.5847907369999994,1.0012461036097982,5044.245581319477,2808.209718551869,0.13802247
M4_block_alpha_full_response,3,0.07023698677097501,0.004933234310666119,TRUE,beta,beta[8],0.684731006770975,0.62974112,0.11206408250000001,1.4608464799999996,1.0001866848667735,3636.741517618557,1981.2784254090373,0.61449402
M4_block_alpha_full_response,3,-0.6418676848702001,0.4119941248806305,TRUE,beta,beta[9],0.9277543151298,0.778182315,0.0904950021,2.2572936549999967,1.001865620017321,2576.4125601010496,2555.9656667597505,1.569622
M4_block_alpha_full_response,3,-6.5742479245,43.22073577279256,TRUE,beta,beta[10],44.4459730755,42.345918499999996,25.60207005,71.11949469999998,1.0010860377724746,4486.158023204912,2989.7665926333502,51.020221
M4_block_alpha_full_response,3,-1.0253805617002252,1.0514052963126692,FALSE,beta,beta[11],0.448856538299775,0.381136165,0.0585104897,1.0783478049999993,0.9994262673339105,4163.5845581414305,2402.6580307086115,1.4742371
M4_block_alpha_full_response,3,-0.1764854682500001,0.031147120503421798,TRUE,beta,beta[12],8.16761723175,8.0606013,5.64124491,11.000672849999999,1.0000903114885715,4702.862465460661,3274.561034544025,8.3441027
M4_block_alpha_full_response,3,0.23400272964126,0.05475727747956063,TRUE,beta,beta[13],0.61109729964126,0.481334605,0.0639854417,1.5852868399999995,1.000089749255997,3638.8748613409703,2399.356570719042,0.37709457
M4_block_alpha_full_response,3,0.206411383979775,0.04260565943644611,TRUE,beta,beta[14],0.239475243979775,0.18685089500000002,0.029966945150000004,0.6111123079999996,1.0007435900371404,5478.397284798417,2872.5191449892513,0.03306386
M4_block_alpha_full_response,3,-0.021485497695000078,4.6162661120185364e-4,TRUE,beta,beta[15],2.175936302305,2.1525504,1.24406565,3.1816474350000004,1.0006805231124472,5012.497047457963,2398.272577490859,2.1974218
M4_block_alpha_full_response,3,0.62502265232095,0.3906533159143151,FALSE,beta,beta[16],0.67332178332095,0.6322428149999999,0.1119163645,1.3891177449999987,1.0006098859332158,2673.191108640703,1933.8287513856449,0.048299131
M4_block_alpha_full_response,3,0.260822040576,0.06802813685022858,TRUE,beta,beta[17],1.258431840576,1.22621905,0.44516943400000003,2.1766357999999997,1.0020751402519767,1869.461190758574,2326.297893242909,0.9976098
M4_block_alpha_full_response,3,0.16355657166000004,0.02675075213317273,TRUE,beta,beta[18],0.91203113166,0.877248765,0.24825963450000002,1.7070280299999996,1.000746257916517,3772.3757698475515,1845.6606150090438,0.74847456
M4_block_alpha_full_response,3,0.348496565846125,0.12144985640654253,TRUE,beta,beta[19],0.432809907846125,0.36108934,0.052203074599999996,1.04708126,0.9998647107376003,3635.080677577166,2231.5625355154075,0.084313342
M4_block_alpha_full_response,3,-0.5177297743891249,0.2680441192890142,TRUE,beta,beta[20],0.693955625610875,0.548165915,0.06359465455,1.8000752799999997,0.9998259247420532,4027.769677072848,2522.2946032799878,1.2116854
M4_block_alpha_full_response,3,-1.223361037141625,1.4966122271962325,FALSE,beta,beta[21],0.471782562858375,0.37849051,0.04792486245000001,1.2150315499999997,0.9998526955150714,4035.1199767434928,2500.6666350938567,1.6951436
M4_block_alpha_full_response,3,0.08974429092957503,0.008054037754452204,TRUE,beta,beta[22],0.491934850929575,0.41228222000000003,0.06716038634999999,1.2046077849999994,1.0004092928118988,4320.065807768882,2506.9106403588767,0.40219056
M4_block_alpha_full_response,3,-1.5254891001000015,2.3271169945239123,TRUE,beta,beta[23],14.1190368999,13.9213955,10.131060600000001,18.7333398,1.0005264703451608,4775.362662768775,3335.994602660392,15.644526
M4_block_alpha_full_response,3,-0.2674069978750002,0.07150650251252037,TRUE,beta,beta[24],2.870477002125,2.8405469,1.95412059,3.89654276,1.000684600845964,6138.018975123307,3258.4638158607318,3.137884
M4_block_alpha_full_response,3,0.7384296185475001,0.5452783015482066,TRUE,beta,beta[25],2.4365670185475,2.4091604,1.4817849799999998,3.45161769,1.0016910589921268,5192.552953562383,2730.0510469030564,1.6981374
M4_block_alpha_full_response,3,1.8445763365499985,3.4024618613602136,TRUE,beta,beta[26],20.00801933655,19.542828,13.612505500000001,27.952321949999995,1.0004313167195844,5473.661713285829,3297.3885139282092,18.163443
M4_block_alpha_full_response,3,-0.04400088490000087,0.0019360778719831246,TRUE,beta,beta[27],4.4353720151,4.3968924000000005,2.859963155,6.218955169999999,1.0028123598710383,5088.092193754668,2346.589525748883,4.4793729
M4_block_alpha_full_response,3,0.36917121040585,0.13628738259252038,FALSE,beta,beta[28],0.39575970440585,0.308106495,0.045234103350000006,1.06211838,1.000317506656225,3915.764824594429,2730.4960836404625,0.026588494
M4_block_alpha_full_response,3,0.5497395793075,0.30221360505718703,TRUE,beta,beta[29],2.8002939793075,2.771151,1.598254215,4.0503209049999995,1.0006322793363123,4270.839588868432,2546.233789452662,2.2505544
M4_block_alpha_full_response,3,0.6117854677300001,0.37428145852561495,TRUE,beta,beta[30],1.84748236773,1.8349602,0.9258057385,2.799916669999999,1.0020913873520596,4724.664661946641,2025.7691119141914,1.2356969
M4_block_alpha_full_response,3,-0.025218697245000143,6.359826907349778e-4,TRUE,beta,beta[31],2.034375102755,2.0087161,1.110536865,3.0156415599999997,1.0010463852231832,4878.387021462709,2417.2928656207455,2.0595938
M4_block_alpha_full_response,3,0.1984334257525,0.03937582445587293,TRUE,beta,beta[32],2.6251960257525,2.59337945,1.755831445,3.5846443999999997,1.0005177361098556,5186.899666335269,3220.6602411781246,2.4267626
M4_block_alpha_full_response,3,-0.17069849210542498,0.029137975207065833,TRUE,beta,beta[33],0.869761207894575,0.791757405,0.12071832250000002,1.90554228,1.0004866406686357,1852.5111145073126,2129.3429144611473,1.0404597
M4_block_alpha_full_response,3,-0.4784263229185002,0.22889174646131702,TRUE,beta,beta[34],1.5692989770815,1.540361,0.6615439554999999,2.5450797549999993,1.0011551850893894,3025.4050590805823,1653.056515647836,2.0477253
M4_block_alpha_full_response,3,-164.14765555725,26944.45282494159,TRUE,beta,beta[35],143.46592444275,99.7370375,42.36072465000001,355.18084849999974,1.000258124116387,4986.283017887552,2759.108276737225,307.61358
M4_block_alpha_full_response,3,0.13253939713917506,0.017566691794015966,TRUE,beta,beta[36],0.775517447139175,0.643651815,0.08577513355,1.9062918149999986,0.9999872299303306,4056.8916285552355,2749.3646179627367,0.64297805
M4_block_alpha_full_response,3,0.14939282035770002,0.022318214774428028,TRUE,beta,beta[37],0.4157887703577,0.342795475,0.057938737899999995,0.9855183154999998,1.0001602514071162,5121.645608310422,3061.3235907820876,0.26639595
M4_block_alpha_full_response,3,-1.544090832278,2.384216498324967,FALSE,beta,beta[38],2.013610567722,1.9893762000000001,0.8379200824999999,3.2209110699999988,1.0003944295948395,3177.261618012591,1637.1520254618192,3.5577014
M4_block_alpha_full_response,3,-0.10294633432537503,0.01059794775103189,TRUE,beta,beta[39],0.524262715674625,0.447446605,0.06634410275000001,1.2640734749999998,1.0009557150436132,4094.9220665529783,2564.704429209695,0.62720905
M4_block_alpha_full_response,3,-0.8606885010249989,0.7407846957966596,TRUE,beta,beta[40],7.948769798975,7.8771296,5.74568594,10.439126349999999,1.0019012492717845,4785.471562122286,3154.4210303797304,8.8094583
M4_block_alpha_full_response,3,0.4286034825518,0.1837009452555311,TRUE,beta,beta[41],0.8102170725518,0.718858365,0.09662017845,1.8090162899999995,1.0013330035855506,2562.6681409720723,2227.0528638858686,0.38161359
M4_block_alpha_full_response,3,-0.44622477014745004,0.19911654549314461,TRUE,beta,beta[42],0.49225481985255,0.3915265,0.05966579235,1.2499610549999998,1.000542362765233,4023.460929187205,2616.569612393204,0.93847959
M4_block_alpha_full_response,3,-0.23603891598250026,0.05571436985819382,TRUE,beta,beta[43],2.7800670840175,2.7535257,1.73000024,3.877975944999999,1.0002775221772044,5094.077148262646,3115.4176488356525,3.016106
M4_block_alpha_full_response,3,-1.08690699301,1.18136681145404,TRUE,beta,beta[44],2.91259580699,2.86862025,1.7313690250000002,4.240060205,1.0007196921805492,5552.111409892102,2479.5194434665145,3.9995028
M4_block_alpha_full_response,3,-0.470465178619475,0.22133748429345454,TRUE,beta,beta[45],0.880216921380525,0.81873327,0.13425414450000003,1.8411037949999998,1.0017290378722377,3060.820179864805,1840.4913093886041,1.3506821
M4_block_alpha_full_response,3,-0.50882289198,0.2589007354028907,TRUE,beta,beta[46],3.42183280802,3.3816865,2.27407961,4.7004813,1.0011988428641487,5326.280347746866,2596.9041710626298,3.9306557
M4_block_alpha_full_response,3,0.7313302540338251,0.5348439404651791,TRUE,beta,beta[47],1.188643644033825,1.0873780499999999,0.204845995,2.5307818199999996,1.0016361545793666,3197.860831655495,2123.613654848707,0.45731339
M4_block_alpha_full_response,3,0.32802553644097504,0.10760075255738945,TRUE,beta,beta[48],0.44364081644097503,0.385418365,0.059389182900000004,1.0450476149999999,1.0010196806815168,4222.082835998221,2655.7465309316035,0.11561528
M4_block_alpha_full_response,3,0.31629837597828,0.10004466264649736,FALSE,beta,beta[49],0.32441633767828,0.247746565,0.03804649915,0.8612939669999999,1.0014012330458864,3784.8693132724543,2636.292232650572,0.0081179617
M4_block_alpha_full_response,3,0.19888068166749973,0.03955352554052936,TRUE,beta,beta[50],2.6430862816675,2.6235975500000004,1.796371925,3.567274585,1.0002532722802293,5806.45039058489,2940.18221905277,2.4442056
M4_block_alpha_full_response,3,1.1612575355150003,1.3485190637903723,TRUE,beta,beta[51],3.447584935515,3.4466766,2.04525464,4.867977994999999,1.0001914766226123,4804.214420064991,2732.9205637791906,2.2863274
M4_block_alpha_full_response,3,1.5083431487749994,2.27509905445648,TRUE,beta,beta[52],10.068459748775,9.931715650000001,7.213483285,13.48192745,0.9998079611290491,4978.426195623247,3632.141200816076,8.5601166
M4_block_alpha_full_response,3,0.163319104947675,0.026673130040909675,TRUE,beta,beta[53],0.436576874947675,0.35017652,0.05150020025,1.0817049899999984,0.9999311335282122,4681.617151031436,2836.78861158326,0.27325777
M4_block_alpha_full_response,3,0.180420219357025,0.032551455552837026,TRUE,beta,beta[54],0.305961259357025,0.24926434,0.03766840395,0.770983761,0.9999761023046236,5125.864414646871,2377.5709121826467,0.12554104
M4_block_alpha_full_response,3,-0.6720415259150001,0.45163981255416175,TRUE,beta,beta[55],2.288148174085,2.28138505,1.16990013,3.491223769999999,1.000050722837672,2797.2793466047992,1355.7658428744069,2.9601897
M4_block_alpha_full_response,3,0.3830095444206575,0.1466963111173196,FALSE,beta,beta[56],0.4230301344206575,0.354639855,0.05250333745,1.0083983299999995,0.9998365153579816,4492.159197777794,2675.0133726599793,0.04002059
M4_block_alpha_full_response,3,0.70773704577775,0.500891725966217,FALSE,beta,beta[57],0.78047758477775,0.748779705,0.1420652595,1.5615609049999994,1.0001163101076365,3993.9036649822187,2310.6577212281654,0.072740539
M4_block_alpha_full_response,3,-0.34551225405749975,0.11937871770389424,TRUE,beta,beta[58],2.7853086459425,2.73834845,1.5628780949999999,4.128970474999999,0.9998986653527413,3717.6237442359284,2244.3547452796747,3.1308209
M4_block_alpha_full_response,3,0.43691660644999963,0.19089612099178385,TRUE,beta,beta[59],10.80810860645,10.685531,7.67352555,14.3367909,1.000701637535943,4733.881506669858,3550.7504703291256,10.371192
M4_block_alpha_full_response,3,-4.116034064650001,16.941736421359206,FALSE,beta,beta[60],5.76726323535,5.69159855,3.987510965,7.84128695,1.0013316896215856,4709.504149246108,2991.675120313768,9.8832973
M4_block_alpha_full_response,3,-1.9423101435249999,3.7725686936401055,FALSE,beta,beta[61],4.376870156475,4.33125025,2.790754515,6.092726774999998,1.0005364917058923,3931.139748764411,2957.200678162311,6.3191803
M4_block_alpha_full_response,3,0.220657632409975,0.048689790740775646,TRUE,beta,beta[62],0.557700202409975,0.482839075,0.06648829635,1.3202663099999996,0.9997556097537074,2363.839107051017,2104.644149615697,0.33704257
M4_block_alpha_full_response,3,2.1870242189499995,4.783074934273856,FALSE,beta,beta[63],7.01692731895,6.896338650000001,4.836695185,9.55156017,1.0000881713299516,4761.880890073292,3592.108443000496,4.8299031
M4_block_alpha_full_response,3,0.33745269053749993,0.11387431835099769,TRUE,beta,beta[64],2.1424438905375,2.1266119,1.4012073449999998,2.9237284199999998,1.0004218182735984,5719.850963157024,3084.0268608641386,1.8049912
M4_block_alpha_full_response,3,-0.658877940000575,0.4341201398194013,FALSE,beta,beta[65],0.298767609999425,0.23079653,0.03357892785000001,0.8203468344999999,0.999858357737669,5077.456959631991,2523.8433558608804,0.95764555
M4_block_alpha_full_response,3,-0.06853090540749995,0.004696484995971706,TRUE,group_mu_rho,mu_rho[1],0.5641120745925,0.5609986499999999,0.419840784,0.714699133,1.003045081993464,662.9536728565621,1317.9959691269944,0.63264298
M4_block_alpha_full_response,3,0.013063536825000055,1.706559943781325e-4,TRUE,group_sigma_rho,sigma_rho[1],0.648467056825,0.6429847399999999,0.5394220285000001,0.774110537,1.0050460041551375,1250.0678503968904,2084.1209476359527,0.63540352
M4_block_alpha_full_response,3,-0.9425776893059473,0.8884527003773389,FALSE,rho,rho[1],0.14916831069405276,0.148181315,-0.2486253925,0.5606012824999997,1.0049426191145343,6784.626605696788,2818.018557935495,1.091746
M4_block_alpha_full_response,3,0.21188985629667884,0.04489731120142721,TRUE,rho,rho[2],0.29959602129667884,0.299871305,-0.01649047979999999,0.6192801785,1.000757791019694,6551.352760728206,3051.7189369067864,0.087706165
M4_block_alpha_full_response,3,-0.09719527142547776,0.009446920787472295,TRUE,rho,rho[3],0.06053530857452225,0.060729826,-0.3005630245,0.4265042789999999,0.9997168214189066,6845.30686548782,3035.052577344333,0.15773058
M4_block_alpha_full_response,3,-0.842210178447,0.7093179846797275,FALSE,rho,rho[4],0.732662021553,0.72933158,0.39881674300000003,1.0889277099999997,1.0023905948723155,6996.551881753411,2818.338400068489,1.5748722
M4_block_alpha_full_response,3,0.019695075270557,3.878959899129059e-4,TRUE,rho,rho[5],-0.155332804729443,-0.15350728,-0.449255325,0.14019628949999996,1.001444677611095,6855.186385428832,3081.0997221873854,-0.17502788
M4_block_alpha_full_response,3,-0.03319736057,0.0011020647488145907,TRUE,rho,rho[6],1.42267013943,1.41363795,0.9952215605000001,1.8733179599999996,1.0002409718538405,6323.042440276852,2745.146454670829,1.4558675
M4_block_alpha_full_response,3,-0.0642753188124745,0.004131316608445239,TRUE,rho,rho[7],0.1676423711875255,0.16487954,-0.13374819699999999,0.4757226919999998,1.0034225482127064,8785.992202049785,3099.2070475306577,0.23191769
M4_block_alpha_full_response,3,0.30525068866449995,0.09317798293015148,TRUE,rho,rho[8],0.7246040186645,0.7233524849999999,0.410863239,1.0444664999999997,1.0017052583998518,7249.840592468588,2784.2506096104403,0.41935333
M4_block_alpha_full_response,3,0.08296412253864993,0.006883045628608121,TRUE,rho,rho[9],0.81310390253865,0.8033513649999999,0.3366979485,1.3218492599999996,1.0017961407555607,4974.987137534015,2956.0062217627933,0.73013978
M4_block_alpha_full_response,3,-0.36862474834142,0.13588420508977522,TRUE,rho,rho[10],0.60060012165858,0.5832134950000001,-0.154068835,1.42222015,1.000005660135155,6098.605130710601,3015.342268891133,0.96922487
M4_block_alpha_full_response,3,-0.027294346280632514,7.449813388870779e-4,TRUE,rho,rho[11],0.2329834437193675,0.231822015,-0.07406832155,0.540280821,1.007584343884881,7790.616398557431,2686.0953382315033,0.26027779
M4_block_alpha_full_response,3,0.6434931893125,0.41408348469157297,FALSE,rho,rho[12],1.5184427293125,1.5050918,1.007263365,2.0786345549999994,1.0004593234844865,5527.737339173491,3264.3362370221485,0.87494954
M4_block_alpha_full_response,3,-0.20524772106125,0.042126627000836685,TRUE,rho,rho[13],0.63331914893875,0.626418465,0.20576683700000004,1.085389795,1.000570457469819,5156.93822162332,2846.105520852741,0.83856687
M4_block_alpha_full_response,3,0.009799174985615,9.602383039870273e-5,TRUE,rho,rho[14],0.120339984985615,0.117319735,-0.191612947,0.43096386699999983,1.0018247014490553,8547.432844737274,3167.8382301942024,0.11054081
M4_block_alpha_full_response,3,-0.10951834415750006,0.011994267707000628,TRUE,rho,rho[15],1.0226707558425,1.0165288000000001,0.6498891415,1.4097993599999996,1.0013023857545493,6070.918622046827,3158.3748735855065,1.1321891
M4_block_alpha_full_response,3,0.308564273727225,0.09521191102080984,FALSE,rho,rho[16],0.464395563727225,0.46070984,0.1676602775,0.7719134304999999,1.0006465636329094,7492.810413600365,2987.182576947569,0.15583129
M4_block_alpha_full_response,3,-0.1359537315345265,0.018483417118162107,TRUE,rho,rho[17],0.0062950984654735,0.009342748049999999,-0.3189703045,0.3320296904999999,1.0001044036638898,6183.926759885886,3225.9693585404943,0.14224883
M4_block_alpha_full_response,3,-0.0945171015199075,0.008933482479724501,TRUE,rho,rho[18],-0.0084205685199075,-0.00989022395,-0.32507758249999996,0.31218021999999995,1.0010278220270812,8132.876787196702,3152.013501158519,0.086096533
M4_block_alpha_full_response,3,-0.15041538184649272,0.02262478709602621,TRUE,rho,rho[19],0.07159856815350725,0.0738069005,-0.2257687705,0.3691291514999999,1.0026647921700234,7962.017608498823,3103.785703311172,0.22201395
M4_block_alpha_full_response,3,0.32414866757273497,0.10507235868917944,TRUE,rho,rho[20],0.264648258572735,0.26278518500000003,-0.2724994355,0.8296989454999993,1.002211425458591,7253.048242143791,2631.075287929462,-0.059500409
M4_block_alpha_full_response,3,-0.5803291779650002,0.3367819547975328,FALSE,rho,rho[21],1.416003322035,1.4149934,1.069319815,1.77780959,1.001563885587397,6949.0371178309115,3060.0107436158078,1.9963325
M4_block_alpha_full_response,3,-0.052369561638127504,0.002742570986169636,TRUE,rho,rho[22],0.1734387683618725,0.172528715,-0.13476047749999998,0.4812492064999998,1.0017181175042693,7293.686336964877,2951.48327004583,0.22580833
M4_block_alpha_full_response,3,-0.18256393330413,0.03332958974347483,TRUE,rho,rho[23],0.38577170669587,0.380357535,-0.1388410675,0.9066671259999994,1.0030111386721612,7465.383656533583,3122.6421682631835,0.56833564
M4_block_alpha_full_response,3,0.13285124011508498,0.017649452000115966,TRUE,rho,rho[24],0.301393810115085,0.30025238,-0.07260366669999999,0.683847947,0.9993452170398266,7775.840636276103,3319.4461479808583,0.16854257
M4_block_alpha_full_response,3,0.07406774902876251,0.00548603144618775,TRUE,rho,rho[25],0.3537197890287625,0.35022076999999996,0.015727980750000006,0.6867368399999999,1.0011049226336708,7865.731840361802,2848.5079193247266,0.27965204
M4_block_alpha_full_response,3,0.11993987241757251,0.01438557299554357,TRUE,rho,rho[26],0.1074200894175725,0.11390913999999999,-0.497307114,0.6877353274999995,0.999850727787808,7776.384027890796,2914.622195249194,-0.012519783
M4_block_alpha_full_response,3,-0.17789755481350852,0.03164754000862527,TRUE,rho,rho[27],0.1138074851864915,0.1126266,-0.2293065355,0.4739228374999999,1.003095029860997,6971.697376652495,2602.107611536313,0.29170504
M4_block_alpha_full_response,3,-0.265288611745775,0.07037804752200055,TRUE,rho,rho[28],-0.014259381745775,-0.018057958,-0.3221756005,0.30307946599999985,1.003215003475683,6922.702479081919,3040.5443969441358,0.25102923
M4_block_alpha_full_response,3,-0.3874047411249999,0.15008243344612818,TRUE,rho,rho[29],1.719311558875,1.7073920999999999,1.27432481,2.2008208000000002,0.9999522789441989,5184.094294549593,3512.0902092091155,2.1067163
M4_block_alpha_full_response,3,-0.011645498072500038,1.356176253566021e-4,TRUE,rho,rho[30],0.9939647019275,0.987558505,0.629062888,1.3761119549999996,1.0017971335714144,7164.942081795371,3188.3145799843205,1.0056102
M4_block_alpha_full_response,3,0.014109827267499986,1.990872255186861e-4,TRUE,rho,rho[31],0.9273884672675,0.9219347099999999,0.5814130535,1.2868673549999998,1.0015703895018917,7313.80416342364,2866.750853949117,0.91327864
M4_block_alpha_full_response,3,-0.28723625446135825,0.08250466587699015,TRUE,rho,rho[32],-0.07716531446135826,-0.07572171750000001,-0.42403163699999996,0.268049261,1.0036454715544245,6039.998492319791,2586.4651768984863,0.21007094
M4_block_alpha_full_response,3,-0.3888732479350001,0.15122240295951606,FALSE,rho,rho[33],0.975324852065,0.9730108,0.6435462415000001,1.3240362799999998,1.0019484008732154,6497.786289533917,3040.9503835666683,1.3641981
M4_block_alpha_full_response,3,-0.2632058523270999,0.06927732069923513,TRUE,rho,rho[34],0.5958745676729,0.59546062,0.256966428,0.9339094164999999,1.0008284513476244,7506.40445559317,2753.362999270374,0.85908042
M4_block_alpha_full_response,3,0.27915931308295006,0.07792992208094453,TRUE,rho,rho[35],0.85581322308295,0.8503002900000001,-0.08492768384999996,1.8203315999999983,1.0001515513635164,5171.897470727697,3076.7078544894857,0.57665391
M4_block_alpha_full_response,3,0.2881857955075,0.08305105273229062,TRUE,rho,rho[36],1.5779474955075,1.56629305,1.1550823300000002,2.045749515,1.0010974493375564,5605.189567534106,2791.253650679541,1.2897617
M4_block_alpha_full_response,3,0.04484144177817126,0.002010754900745123,TRUE,rho,rho[37],-0.07356496822182874,-0.07060092700000001,-0.40546185600000006,0.24921651,1.0015119711510792,6972.737371560022,2946.504357515259,-0.11840641
M4_block_alpha_full_response,3,-0.4005559594200001,0.16044507662687676,TRUE,rho,rho[38],1.56620754058,1.5560792,1.16317749,1.9847528199999998,1.0021021512577521,7248.915805195573,2942.1960319578006,1.9667635
M4_block_alpha_full_response,3,0.12270410790999997,0.015056298097988918,TRUE,rho,rho[39],1.26429410791,1.2515377,0.8483851975,1.7270118449999996,1.0022093004719828,4569.645741547205,2559.2675327972347,1.14159
M4_block_alpha_full_response,3,0.505177907301063,0.25520471802508143,FALSE,rho,rho[40],-0.158994302698937,-0.156922375,-0.5538397979999999,0.2361355174999999,0.9996438973640679,8152.802287225163,2907.4120297862105,-0.66417221
M4_block_alpha_full_response,3,0.0921212977775,0.008486333504210826,TRUE,rho,rho[41],0.8332667277775,0.827523935,0.4826077415,1.1954468399999998,1.0008824719992817,7252.8696889960365,3204.9471741558136,0.74114543
M4_block_alpha_full_response,3,0.11409359373015249,0.013017348130261092,TRUE,rho,rho[42],0.4186262937301525,0.41582623,0.1247348035,0.7226795574999998,1.0017566289906128,7446.062567150157,3511.1735527345613,0.3045327
M4_block_alpha_full_response,3,-0.35096156883999985,0.12317402280263395,TRUE,rho,rho[43],1.47999653116,1.4713859999999999,1.05049177,1.9278460899999998,1.0022891246643257,7185.4254108595605,2928.063232565203,1.8309581
M4_block_alpha_full_response,3,-0.14732148523425004,0.021703620011625353,TRUE,rho,rho[44],0.98999871476575,0.98565627,0.588218543,1.3920524599999993,1.0006531231708087,5686.405380599509,3066.2197445698507,1.1373202
M4_block_alpha_full_response,3,-0.19261763137499988,0.03710155191651534,TRUE,rho,rho[45],1.707385468625,1.6994343,1.30997378,2.13074671,1.0000177206560517,6696.610233092632,2922.8932254644437,1.9000031
M4_block_alpha_full_response,3,-0.229653598075225,0.05274077510889699,TRUE,rho,rho[46],0.650229541924775,0.6481757850000001,0.283978729,1.02739083,1.000007513472182,7174.058241450331,3053.5709689187197,0.87988314
M4_block_alpha_full_response,3,0.05094932449749989,0.0025958336667515425,TRUE,rho,rho[47],1.2468575244975,1.24042155,0.8909283405,1.62164315,1.0022144117249618,7223.759359638846,2680.872054695078,1.1959082
M4_block_alpha_full_response,3,0.103264343796948,0.010663524699814273,TRUE,rho,rho[48],0.117124503796948,0.117262225,-0.1859471435,0.41690931649999996,1.0017513236221323,7264.198963856214,2649.0879478722113,0.01386016
M4_block_alpha_full_response,3,-0.102516428621375,0.010509618137281474,TRUE,rho,rho[49],-0.484587828621375,-0.481389415,-0.8015426045,-0.1680754515000001,1.001052232018402,7416.257715007848,2971.1334441774084,-0.3820714
M4_block_alpha_full_response,3,-0.21179487968805,0.04485707106207557,TRUE,rho,rho[50],-0.54037222968805,-0.53908029,-0.914843795,-0.16995964350000015,1.0006186220676776,8181.62229376907,2835.1346255547965,-0.32857735
M4_block_alpha_full_response,3,-0.31445672144960873,0.09888302966483682,TRUE,rho,rho[51],0.31056227855039126,0.30890077,-0.019799132099999988,0.6394946705,1.0061533173147108,7399.252963699288,2630.2534966450658,0.625019
M4_block_alpha_full_response,3,-0.18266703163956755,0.03336724444801077,TRUE,rho,rho[52],-0.6169476916395675,-0.6155850350000001,-1.10242481,-0.15237474350000058,0.9997275501950477,5728.175182081219,2891.407592595548,-0.43428066
M4_block_alpha_full_response,3,0.008657906263267512,7.495934086352682e-5,TRUE,rho,rho[53],0.2615135462632675,0.260887815,-0.039781399149999994,0.5700405014999997,1.0012300071046354,8169.118803280097,2837.3284271893976,0.25285564
M4_block_alpha_full_response,3,-0.027484198023028233,7.55381140969029e-4,TRUE,rho,rho[54],0.17967909197697177,0.181633615,-0.121545472,0.46918093599999994,1.0015725053766182,7527.011442287242,2862.0886231314603,0.20716329
M4_block_alpha_full_response,3,-0.08357541563500015,0.0069848500985630274,TRUE,rho,rho[55],1.934265684365,1.92087715,1.4640391350000002,2.450592784999999,1.0017772729790986,5619.32507984052,3214.9675860741168,2.0178411
M4_block_alpha_full_response,3,0.16579392398922504,0.02748762523174493,TRUE,rho,rho[56],0.551708333989225,0.5463387749999999,0.21622883100000004,0.8962549184999998,1.003538945348937,7091.414293639041,2903.923733691235,0.38591441
M4_block_alpha_full_response,3,-0.16672955944846699,0.027798745993879888,TRUE,rho,rho[57],-0.186154332448467,-0.183534015,-0.5053286825,0.12148724749999978,1.0066647911408737,8625.81419098287,3048.543655155372,-0.019424773
M4_block_alpha_full_response,3,0.2851253367555484,0.08129645765996489,TRUE,rho,rho[58],0.3863243067555484,0.38478542,0.04129616275000002,0.7297458584999997,1.002979521428084,7874.180205368192,3024.638034570826,0.10119897
M4_block_alpha_full_response,3,0.01865898112219999,3.4815757651861565e-4,TRUE,rho,rho[59],0.9934721111222,0.98351773,0.5097168200000001,1.5162690699999999,1.000740452972746,6894.845616731504,3127.266837874281,0.97481313
M4_block_alpha_full_response,3,0.6011474198204005,0.3613782203567249,FALSE,rho,rho[60],0.3092017698204005,0.315614165,-0.1825115895,0.7784541044999996,1.0022469234058982,5809.6907826230345,2956.3212107925715,-0.29194565
M4_block_alpha_full_response,3,0.14710796600252501,0.021640753661400055,TRUE,rho,rho[61],0.602419746002525,0.598862895,0.250554247,0.9665045299999998,0.9997903262768248,7054.79807545294,3142.277482585879,0.45531178
M4_block_alpha_full_response,3,0.325521365895,0.10596415965414649,TRUE,rho,rho[62],0.941012355895,0.934327365,0.6139319684999999,1.2680254599999998,1.0016784077372762,7894.158639950251,2991.249368227616,0.61549099
M4_block_alpha_full_response,3,0.20147754328300005,0.04059320044735316,TRUE,rho,rho[63],1.060326033283,1.0452009,0.5286461640000001,1.6424187899999998,1.0000758467586863,7107.166354189551,3321.852040390271,0.85884849
M4_block_alpha_full_response,3,0.04867391410801747,0.002369149914594662,TRUE,rho,rho[64],0.2991559541080175,0.29915716999999997,-0.052024627299999994,0.6450513084999997,1.000329355552008,7094.896605113145,2804.232432955213,0.25048204
M4_block_alpha_full_response,3,-0.21342915641999993,0.0455520048101528,TRUE,rho,rho[65],0.98394784358,0.9771842749999999,0.620500405,1.3653472999999998,1.0039849071319722,7052.197103066695,3316.6596702350844,1.197377
M4_block_alpha_full_response,3,0.09857317974530247,0.009716671765099709,TRUE,group_mu_side,mu_side[1],-0.2486587202546975,-0.25057271999999997,-0.41213285250000004,-0.0770978481000001,1.0063836976194505,510.0977780929202,914.3000149520839,-0.3472319
M4_block_alpha_full_response,3,-0.043986750435,0.0019348342138309725,TRUE,group_sigma_side,sigma_side[1],0.772670059565,0.768291785,0.6410128995,0.9204997265,1.006369481404606,753.7484202875881,1730.9822034342496,0.81665681
M4_block_alpha_full_response,3,1.1683791557749998,1.3651098516495013,FALSE,side_bias,side_bias[1],-1.847862444225,-1.8436765,-2.2825703049999997,-1.43155724,1.0009720486214269,5071.490469708123,2648.5155646382045,-3.0162416
M4_block_alpha_full_response,3,-0.03517868845744254,0.0012375401215858012,TRUE,side_bias,side_bias[2],-0.5391443684574425,-0.5356823399999999,-0.852426877,-0.23118537400000003,1.0003991175264355,7171.26905047124,2831.695206318202,-0.50396568
M4_block_alpha_full_response,3,-0.0666516485464355,0.004442442253957558,TRUE,side_bias,side_bias[3],-0.0117432635464355,-0.00643458645,-0.40299849349999994,0.368846773,1.0005885382243982,7394.187457101222,2709.6727812894774,0.054908385
M4_block_alpha_full_response,3,0.01102737340242525,1.2160296415651582e-4,TRUE,side_bias,side_bias[4],0.00700912140242525,0.0069560716000000005,-0.33455625650000004,0.3488403994999999,1.0012144239319123,9156.190450057531,2598.188917213494,-0.004018252
M4_block_alpha_full_response,3,3.782883349007504e-4,1.4310206432198232e-7,TRUE,side_bias,side_bias[5],-0.22606099166509924,-0.224604625,-0.519790691,0.07079306539999995,1.0010223389121098,7949.356704863929,2663.412613824474,-0.22643928
M4_block_alpha_full_response,3,0.20771124546640302,0.043143961493204326,TRUE,side_bias,side_bias[6],0.249423263466403,0.24370524500000001,-0.170287743,0.6904695134999997,1.0023069561629707,6769.764013664195,2897.57750133874,0.041712018
M4_block_alpha_full_response,3,-0.18096545353521698,0.032748495373206774,TRUE,side_bias,side_bias[7],-0.230177332535217,-0.230836765,-0.5301602075,0.07042456449999984,1.001841400566487,8509.447990692477,2504.633078250984,-0.049211879
M4_block_alpha_full_response,3,0.11600750539622001,0.013457741308254015,TRUE,side_bias,side_bias[8],-0.34106793460378,-0.34140295,-0.655798727,-0.04094094555000007,1.0021508998016115,9065.485704262575,3156.009976360503,-0.45707544
M4_block_alpha_full_response,3,0.45226361194999987,0.20454237469406006,TRUE,side_bias,side_bias[9],-2.34299638805,-2.3227331500000004,-2.9286687049999998,-1.8341543850000006,1.0005963311917645,4771.255710765086,3167.825755180944,-2.79526
M4_block_alpha_full_response,3,0.05799452758951,0.0033633652303304367,TRUE,side_bias,side_bias[10],0.04835763228951,0.0528578775,-0.7253021859999998,0.8262877649999995,1.001002167974224,6472.278063518924,3018.4419383841782,-0.0096368953
M4_block_alpha_full_response,3,-0.058783394807745026,0.003455487505123225,TRUE,side_bias,side_bias[11],-0.427526094807745,-0.42590045,-0.7268112079999999,-0.13839120500000013,1.0004331091050407,7795.09714154651,2702.9450079428575,-0.3687427
M4_block_alpha_full_response,3,0.024164008356426847,5.838992998494665e-4,TRUE,side_bias,side_bias[12],-0.5985516016435731,-0.59117726,-1.0923128750000002,-0.11451384850000024,1.0005796765888557,8101.645602150238,2966.959567710683,-0.62271561
M4_block_alpha_full_response,3,-0.5284072600500003,0.2792142324735486,FALSE,side_bias,side_bias[13],1.88499273995,1.8715571500000001,1.4495308500000001,2.374162105,0.9997112930964185,4749.760638511046,3387.6543513810843,2.4134
M4_block_alpha_full_response,3,-0.009269278336972497,8.591952088826762e-5,TRUE,side_bias,side_bias[14],-0.4529143883369725,-0.45152564500000003,-0.7494860204999999,-0.15391145450000004,0.9999323186218203,8142.147532080732,2896.959602513527,-0.44364511
M4_block_alpha_full_response,3,-0.045545907722609996,0.0020744297102765047,TRUE,side_bias,side_bias[15],-0.05160438222261,-0.058352018000000005,-0.430651338,0.32586030749999995,1.0024644525385547,7712.400714174273,2590.739203020679,-0.0060584745
M4_block_alpha_full_response,3,0.155423554226305,0.024156481208337167,TRUE,side_bias,side_bias[16],-0.022444255773695,-0.0224863485,-0.3274539815,0.28051076849999984,1.0010248208647454,8207.294555678443,2541.478891084199,-0.17786781
M4_block_alpha_full_response,3,-0.015786062748622487,2.4919977710344656e-4,TRUE,side_bias,side_bias[17],-0.3151475427486225,-0.31463161,-0.627230694,-0.004260706725000009,0.9997261293987352,7463.414071712023,3191.207144384045,-0.29936148
M4_block_alpha_full_response,3,0.008282979490250031,6.860774923590266e-5,TRUE,side_bias,side_bias[18],-0.29602716050975,-0.293879405,-0.596709074,0.010887730499999774,1.0017371301724707,6976.591527110037,3018.6109635950775,-0.30431014
M4_block_alpha_full_response,3,0.14487597205887504,0.02098904728000394,TRUE,side_bias,side_bias[19],0.399329202058875,0.39767458499999997,0.10295775550000001,0.6964846489999997,1.0006580761412824,7480.595507694673,2404.1726751284014,0.25445323
M4_block_alpha_full_response,3,0.6729730379249999,0.4528927097740033,FALSE,side_bias,side_bias[20],-2.901266862075,-2.8754150000000003,-3.5708945199999995,-2.306382005,0.9999841782692863,4588.317326310559,3371.0708930133424,-3.5742399
M4_block_alpha_full_response,3,0.5483535813090978,0.3006916501345134,FALSE,side_bias,side_bias[21],0.13870434130909776,0.13775372,-0.219669493,0.5032557649999999,1.0005712668416027,8179.487152188817,2830.42894279633,-0.40964924
M4_block_alpha_full_response,3,0.009057745116049953,8.204274658732679e-5,TRUE,side_bias,side_bias[22],0.51094086511605,0.509029245,0.20099351599999998,0.8176452485,1.0014730633985658,7410.424567592233,2776.3094534015477,0.50188312
M4_block_alpha_full_response,3,0.15732782131580503,0.024752043359977875,TRUE,side_bias,side_bias[23],0.300952741315805,0.29521379000000003,-0.2308661485,0.850574827,1.0006040403758203,6030.205024050451,3089.1167641617044,0.14362492
M4_block_alpha_full_response,3,0.3019308932017075,0.0911622642695809,TRUE,side_bias,side_bias[24],0.3760979062017075,0.37328595,0.010102228150000003,0.7571607524999998,1.0007758682419623,7647.251146969737,2923.3593617138517,0.074167013
M4_block_alpha_full_response,3,-0.0797732066952655,0.006363764506445552,TRUE,side_bias,side_bias[25],0.1076035033047345,0.105912945,-0.229107984,0.45223037899999946,1.0008167676412703,7379.813064429362,3098.7130647047406,0.18737671
M4_block_alpha_full_response,3,-0.25706444468734124,0.06608212872241112,TRUE,side_bias,side_bias[26],-0.07743118468734125,-0.0816453095,-0.6664422784999999,0.5071206685,1.0032706680065173,7087.736194719849,3015.7929598400387,0.17963326
M4_block_alpha_full_response,3,0.276217559057205,0.07629613993152054,TRUE,side_bias,side_bias[27],-0.384683050942795,-0.38398548,-0.7423371675,-0.033048177650000087,1.0007282301837668,6938.466493228639,2534.732903057977,-0.66090061
M4_block_alpha_full_response,3,0.28208441631250003,0.07957161792636383,TRUE,side_bias,side_bias[28],0.8710287663125,0.86773804,0.5604641195000001,1.1858946750000001,1.0013576598191205,7394.073559287915,3186.296882794342,0.58894435
M4_block_alpha_full_response,3,-0.171717946451735,0.029487053133600928,TRUE,side_bias,side_bias[29],0.067479673548265,0.068066514,-0.3569731585,0.48210794099999993,1.001280273930974,6954.3400898303835,2769.7079579111582,0.23919762
M4_block_alpha_full_response,3,-0.10137765599359999,0.0102774291347567,TRUE,side_bias,side_bias[30],0.0092090140064,0.009197770899999999,-0.33138700600000004,0.3545850129999996,1.002477327884504,8699.08633037437,2802.673787309229,0.11058667
M4_block_alpha_full_response,3,-0.06937549702667253,0.00481295958769785,TRUE,side_bias,side_bias[31],-0.2828620070266725,-0.28137309,-0.6451935209999998,0.05754573074999983,1.0009712331221305,7553.225642430498,2964.455006611945,-0.21348651
M4_block_alpha_full_response,3,0.23505210866368748,0.055249493787245946,TRUE,side_bias,side_bias[32],-0.0233078813363125,-0.0208794625,-0.37577899800000003,0.3278983134999999,1.0016158548957619,8046.9712275420825,2714.1080740461553,-0.25835999
M4_block_alpha_full_response,3,0.026501963971195086,7.023540943305224e-4,TRUE,side_bias,side_bias[33],-0.644608156028805,-0.644826005,-0.9928710829999999,-0.29969509250000004,1.0015172477569283,6804.134571680612,3132.4416340787134,-0.67111012
M4_block_alpha_full_response,3,-0.3252895876249068,0.10581331581718191,TRUE,side_bias,side_bias[34],0.00979635237509325,0.0088280173,-0.3116756135,0.33569330599999997,1.0002519509547,7608.624781532846,2658.7338988618712,0.33508594
M4_block_alpha_full_response,3,0.5844835778623892,0.3416210527908196,TRUE,side_bias,side_bias[35],-0.06135906213761075,-0.0507891755,-1.165797835,0.9951279694999992,1.0007114115918827,5492.839424861649,2681.319127487363,-0.64584264
M4_block_alpha_full_response,3,-0.023504811222500033,5.524761506053635e-4,TRUE,side_bias,side_bias[36],-1.3183289112225,-1.314067,-1.797762095,-0.871662385,1.0016857942474455,5224.101461382894,3016.0726886106477,-1.2948241
M4_block_alpha_full_response,3,0.04343310167000003,0.0018864343206765593,TRUE,side_bias,side_bias[37],-1.00746839833,-1.00450785,-1.34994615,-0.6781941275000001,1.0006706584615983,7252.369452943015,2751.8305899581665,-1.0509015
M4_block_alpha_full_response,3,-0.2581696927925075,0.0666515902765777,TRUE,side_bias,side_bias[38],0.0281756572074925,0.029753544,-0.3451770755,0.39853778999999995,1.0026248848615922,7002.384552597117,2495.069795867417,0.28634535
M4_block_alpha_full_response,3,0.42062857468750003,0.17692839784363779,TRUE,side_bias,side_bias[39],-1.3929293253125,-1.381163,-1.8497211199999999,-0.9632145750000005,1.0019376515035028,4609.942266646216,3170.659918927444,-1.8135579
M4_block_alpha_full_response,3,0.62062537770315,0.38517585944917754,FALSE,side_bias,side_bias[40],0.64228421670315,0.640900075,0.2345248965,1.077763885,0.9997563101959813,6772.1129162132975,3265.3436485062407,0.021658839
M4_block_alpha_full_response,3,-0.32536548600750004,0.1058626994848967,TRUE,side_bias,side_bias[41],-1.0572993360075,-1.0505414499999999,-1.42968727,-0.6924012130000001,1.0002224535799014,6739.043314802152,2651.837285750598,-0.73193385
M4_block_alpha_full_response,3,0.07188824326625476,0.005167919519908222,TRUE,side_bias,side_bias[42],-0.21451035673374524,-0.20919042,-0.534864915,0.10047971799999973,1.0007099525584544,9703.262519238579,2952.673822719656,-0.2863986
M4_block_alpha_full_response,3,0.22632827155336976,0.051224486504335885,TRUE,side_bias,side_bias[43],0.5715124415533698,0.564119755,0.1659341595,0.9845618509999997,1.002434740661033,6944.013387427467,2899.7269166715637,0.34518417
M4_block_alpha_full_response,3,-0.21857325654305,0.04777426847583394,TRUE,side_bias,side_bias[44],-0.50590758654305,-0.5031512549999999,-0.9286367225000001,-0.0797057676000002,1.0028140746278273,6539.734606455081,2990.940728842334,-0.28733433
M4_block_alpha_full_response,3,0.21682855031253248,0.04701462023063443,TRUE,side_bias,side_bias[45],0.2982267013125325,0.29486504,-0.0902135883,0.7035111534999999,1.0003210202526254,8337.608171097572,2895.946885008768,0.081398151
M4_block_alpha_full_response,3,-0.12602885280027099,0.015883271738152373,TRUE,side_bias,side_bias[46],-0.389429722800271,-0.387059875,-0.7762413859999999,-0.005017219415000078,1.0004232898979855,8184.814569184428,2844.950289755177,-0.26340087
M4_block_alpha_full_response,3,0.06015783609076497,0.0036189652431233444,TRUE,side_bias,side_bias[47],-0.421316963909235,-0.420190605,-0.7880743559999999,-0.0662635812000001,0.9998528102430967,8086.383996907538,3268.733530157061,-0.4814748
M4_block_alpha_full_response,3,0.16071771353670425,0.025830183444466127,TRUE,side_bias,side_bias[48],0.02905459353670425,0.027544779,-0.27644735899999995,0.3385798964999999,1.0019893277860106,9261.364744710281,2964.4556274244333,-0.13166312
M4_block_alpha_full_response,3,0.37743547846475,0.14245754040391476,FALSE,side_bias,side_bias[49],0.57110880846475,0.56855074,0.2608753015,0.8942188169999999,1.0014934379327833,6789.754647089789,2163.1992360724826,0.19367333
M4_block_alpha_full_response,3,-0.14294216515067504,0.020432462577962857,TRUE,side_bias,side_bias[50],-0.534321135150675,-0.533975215,-0.90304443,-0.1666060755000002,1.0009084862930484,9498.143378997489,2915.332082055533,-0.39137897
M4_block_alpha_full_response,3,-0.12145156215418751,0.014750481949692472,TRUE,side_bias,side_bias[51],0.1411377778458125,0.1418854,-0.18228570100000002,0.4697156049999997,1.0018862505472568,7337.949591113095,2935.200570588361,0.26258934
M4_block_alpha_full_response,3,-0.6043421092509176,0.365229385013848,FALSE,side_bias,side_bias[52],-0.5205709722509175,-0.51003598000000006,-0.986710915,-0.06981465045000022,0.9996607949095399,7246.096386836899,2944.4056724345223,0.083771137
M4_block_alpha_full_response,3,0.12703074470230774,0.016136810099622888,TRUE,side_bias,side_bias[53],0.21104211870230774,0.209203335,-0.07837578895,0.5060192099999999,1.0010358673297262,7666.839021184109,2864.931583035301,0.084011374
M4_block_alpha_full_response,3,-0.2886664971813375,0.08332834659494315,TRUE,side_bias,side_bias[54],-0.4172808571813375,-0.41429781,-0.7314332625,-0.11600787700000018,0.999459264641235,9502.134434239522,3068.4668897683277,-0.12861436
M4_block_alpha_full_response,3,0.00398104755051,1.5848739599421672e-5,TRUE,side_bias,side_bias[55],0.08291009455051,0.0862581905,-0.3661784775,0.5202276669999996,0.9994317232227593,7736.253785630934,2845.8206006390983,0.078929047
M4_block_alpha_full_response,3,-0.022983149573500006,5.282251643178735e-4,TRUE,side_bias,side_bias[56],-0.9359478095735,-0.93260193,-1.2734728100000001,-0.6049513160000004,1.001228057616128,7320.121231557286,2875.866342748945,-0.91296466
M4_block_alpha_full_response,3,-0.36476407982225006,0.1330528339285728,FALSE,side_bias,side_bias[57],-0.66737597982225,-0.662157605,-0.988853422,-0.3594542425000001,1.0004051106502014,7406.13048465698,2803.519304677518,-0.3026119
M4_block_alpha_full_response,3,-0.025657436123762478,6.583040284449518e-4,TRUE,side_bias,side_bias[58],-0.3206054061237625,-0.31858471,-0.6535712985,0.013561056449999451,1.0031274655548141,8216.119090684357,3005.7615197249056,-0.29494797
M4_block_alpha_full_response,3,-0.08455566349765575,0.007149660229528794,TRUE,side_bias,side_bias[59],-0.07931990549765575,-0.0825985545,-0.5518525224999999,0.39090206949999995,1.0003084351525764,7994.2199488049255,2862.375221241211,0.005235758
M4_block_alpha_full_response,3,-0.21205901933723498,0.0449690276822698,TRUE,side_bias,side_bias[60],0.483936630662765,0.47410475,0.00957102582500003,0.988599573,1.0014577350274367,7494.988308067611,2843.8085751151184,0.69599565
M4_block_alpha_full_response,3,-0.13982968930348996,0.019552342010710533,TRUE,side_bias,side_bias[61],-0.38502270930349,-0.382829725,-0.758545168,-0.018842216800000075,1.0013018092239447,7266.917351558042,3030.970558774825,-0.24519302
M4_block_alpha_full_response,3,0.1732360104537225,0.03001071531792225,TRUE,side_bias,side_bias[62],0.0159971404537225,0.014836845000000001,-0.29736408049999996,0.3433156289999999,1.0005956726685934,8793.519318582015,3214.960383642113,-0.15723887
M4_block_alpha_full_response,3,-0.6796342240675,0.46190267852383277,FALSE,side_bias,side_bias[63],-1.4589917440675,-1.4447379,-2.12745614,-0.8374717515000003,1.0040182934839326,5671.900966829121,2921.4493359699823,-0.77935752
M4_block_alpha_full_response,3,-0.173003063327815,0.02993005992080797,TRUE,side_bias,side_bias[64],-0.423876763327815,-0.417804715,-0.78517724,-0.07862932970000013,1.0005835090582467,7711.445207216838,2823.501368467004,-0.2508737
M4_block_alpha_full_response,3,0.09185844867199999,0.008437974592426458,TRUE,side_bias,side_bias[65],-0.674060511328,-0.67071845,-1.044318205,-0.32301247150000023,1.0012863056596706,6470.606899958887,3159.545749382594,-0.76591896
M4_block_alpha_full_response,3,0.39849636874915795,0.15879935590626487,TRUE,delta_alpha,delta_alpha[1],-0.238870071250842,-0.293830105,-0.8999880140000001,0.7007145079999995,1.00029838436372,3373.54902505501,2851.9963718496065,-0.63736644
M4_block_alpha_full_response,3,0.01676421144168275,2.8103878526144685e-4,TRUE,delta_alpha,delta_alpha[2],0.015084227541682751,-0.00337906315,-0.6524155675000001,0.8027009549999999,1.000270246062154,4746.845079160271,2793.5403432547423,-0.0016799839
M4_block_alpha_full_response,3,0.0164457903741335,2.704640210299421e-4,TRUE,delta_alpha,delta_alpha[3],0.0139954229741335,0.014743763,-0.013916477850000001,0.05505442584999995,1.000192741100103,3091.1472065878156,2242.3702930137692,-0.0024503674
M4_block_alpha_full_response,3,0.34439315359434725,0.11860664424265965,TRUE,delta_alpha,delta_alpha[4],0.26573964859434723,0.235920985,-0.24282148,0.893157918,1.0002777550030317,3274.1948798708167,3011.9459001963664,-0.078653505
M4_block_alpha_full_response,3,0.7753063133376157,0.6010998795011651,TRUE,delta_alpha,delta_alpha[5],0.03048995333761575,0.013776116,-0.759134327,0.8192154489999997,1.0002609734803987,4397.434310692277,2955.2331688195536,-0.74481636
M4_block_alpha_full_response,3,0.10623762215659993,0.011286432361488493,TRUE,delta_alpha,delta_alpha[6],0.6957024521566,0.74109567,0.293309677,0.9242375724999999,1.0006034957699128,3773.563166977251,1746.4849816042763,0.58946483
M4_block_alpha_full_response,3,-0.3772399456132426,0.14230997656628222,TRUE,delta_alpha,delta_alpha[7],0.18805225438675746,0.0892827045,-0.640476234,0.9379774679999999,1.0009286209720076,4728.451613878871,2758.4447843958196,0.5652922
M4_block_alpha_full_response,3,0.20015151978675685,0.04006063087294852,TRUE,delta_alpha,delta_alpha[8],0.23012518578675686,0.18262263499999998,-0.5574744205,0.9098950339999998,1.00204093006818,5339.296714614116,3129.073839665327,0.029973666
M4_block_alpha_full_response,3,0.44781519338668496,0.20053844742795404,TRUE,delta_alpha,delta_alpha[9],-0.112105486613315,-0.081529808,-0.916851509,0.8241457624999999,1.0008431067753347,3408.525512225125,2959.2683163429597,-0.55992068
M4_block_alpha_full_response,3,-0.004980973347701237,2.481009549051007e-5,TRUE,delta_alpha,delta_alpha[10],0.005106930652298763,0.00348966195,-9.67334207e-4,0.01684451649999999,0.9999845052274393,4409.30230797253,3522.2938680611783,0.010087904
M4_block_alpha_full_response,3,0.7681553785278947,0.5900626855613332,TRUE,delta_alpha,delta_alpha[11],0.09434197852789475,0.0405864555,-0.779794576,0.9077360445,1.0000428635491445,4584.96653131856,3008.1423927123074,-0.6738134
M4_block_alpha_full_response,3,0.144562001235948,0.020898172201342234,FALSE,delta_alpha,delta_alpha[12],0.029660951235948,0.032020369,-0.11177937299999999,0.16575256899999996,1.0017137348246665,5631.371848881934,2912.9824810147516,-0.11490105
M4_block_alpha_full_response,3,-0.7168477796666565,0.5138707392130153,TRUE,delta_alpha,delta_alpha[13],-0.0218250596666565,-0.0136205985,-0.8191622415,0.8600416639999999,1.0012559643258172,3763.9836682464197,3000.184462932791,0.69502272
M4_block_alpha_full_response,3,0.06646265265273965,0.004417284197638721,TRUE,delta_alpha,delta_alpha[14],0.04675531565273965,0.019516658,-0.7917195374999999,0.8745266719999998,1.0012912334570039,4810.615624005422,3000.9342796761125,-0.019707337
M4_block_alpha_full_response,3,0.14881285043619003,0.02214526445494386,TRUE,delta_alpha,delta_alpha[15],0.27896243043619,0.28205638,-0.4389151654999999,0.8901943219999998,1.0016991902032923,4962.720089952606,2629.787151732206,0.13014958
M4_block_alpha_full_response,3,0.0377135253260458,0.0014223099925182979,TRUE,delta_alpha,delta_alpha[16],0.006189244326045801,0.00361898205,-0.8208323765,0.9015518339999999,1.0003850617844017,4077.899215354432,2986.8698774398126,-0.031524281
M4_block_alpha_full_response,3,0.6436179877474317,0.4142441141520532,FALSE,delta_alpha,delta_alpha[17],-0.30370756225256823,-0.343456385,-0.9231863299999999,0.6319266989999996,1.001134204103197,3141.593155955364,2813.344982203771,-0.94732555
M4_block_alpha_full_response,3,-0.6980256180004374,0.48723976338489255,TRUE,delta_alpha,delta_alpha[18],0.1842752619995625,0.16932963499999998,-0.5904519499999998,0.8912110529999996,1.0022641011301587,5407.296487552328,2852.937264173454,0.88230088
M4_block_alpha_full_response,3,0.022327317013555004,4.985090850237828e-4,TRUE,delta_alpha,delta_alpha[19],0.259281617013555,0.205211215,-0.53857704,0.941911974,1.001351303059257,5331.972045366554,2930.292007013706,0.2369543
M4_block_alpha_full_response,3,0.37288852562376673,0.13904585254186655,TRUE,delta_alpha,delta_alpha[20],0.03396913562376675,0.0085373706,-0.8124897585,0.885858169,1.0002260500127713,4473.734456854487,3017.2374112783586,-0.33891939
M4_block_alpha_full_response,3,-0.3800911249261358,0.14446926324761536,TRUE,delta_alpha,delta_alpha[21],0.12574451507386425,0.0953084095,-0.6910747684999999,0.8805427389999998,1.0011209887976924,4213.051647361363,2875.415821407965,0.50583564
M4_block_alpha_full_response,3,0.20042582843748427,0.04017051270485188,TRUE,delta_alpha,delta_alpha[22],0.05058468843748426,0.020641768999999997,-0.7962458554999999,0.8526363019999996,1.0014688989440106,4842.277549494478,3110.728431427343,-0.14984114
M4_block_alpha_full_response,3,0.010792571743906746,1.164796048473743e-4,TRUE,delta_alpha,delta_alpha[23],0.03901982974390675,0.037598505500000004,0.013764273100000002,0.06893503534999997,1.0003403718656905,3921.2157566974515,2394.168937873555,0.028227258
M4_block_alpha_full_response,3,-0.1200110529134075,0.014402652821384693,TRUE,delta_alpha,delta_alpha[24],0.1946171170865925,0.184526205,-0.151902859,0.582977741,1.0007572167819712,5498.35181785659,3147.3452392020686,0.31462817
M4_block_alpha_full_response,3,0.27493067947157246,0.07558687851470051,TRUE,delta_alpha,delta_alpha[25],0.6282961594715725,0.6778889450000001,0.14203292550000002,0.9512600374999999,0.9992495502852078,4949.4581082724535,2901.676282529791,0.35336548
M4_block_alpha_full_response,3,-0.007257776252967044,5.267531613813234e-5,TRUE,delta_alpha,delta_alpha[26],0.009887075747032955,0.00765702215,-3.695828219999999e-4,0.027393862249999998,1.0006697889578489,3768.1432495497356,2790.5978299618705,0.017144852
M4_block_alpha_full_response,3,0.002911546225506302,8.477101423259995e-6,TRUE,delta_alpha,delta_alpha[27],0.0308179182255063,0.0106330475,-0.006047566515,0.1276380574999999,1.0004929588564861,4361.382043736759,2806.4553294073967,0.027906372
M4_block_alpha_full_response,3,-0.5675724893863889,0.3221385307082626,TRUE,delta_alpha,delta_alpha[28],0.17191653061361106,0.0727223105,-0.6770300969999999,0.9311950259999999,1.001898764907668,4315.3441877501755,2700.6380467067324,0.73948902
M4_block_alpha_full_response,3,0.17017127926683318,0.028958264287310527,TRUE,delta_alpha,delta_alpha[29],-0.5996020607331668,-0.66211844499999994,-0.873892361,-0.0852417207500008,1.0136910254711433,1177.804623899993,129.21306384730718,-0.76977334
M4_block_alpha_full_response,3,0.0829527246296975,0.006881154523490422,TRUE,delta_alpha,delta_alpha[30],0.6928242646296975,0.7736842399999999,0.1054958475,0.9706968065,1.0002875927322208,4207.04847645127,2495.228510234598,0.60987154
M4_block_alpha_full_response,3,0.36918192020642493,0.1362952902073031,TRUE,delta_alpha,delta_alpha[31],0.758349380206425,0.809186105,0.36732484200000004,0.978066611,1.0023534451784921,5814.604866868495,3124.2565460204673,0.38916746
M4_block_alpha_full_response,3,-0.20482635334014998,0.04195383502262397,TRUE,delta_alpha,delta_alpha[32],0.20433213665985,0.1925659,-0.3310996845,0.7859791395,1.0016270545064734,3735.8279530696173,2205.8591934093797,0.40915849
M4_block_alpha_full_response,3,-0.028610798724577766,8.185778036583007e-4,TRUE,delta_alpha,delta_alpha[33],-0.13693673872457776,-0.12258935,-0.905247686,0.8403838989999992,1.0000520494996739,2141.268239222752,3075.3109145195767,-0.10832594
M4_block_alpha_full_response,3,0.7120719821160489,0.5070465077146787,FALSE,delta_alpha,delta_alpha[34],0.125429282116049,0.10939626,-0.516674395,0.8148451239999995,1.0019515449419487,3599.868979336979,2360.9353017670455,-0.5866427
M4_block_alpha_full_response,3,-7.184155723306525e-4,5.16120934567179e-7,TRUE,delta_alpha,delta_alpha[35],0.0019289038276693476,0.00143016135,-8.15086067e-4,0.006406928459999996,0.9994825768079509,3713.4498821091142,3579.466384387253,0.0026473194
M4_block_alpha_full_response,3,0.9306843306494945,0.8661733233164977,FALSE,delta_alpha,delta_alpha[36],-0.0582809393505055,-0.0355199245,-0.7977819789999999,0.7750031534999995,1.0000201776369084,4205.727551887889,3087.2189431584516,-0.98896527
M4_block_alpha_full_response,3,-0.690942926884798,0.4774021282121313,FALSE,delta_alpha,delta_alpha[37],0.267692423115202,0.242194005,-0.57099336999999994,0.9405485515,1.0027082454337048,5089.17619777074,2893.097084497181,0.95863535
M4_block_alpha_full_response,3,0.04321916069725251,0.0018678958513749363,TRUE,delta_alpha,delta_alpha[38],0.6792499806972525,0.7350471350000001,0.167032755,0.9759654975,1.0002958044110932,3040.1771084295137,1601.6965548507183,0.63603082
M4_block_alpha_full_response,3,0.17124442481738528,0.02932465303103712,TRUE,delta_alpha,delta_alpha[39],0.03999617481738525,0.010931895,-0.7737447959999999,0.872108806,1.0004448256926988,4802.533977930305,3104.5681922273407,-0.13124825
M4_block_alpha_full_response,3,0.0033120672135178173,1.0969789226859678e-5,TRUE,delta_alpha,delta_alpha[40],0.0047672952135178175,0.0018290844,-0.005520035545,0.024040955349999955,0.9996503895872549,4844.225438695876,3572.9832422887484,0.001455228
M4_block_alpha_full_response,3,0.14022763491513401,0.019663789593892114,TRUE,delta_alpha,delta_alpha[41],0.099334928915134,0.069373627,-0.5779532390000001,0.8078300044999998,1.0001249868573951,3501.4353851385226,2371.4072350666825,-0.040892706
M4_block_alpha_full_response,3,0.0901838545956841,0.008133127629735492,TRUE,delta_alpha,delta_alpha[42],0.1003453345956841,0.062623397,-0.6602224305000001,0.8547705689999999,1.0026181733550084,4218.99285857964,2957.151046544401,0.01016148
M4_block_alpha_full_response,3,0.04949862653062498,0.002450114028418291,TRUE,delta_alpha,delta_alpha[43],0.818783256530625,0.8553702999999999,0.5401844205,0.9785201185,1.0009658231158005,6044.599824079357,3154.4751327159142,0.76928463
M4_block_alpha_full_response,3,-0.05544762218714494,0.003074438806208368,TRUE,delta_alpha,delta_alpha[44],0.531052037812855,0.5930885450000001,-0.053957135849999976,0.9091549254999999,1.0015318852553237,3975.9564299295125,2670.0649284182196,0.58649966
M4_block_alpha_full_response,3,0.2357728171686845,0.055588821315657934,TRUE,delta_alpha,delta_alpha[45],0.3061563431686845,0.32353682,-0.580753599,0.9538714810000001,1.000061834283253,4116.197660052541,3065.5486813376083,0.070383526
M4_block_alpha_full_response,3,0.08812658055710243,0.007766294200687464,TRUE,delta_alpha,delta_alpha[46],0.6304177305571025,0.65453585,0.23947572100000003,0.9258105404999998,1.0012782613359417,5199.700286193544,2932.1059022643476,0.54229115
M4_block_alpha_full_response,3,-0.153331811948955,0.023510644555549704,TRUE,delta_alpha,delta_alpha[47],-0.048393781948955,-0.039992621,-0.8483884385,0.7846129694999999,1.0003093509977055,4619.628634018744,2760.198878734655,0.10493803
M4_block_alpha_full_response,3,0.38365836718657853,0.1471937427122715,TRUE,delta_alpha,delta_alpha[48],0.3669040991865785,0.42775589999999997,-0.4879947985,0.9554440814999998,0.9997124203569397,4591.71481217953,3250.287029715101,-0.016754268
M4_block_alpha_full_response,3,0.061146578869523495,0.0037389041074468573,TRUE,delta_alpha,delta_alpha[49],0.0661338262695235,0.0141621105,-0.695005018,0.8603471099999997,1.0001569805357762,3354.7430875915243,3193.579444946726,0.0049872474
M4_block_alpha_full_response,3,0.0017940137994264943,3.2184855125326856e-6,TRUE,delta_alpha,delta_alpha[50],0.0904481867994265,0.061750285,-0.29779352499999995,0.5528993899999998,0.9999529747418044,5511.06036952372,2283.93766213136,0.088654173
M4_block_alpha_full_response,3,0.2452371873633315,0.06014127806587776,FALSE,delta_alpha,delta_alpha[51],0.0158033973633315,0.00761001935,-0.013600626699999998,0.06452798914999999,0.9998214687319593,5060.481695283062,2856.6781055870697,-0.22943379
M4_block_alpha_full_response,3,0.03113086895083425,9.69131001634016e-4,TRUE,delta_alpha,delta_alpha[52],-0.10755599104916574,-0.10899364,-0.193557181,-0.016287022650000066,1.0018929041834392,4145.378269647863,2831.718952478815,-0.13868686
M4_block_alpha_full_response,3,-0.23597545317218874,0.05568441449981984,TRUE,delta_alpha,delta_alpha[53],-0.00346950317218875,0.00737541635,-0.7942652744999998,0.8090836794999998,0.9995794691688226,4123.799250434372,2958.809999610288,0.23250595
M4_block_alpha_full_response,3,-0.40809812314293004,0.1665440781127821,TRUE,delta_alpha,delta_alpha[54],0.10259820685707,0.069675492,-0.7968668025,0.9149919979999998,0.9998611244078933,4268.366697099394,2748.502988260765,0.51069633
M4_block_alpha_full_response,3,0.206735940238322,0.04273974898622305,TRUE,delta_alpha,delta_alpha[55],0.291704282238322,0.29154635,-0.282417266,0.8298964804999999,1.0000794363734133,5052.565247042069,3132.0712653918886,0.084968342
M4_block_alpha_full_response,3,-0.01269335601328725,1.6112128688005556e-4,TRUE,delta_alpha,delta_alpha[56],0.03858309698671275,0.030188415500000003,-0.789355392,0.8909226079999998,1.0015807603149367,4612.538500187344,2870.290158590567,0.051276453
M4_block_alpha_full_response,3,0.5341845405178,0.28535312332821305,TRUE,delta_alpha,delta_alpha[57],0.16746065051779999,0.145411695,-0.652368097,0.9076963424999999,1.0017461899802718,5448.642714599593,2690.027889613593,-0.36672389
M4_block_alpha_full_response,3,-0.147589454116956,0.02178264696654106,TRUE,delta_alpha,delta_alpha[58],-0.190234695116956,-0.14699245,-0.686109048,0.14261871799999984,1.0005690342746787,4637.944583652053,2108.4520844556732,-0.042645241
M4_block_alpha_full_response,3,0.0257029794311375,6.606431516374775e-4,TRUE,delta_alpha,delta_alpha[59],-0.1216285905688625,-0.11930776500000001,-0.2236333515,-0.03197810150000001,1.0006731836472793,4622.994696646377,3324.4959611307304,-0.14733157
M4_block_alpha_full_response,3,0.15622260909516497,0.02440550359250072,TRUE,delta_alpha,delta_alpha[60],0.286184059095165,0.29496802499999997,0.03685736085,0.5028341184999999,1.0008984806892238,4259.536256056058,2094.5074456153966,0.12996145
M4_block_alpha_full_response,3,-0.024992766292625007,6.246383669577727e-4,TRUE,delta_alpha,delta_alpha[61],0.185955753707375,0.175510295,0.07842913755,0.33186199449999987,1.0011262876124476,5006.4866131528925,2648.994147961996,0.21094852
M4_block_alpha_full_response,3,-0.23451638103610475,0.054997932974271475,TRUE,delta_alpha,delta_alpha[62],-0.16866655803610475,-0.13315706,-0.8655214975000001,0.6566900259999997,1.000904958184837,3464.2505243785427,2442.2108217582954,0.065849823
M4_block_alpha_full_response,3,0.199400428771367,0.039760530994205,TRUE,delta_alpha,delta_alpha[63],0.198406880631367,0.201652675,-0.01844579949999998,0.4128997425,1.0000873535230945,4451.439977485685,3050.9704574190273,-9.9354814e-4
M4_block_alpha_full_response,3,0.1846273293513165,0.0340872507433995,TRUE,delta_alpha,delta_alpha[64],0.09802589235131651,0.028939591,-0.19854191599999998,0.7945867179999998,1.0015116625558935,2189.0311908065214,924.6229442500417,-0.086601437
M4_block_alpha_full_response,3,0.8557706109853117,0.7323433386261737,FALSE,delta_alpha,delta_alpha[65],0.10280663098531174,0.051531776,-0.7241947040000001,0.8920882339999999,1.0011170993438754,4613.709197086533,3175.706200601183,-0.75296398
M4_block_alpha_full_response,3,0.7642592301261726,0.58409217083305,TRUE,delta_log_alpha,delta_log_alpha[1],-1.1023248698738275,-1.15543125,-4.648607985,2.922022654999999,1.0002830071505164,3517.4558647581916,2602.1238004692364,-1.8665841
M4_block_alpha_full_response,3,0.1409068738306825,0.01985474709273588,TRUE,delta_log_alpha,delta_log_alpha[2],0.011262903830682501,-0.0736563375,-4.32010908,4.78084014,0.9998788333990041,5043.108660769515,3234.6982715694244,-0.12964397
M4_block_alpha_full_response,3,1.0536241842761476,1.1101239216915775,TRUE,delta_log_alpha,delta_log_alpha[3],0.5687593242761475,0.602904985,-0.97020135,1.8775712149999988,1.0025968845343343,2726.8309746098325,1860.649896237216,-0.48486486
M4_block_alpha_full_response,3,0.7859549328661305,0.6177251564966036,TRUE,delta_log_alpha,delta_log_alpha[4],0.6997514158661305,0.30998346,-0.339608351,3.4829934799999993,1.0013562714209134,2853.019904711181,2444.8881736725766,-0.086203517
M4_block_alpha_full_response,3,2.27519646315683,5.176518945961348,TRUE,delta_log_alpha,delta_log_alpha[5],0.28201056315683,0.172579185,-3.6879236049999995,4.61738583,1.0005783815812404,5517.355255726524,2756.2427917517266,-1.9931859
M4_block_alpha_full_response,3,0.36718035690432504,0.13482141449638751,TRUE,delta_log_alpha,delta_log_alpha[6],1.736802956904325,1.7103302,0.509865518,3.0447096699999996,0.9997890459986565,4261.103001923644,1655.6905104772322,1.3696226
M4_block_alpha_full_response,3,-0.5304454341696425,0.28137235863142057,TRUE,delta_log_alpha,delta_log_alpha[7],1.0992410658303575,1.01131965,-3.9007795699999996,5.989282964999999,1.0020043209235203,4662.455947012187,2757.5221365145726,1.6296865
M4_block_alpha_full_response,3,0.24394833040414343,0.059510787906969134,TRUE,delta_log_alpha,delta_log_alpha[8],1.1039539004041434,0.887970925,-2.4910602249999996,5.1742775199999995,0.9995201378288091,5138.445173936717,2814.4812443624664,0.86000557
M4_block_alpha_full_response,3,0.9064762197328251,0.8216991369411131,TRUE,delta_log_alpha,delta_log_alpha[9],-1.355166580267175,-1.3172492500000001,-6.766506805,4.369868509999991,1.0013640689994363,3185.225774241232,2966.413493507124,-2.2616428
M4_block_alpha_full_response,3,-0.6021163944880548,0.3625441525112948,TRUE,delta_log_alpha,delta_log_alpha[10],1.600704005511945,1.5897221,-1.3215491549999998,4.417401709999998,1.0009255280475775,2997.4389381061637,2762.161289930692,2.2028204
M4_block_alpha_full_response,3,2.8477892493491925,8.109903608708837,TRUE,delta_log_alpha,delta_log_alpha[11],0.5658793493491925,0.453011,-3.881347735,5.378261104999999,0.9995671056901916,5778.400594069984,3101.7428177436973,-2.2819099
M4_block_alpha_full_response,3,0.853292241423425,0.7281076492734125,FALSE,delta_log_alpha,delta_log_alpha[12],0.254960881423425,0.19677445999999998,-0.574265934,1.2551934549999997,1.0025145522094459,5349.014749933847,2534.8452394650767,-0.59833136
M4_block_alpha_full_response,3,-1.557225779492875,2.424952128317192,TRUE,delta_log_alpha,delta_log_alpha[13],-0.321954679492875,-0.258599795,-5.576219924999999,5.0205863649999936,1.0005203259864093,3776.2586524517346,2823.989369709682,1.2352711
M4_block_alpha_full_response,3,0.42890109338717697,0.1839561479087159,TRUE,delta_log_alpha,delta_log_alpha[14],0.408284546387177,0.26203187,-4.465043175000001,5.6890689949999995,1.000531183880741,5286.237571299653,3269.07351610724,-0.020616547
M4_block_alpha_full_response,3,0.54341918865855,0.29530441460231677,TRUE,delta_log_alpha,delta_log_alpha[15],0.70916502865855,0.430530995,-0.9348647939999999,3.25000088,1.0017896065158518,4127.026714331916,1995.0501550839563,0.16574584
M4_block_alpha_full_response,3,0.8833878534623982,0.7803740996449036,TRUE,delta_log_alpha,delta_log_alpha[16],0.36163685346239827,0.00796405655,-3.27271362,5.2445138149999995,1.0006908554264062,3415.0956611344805,2862.9115547797246,-0.521751
M4_block_alpha_full_response,3,1.9854099008712527,3.9418524744775976,TRUE,delta_log_alpha,delta_log_alpha[17],-1.5868293991287474,-1.8013402,-4.906159069999999,2.1177732049999984,1.0011724550302818,2934.539728458861,2276.1311492946343,-3.5722393
M4_block_alpha_full_response,3,-4.43232608958843,19.645514564446263,FALSE,delta_log_alpha,delta_log_alpha[18],0.82500181041157,0.53949431,-2.20192811,4.5669838349999985,1.0016564995785855,4584.978892992332,2800.4822459837296,5.2573279
M4_block_alpha_full_response,3,1.19832254784595,1.4359769286760093,TRUE,delta_log_alpha,delta_log_alpha[19],1.51208642784595,1.4941787500000001,-3.2313397849999994,6.106597234999999,1.0019624758038856,5501.8600468113655,2923.1008415709775,0.31376388
M4_block_alpha_full_response,3,3.6707710571409833,13.474560153943932,TRUE,delta_log_alpha,delta_log_alpha[20],0.18002965714098326,0.107351985,-4.4179903849999995,5.066042729999997,1.0012517623950044,4538.226766298922,2873.985634784391,-3.4907414
M4_block_alpha_full_response,3,-0.5193570441337826,0.2697317392913798,TRUE,delta_log_alpha,delta_log_alpha[21],0.8030144558662174,0.6251258500000001,-3.3202646249999996,5.396585554999999,1.0002184852975788,4323.41675820846,2428.4542632202056,1.3223715
M4_block_alpha_full_response,3,0.8605553106874287,0.740555442752337,TRUE,delta_log_alpha,delta_log_alpha[22],0.47380488068742876,0.29831037,-4.39292257,5.44427451,1.0005686515438599,5345.228977261849,3105.1796666159717,-0.38675043
M4_block_alpha_full_response,3,0.5700762761424998,0.32498696062049964,TRUE,delta_log_alpha,delta_log_alpha[23],3.7437366761425,3.5125731499999997,1.99099178,6.354130505,1.0004590071678694,4120.7839020141455,2897.5031008729216,3.1736604
M4_block_alpha_full_response,3,-0.1654068671032075,0.027359431684898152,TRUE,delta_log_alpha,delta_log_alpha[24],0.2734136128967925,0.227817105,-0.2011685565,0.9610797155,1.0006817838237259,5342.537332170158,2958.6386526454407,0.43882048
M4_block_alpha_full_response,3,1.721997173561025,2.9652742657521594,TRUE,delta_log_alpha,delta_log_alpha[25],2.223456843561025,1.87561695,0.29017128999999997,5.399862404999999,1.0022690019731257,3589.476391955804,2215.4413333092025,0.50145967
M4_block_alpha_full_response,3,0.16039028776742503,0.02572504441011741,TRUE,delta_log_alpha,delta_log_alpha[26],2.019916387767425,1.9570872499999998,-0.48823035099999984,4.632067135,1.0015576340745944,3622.689093886013,2731.1461790846183,1.8595261
M4_block_alpha_full_response,3,-0.8401038779792498,0.7057745257957743,TRUE,delta_log_alpha,delta_log_alpha[27],1.60310842202075,1.5370724,-1.652245095,5.012901099999999,0.9998683627146968,4480.0393982163705,2745.5623707732616,2.4432123
M4_block_alpha_full_response,3,-0.4096668921340598,0.16782696251077941,TRUE,delta_log_alpha,delta_log_alpha[28],1.30899850786594,1.26313325,-3.29904794,5.9608269,1.0020105440460205,6089.60545296306,2931.9884053803053,1.7186654
M4_block_alpha_full_response,3,0.3299595748073014,0.10887332100701515,TRUE,delta_log_alpha,delta_log_alpha[29],-1.3900315251926987,-1.4849158,-2.54016472,-0.1304505985000002,1.0093786194503735,1042.3724362924245,155.0787046995141,-1.7199911
M4_block_alpha_full_response,3,1.7905645128265002,3.206121274593602,TRUE,delta_log_alpha,delta_log_alpha[30],2.8328111128265,2.5625799999999996,0.5674166984999999,6.201322575,1.0000978474470714,4220.379430583579,2217.906670343666,1.0422466
M4_block_alpha_full_response,3,2.5146978395951,6.3237052244642635,FALSE,delta_log_alpha,delta_log_alpha[31],3.2221887395951,3.0967452,0.8656702485000001,6.231425154999999,0.9999067415504982,5288.8743086921,2326.3146380683615,0.7074909
M4_block_alpha_full_response,3,-0.1275588729106525,0.016271266058235992,TRUE,delta_log_alpha,delta_log_alpha[32],0.5781723770893475,0.27454794,-0.5314749615,2.968768364999997,1.0019128955070729,2968.307750873081,1959.3569605699206,0.70573125
M4_block_alpha_full_response,3,-0.134169421186495,0.018001433581519094,TRUE,delta_log_alpha,delta_log_alpha[33],-1.538168721186495,-1.91119705,-6.38465667,4.247222874999998,1.0007860796153876,1879.7379976314514,2749.323879159299,-1.4039993
M4_block_alpha_full_response,3,1.6629658624695,2.765455459738928,TRUE,delta_log_alpha,delta_log_alpha[34],0.5993818624695,0.20077082499999999,-1.1782811499999999,4.054306915,1.002760324874201,3003.9699131632865,2223.8349761980685,-1.063584
M4_block_alpha_full_response,3,-0.42518341038246743,0.18078093246446572,TRUE,delta_log_alpha,delta_log_alpha[35],1.0513874896175326,1.039656,-1.4082637199999999,3.552921804999996,0.9999365574366643,3196.772899719724,2729.326285329821,1.4765709
M4_block_alpha_full_response,3,5.684919248624085,32.31830686337663,FALSE,delta_log_alpha,delta_log_alpha[36],-0.534980451375915,-0.530677245,-5.24572534,4.376569375,0.9997760496072541,4243.988518954091,2945.6693016822824,-6.2198997
M4_block_alpha_full_response,3,-3.3417165635369104,11.167069591016938,TRUE,delta_log_alpha,delta_log_alpha[37],1.39373633646309,1.22276885,-3.253965525,6.051427609999997,1.0005452515025635,4380.051991280065,2538.3912172342857,4.7354529
M4_block_alpha_full_response,3,-0.5408547410358246,0.2925238509009289,TRUE,delta_log_alpha,delta_log_alpha[38],3.327339058964175,3.11041985,0.5333682854999999,7.1290801949999985,1.0004835661730562,3823.2254762246157,2122.0593606299894,3.8681938
M4_block_alpha_full_response,3,0.8814534114536008,0.7769601165631909,TRUE,delta_log_alpha,delta_log_alpha[39],0.19450411145360075,0.1388919,-4.271824240000001,4.870138184999997,1.0007901762160543,4249.96177479479,2459.903629465041,-0.6869493
M4_block_alpha_full_response,3,-0.4955149711441375,0.24553508662797544,TRUE,delta_log_alpha,delta_log_alpha[40],0.4055819788558625,0.47251926499999997,-2.5390865049999998,3.1537481400000003,1.0015048103656499,2951.271271853078,2141.2198801505865,0.90109695
M4_block_alpha_full_response,3,1.1908270294758274,1.4180690141302232,TRUE,delta_log_alpha,delta_log_alpha[41],0.7819669294758275,0.57709767,-2.6285570199999997,4.96994079,1.0008331215761412,4368.626760995788,2527.575493398114,-0.4088601
M4_block_alpha_full_response,3,1.0164538253268476,1.0331783790215816,TRUE,delta_log_alpha,delta_log_alpha[42],1.0448144273268476,0.8836469849999999,-3.2459087399999995,5.678612139999999,1.0008634946301798,5325.65470797782,3110.613550810365,0.028360602
M4_block_alpha_full_response,3,1.598153279486,2.554093904731857,TRUE,delta_log_alpha,delta_log_alpha[43],3.292453879486,3.0319042,1.232550285,6.286035084999997,1.002004489696293,5079.520134249638,1835.327315177664,1.6943006
M4_block_alpha_full_response,3,-0.2499972012554199,0.062498600635542925,TRUE,delta_log_alpha,delta_log_alpha[44],1.5028238987445801,1.45798875,-0.06838295604999997,3.258261975,1.0003035000342895,4233.645129881923,2732.3751876683973,1.7528211
M4_block_alpha_full_response,3,1.702542055750955,2.8986494516006878,TRUE,delta_log_alpha,delta_log_alpha[45],1.779575545750955,1.40044055,-2.22602764,6.4798108349999985,1.0004545420228388,3616.266891318137,2948.2647716480333,0.07703349
M4_block_alpha_full_response,3,0.6642251126845651,0.44119500032082315,TRUE,delta_log_alpha,delta_log_alpha[46],2.333253812684565,2.1563908,0.8102654644999999,4.367830059999999,1.0023676636254315,4608.750663704482,2247.359153630139,1.6690287
M4_block_alpha_full_response,3,-3.769607561717078,14.209941169354574,TRUE,delta_log_alpha,delta_log_alpha[47],-0.4886919617170775,-0.36279569,-5.189359834999999,4.415493089999998,1.0021075282959366,4066.0310523451053,2809.548252213701,3.2809156
M4_block_alpha_full_response,3,1.8766417531744923,3.5217842697578323,TRUE,delta_log_alpha,delta_log_alpha[48],1.8511070881744924,1.7288112,-2.4450738,6.2626519400000005,1.000220198895464,4041.3613975392195,2914.526089022852,-0.025534665
M4_block_alpha_full_response,3,-0.9310092082649051,0.8667781458740454,TRUE,delta_log_alpha,delta_log_alpha[49],0.390798291735095,0.280791075,-4.3355332749999995,5.188411239999997,1.0012552125869913,5215.96334236561,2833.0877857722344,1.3218075
M4_block_alpha_full_response,3,0.06149052843505201,0.0037810850872219397,TRUE,delta_log_alpha,delta_log_alpha[50],0.164183908435052,0.0689774085,-0.40617019200000004,0.9528373679999997,0.9999946993446752,5372.502177965605,2130.449714785134,0.10269338
M4_block_alpha_full_response,3,2.7924861015802,7.797978627518583,TRUE,delta_log_alpha,delta_log_alpha[51],0.9304236015802,0.9061653350000001,-2.040208395,4.091326339999999,1.0018409830903143,3482.3329979089985,2171.1496697667694,-1.8620625
M4_block_alpha_full_response,3,0.34820506170732757,0.1212467649986038,TRUE,delta_log_alpha,delta_log_alpha[52],-1.3044522382926724,-1.21957745,-2.73760057,-0.18804553450000047,1.0004406208195025,2622.2237722099144,1440.2530067241755,-1.6526573
M4_block_alpha_full_response,3,-0.22649011561990678,0.051297772473518743,TRUE,delta_log_alpha,delta_log_alpha[53],0.20146521438009324,0.13689783500000002,-4.198216639999999,4.839178474999997,1.0000941892197532,4762.432530240857,3033.9214939614717,0.42795533
M4_block_alpha_full_response,3,-0.7588229248644626,0.5758122312998578,TRUE,delta_log_alpha,delta_log_alpha[54],0.7339510751355375,0.49488236500000005,-3.69109434,5.513826229999998,1.0003026944465605,4716.615401666518,2840.882047738082,1.492774
M4_block_alpha_full_response,3,0.44236542878784746,0.19568717258665613,TRUE,delta_log_alpha,delta_log_alpha[55],0.6979009887878475,0.44743358,-0.47427277749999996,2.548034214999999,1.000189222394756,4433.635757638756,2343.0354158533737,0.25553556
M4_block_alpha_full_response,3,-0.20598218146384495,0.04242865908060435,TRUE,delta_log_alpha,delta_log_alpha[56],0.444883268536155,0.13867585,-3.7450398249999997,5.1867205149999975,0.9999143792986518,4341.479980212398,2993.177713536085,0.65086545
M4_block_alpha_full_response,3,2.532008433018735,6.41106670487799,TRUE,delta_log_alpha,delta_log_alpha[57],0.856843833018735,0.454092125,-2.79917303,5.237903039999998,1.0010628498376384,4368.779703345382,3033.6578629185533,-1.6751646
M4_block_alpha_full_response,3,-0.27606133850803244,0.07620986261884648,TRUE,delta_log_alpha,delta_log_alpha[58],-0.7079804985080325,-0.82057304,-2.2466670050000004,1.2498455299999998,1.0001344384681143,5378.291503742497,2772.841816846615,-0.43191916
M4_block_alpha_full_response,3,0.42001511939680003,0.1764127005219082,TRUE,delta_log_alpha,delta_log_alpha[59],-1.1194077806032,-1.12274125,-1.85154033,-0.371155384500001,0.9997198533364599,4519.424163217049,3418.3110142414525,-1.5394229
M4_block_alpha_full_response,3,0.1639087415417225,0.026866075553791186,TRUE,delta_log_alpha,delta_log_alpha[60],0.3958954815417225,0.39293714,0.04631487495000001,0.761814048999999,1.0016299494819434,4246.553768392015,1995.7042564154535,0.23198674
M4_block_alpha_full_response,3,0.1540660905517499,0.023736360257900005,TRUE,delta_log_alpha,delta_log_alpha[61],3.88493459055175,3.65942,1.43356293,7.093554184999996,1.0025481034358736,5306.117348950825,2650.3523601244,3.7308685
M4_block_alpha_full_response,3,-0.485083802520465,0.2353062954677135,TRUE,delta_log_alpha,delta_log_alpha[62],-0.378320722520465,-0.594634465,-4.0307320299999985,4.218645369999998,0.9998620474862209,3621.2801234630374,2742.1228577487714,0.10676308
M4_block_alpha_full_response,3,0.25625331032543547,0.06566575905274394,TRUE,delta_log_alpha,delta_log_alpha[63],0.2552421847254355,0.24571078000000002,-0.021353360299999992,0.5733118734999999,1.000038302600976,4458.262665247666,3073.749914247175,-0.0010111256
M4_block_alpha_full_response,3,0.38427728644621123,0.14766903287846347,TRUE,delta_log_alpha,delta_log_alpha[64],0.29145414544621123,0.0314052395,-0.2383922195,2.0694523599999983,1.0017180036843727,2078.601035576619,857.413423147878,-0.092823141
M4_block_alpha_full_response,3,3.04343240640792,9.262480812373902,TRUE,delta_log_alpha,delta_log_alpha[65],0.80145920640792,0.597195195,-4.15744888,5.798731709999993,1.0003099060161742,4586.064215215517,2760.2042430411466,-2.2419732
