model,replication,bias,squared_error,covered,parameter_class,parameter,recovered_mean,recovered_median,lower_interval,upper_interval,rhat,ess_bulk,ess_tail,true_value
M4_block_alpha_full_response,5,-0.5813176463374998,0.33793020594337053,TRUE,group_mu_alpha_stable_raw,mu_alpha_raw[1],-2.0763046463375,-2.0818263,-2.81839024,-1.3194593399999999,1.0009048016535709,1372.0666120656194,2419.6385278495213,-1.494987
M4_block_alpha_full_response,5,0.22382981651372513,0.05009978676056786,TRUE,group_mu_alpha_volatile_raw,mu_alpha_raw[2],-0.808249383486275,-0.810611425,-1.5373878149999998,-0.07516334595000015,1.0007379784412394,1034.9704491271532,1747.1764011618993,-1.0320792
M4_block_alpha_full_response,5,-0.022317741950000247,4.980816057468009e-4,TRUE,group_sigma_alpha_stable_raw,sigma_alpha_raw[1],2.54367095805,2.5258186,2.0318658849999998,3.1306744799999997,1.0006698860701606,2581.16629360476,2885.4575849098746,2.5659887
M4_block_alpha_full_response,5,0.007141514425000217,5.1001228282486185e-5,TRUE,group_sigma_alpha_volatile_raw,sigma_alpha_raw[2],2.439053314425,2.41602855,1.93691209,3.007478375,0.9998372566715505,2750.732487778399,2896.061625649475,2.4319118
M4_block_alpha_full_response,5,0.50696397781465,0.2570124748016529,FALSE,group_mu_beta_raw,mu_beta_raw,0.58371234081465,0.586354015,0.2677660875,0.8821894704999999,1.0028312863316091,684.016822940578,1269.780251336959,0.076748363
M4_block_alpha_full_response,5,-0.708542544185,0.5020325369201526,FALSE,group_sigma_beta_raw,sigma_beta_raw,1.362849755815,1.3507129,1.1254297300000002,1.64564034,1.0011492975503666,1341.2767277849778,1905.8451882208724,2.0713923
M4_block_alpha_full_response,5,-0.289212344566255,0.0836437802495102,TRUE,alpha_stable,"alpha[1,1]",0.510307085433745,0.526404055,0.0402950338,0.9599566169999998,1.0019187999891814,5414.076763328919,2916.7918346616325,0.79951943
M4_block_alpha_full_response,5,0.10072162009309077,0.010144844754176907,TRUE,alpha_stable,"alpha[2,1]",0.16642512809309076,0.0661208445,0.001883065865,0.7063101145,1.001598575006305,7402.67020864383,2792.2009736365567,0.065703508
M4_block_alpha_full_response,5,0.011060400449335001,1.223324580996499e-4,TRUE,alpha_stable,"alpha[3,1]",0.026103586449335,0.019548086,0.004954649215000001,0.06431232094999989,1.0005628178767565,5185.027314734337,2762.8077692061943,0.015043186
M4_block_alpha_full_response,5,-0.21008041760249996,0.04413378186004077,TRUE,alpha_stable,"alpha[4,1]",0.4363012623975,0.41923892500000004,0.219665923,0.7079519464999999,1.000548307332862,5750.1933694354175,2891.6939854729,0.64638168
M4_block_alpha_full_response,5,-0.06651919039870441,0.0044248026912990885,TRUE,alpha_stable,"alpha[5,1]",0.2566189696012956,0.16508518,0.006780345615,0.82272639,0.9997550936346657,7109.2014871496895,2515.2793352997974,0.32313816
M4_block_alpha_full_response,5,-0.204390785877055,0.04177559335144015,TRUE,alpha_stable,"alpha[6,1]",0.225587774122945,0.18049334,0.030434209900000002,0.6018063289999995,1.0002224175083843,6499.390553010352,2387.3698855179714,0.42997856
M4_block_alpha_full_response,5,0.16255074580978182,0.026422744963316303,TRUE,alpha_stable,"alpha[7,1]",0.21288272380978182,0.071261409,0.0010971935050000001,0.865012291,0.9995880751147213,7107.568994671974,2942.7914890216284,0.050331978
M4_block_alpha_full_response,5,0.14016627063302575,0.01964658342317062,TRUE,alpha_stable,"alpha[8,1]",0.23457277163302576,0.0844619815,0.00125617803,0.8909402119999998,1.0013286611722068,8989.420378561363,2724.5309211629105,0.094406501
M4_block_alpha_full_response,5,0.15274232518007158,0.023330217901414728,TRUE,alpha_stable,"alpha[9,1]",0.2093936801800716,0.0745082485,0.001347641475,0.8747094919999998,0.9998941584781916,8676.98067855759,2870.7664447375796,0.056651355
M4_block_alpha_full_response,5,0.0011451047517976776,1.3112648925896209e-6,TRUE,alpha_stable,"alpha[10,1]",0.0023624499517976775,0.00195086185,2.0703169450000003e-4,0.0060246613049999955,0.9998725175631733,3593.397632193936,3035.714151135224,0.0012173452
M4_block_alpha_full_response,5,-0.037720448973224185,0.0014228322707416094,TRUE,alpha_stable,"alpha[11,1]",0.13250230102677582,0.0891272485,0.003820748,0.42117524049999977,1.000094097763163,6644.962671708023,2503.9167051270324,0.17022275
M4_block_alpha_full_response,5,0.12475539160999999,0.015563907735764455,TRUE,alpha_stable,"alpha[12,1]",0.39823236161,0.393468235,0.2731740455,0.5342628354999999,1.000861695666467,4275.360987917607,2966.4136615833822,0.27347697
M4_block_alpha_full_response,5,0.0068261526197922195,4.659635958869618e-5,TRUE,alpha_stable,"alpha[13,1]",0.20063591261979222,0.080285189,0.0018914281450000002,0.819457857,1.000996025231373,8478.055759280176,2889.100356275499,0.19380976
M4_block_alpha_full_response,5,0.08541527698498497,0.007295769542421703,TRUE,alpha_stable,"alpha[14,1]",0.491973106984985,0.490684695,0.044508558850000005,0.9505381884999999,1.001112767230423,5924.296069514301,2953.389435896142,0.40655783
M4_block_alpha_full_response,5,-0.06278841405662067,0.00394238493974564,TRUE,alpha_stable,"alpha[15,1]",0.16872962594337934,0.0936338355,0.00326844899,0.6768777509999998,1.0011014555171431,6868.6398731537265,2217.886319874301,0.23151804
M4_block_alpha_full_response,5,0.2686596046627335,0.07217798317753624,TRUE,alpha_stable,"alpha[16,1]",0.2779529880627335,0.16768553,0.0028553523900000004,0.883072636,1.0007148490020303,6747.532715210061,2485.321217026879,0.0092933834
M4_block_alpha_full_response,5,-0.5892645170418518,0.34723267104456684,FALSE,alpha_stable,"alpha[17,1]",0.36891646295814823,0.24379046,0.003838403875000001,0.9581474744999999,0.9994841734572808,6353.495616492434,3047.059261655526,0.95818098
M4_block_alpha_full_response,5,0.07073449720866276,0.00500336909536232,TRUE,alpha_stable,"alpha[18,1]",0.07281149300866276,0.031743796000000005,0.001044890505,0.28802452399999967,0.9998511138771132,7333.15525019557,2851.807914218063,0.0020769958
M4_block_alpha_full_response,5,0.2821161560834602,0.07958952552330727,TRUE,alpha_stable,"alpha[19,1]",0.2924446630834602,0.139486105,0.0029231486650000004,0.9416954995,1.0000067132196404,7225.528852346967,2793.742327396553,0.010328507
M4_block_alpha_full_response,5,-0.37244968819588536,0.13871877023721224,TRUE,alpha_stable,"alpha[20,1]",0.2660916318041146,0.128489315,0.00199897833,0.8989094414999999,1.0005130549815466,8805.39736580573,2756.657840691602,0.63854132
M4_block_alpha_full_response,5,0.107271949383515,0.011507271124539404,TRUE,alpha_stable,"alpha[21,1]",0.144220369383515,0.108773995,0.01428531465,0.3957328854999999,1.0005144551267786,7503.352416299776,2772.609189831007,0.03694842
M4_block_alpha_full_response,5,-0.2662999333272067,0.07091565449007473,TRUE,alpha_stable,"alpha[22,1]",0.2277890766727933,0.11001201,0.0022347340000000004,0.8625381714999997,1.000505316289663,7987.697595204551,3004.1901561063273,0.49408901
M4_block_alpha_full_response,5,-0.0018506758472936224,3.4250010917559672e-6,TRUE,alpha_stable,"alpha[23,1]",0.0017746575527063774,0.0012228070999999998,8.885202040000003e-5,0.005309620684999999,1.0004869903986142,5917.543076410684,2856.389822274389,0.0036253334
M4_block_alpha_full_response,5,-0.07846932068431467,0.006157434288657814,TRUE,alpha_stable,"alpha[24,1]",0.035777839315685324,0.00740363345,5.025701505000001e-4,0.15417356349999967,1.0013383490030512,3989.061331629292,1746.7779811885732,0.11424716
M4_block_alpha_full_response,5,0.3218797840751031,0.10360659539623499,TRUE,alpha_stable,"alpha[25,1]",0.6136371740751031,0.693307345,0.012029162400000001,0.9793872715,1.0003558581777168,3661.3405334399463,2348.8544717301093,0.29175739
M4_block_alpha_full_response,5,0.0010661562841293498,1.1366892221885029e-6,TRUE,alpha_stable,"alpha[26,1]",0.00422621868412935,0.00376187685,4.867475755e-4,0.009496091905,1.000304564204308,3258.6928931889292,2406.7032404333545,0.0031600624
M4_block_alpha_full_response,5,0.020483722763600068,4.195828982560276e-4,TRUE,alpha_stable,"alpha[27,1]",0.03551310276360007,0.013767317000000001,6.488002865000002e-4,0.14647156699999972,1.000028930633367,8138.688652381009,2727.1916276124102,0.01502938
M4_block_alpha_full_response,5,-0.3363493674059837,0.11313089695440541,TRUE,alpha_stable,"alpha[28,1]",0.25632494259401634,0.102887485,0.0017857098700000003,0.9138117475,1.0026667086619145,8025.025009014935,2793.436019964813,0.59267431
M4_block_alpha_full_response,5,-0.08896632966826584,0.007915007814642558,TRUE,alpha_stable,"alpha[29,1]",0.2832594103317342,0.203886295,0.024232813750000002,0.7893060259999997,1.0004627344301795,4977.0284462703485,1997.2242225193443,0.37222574
M4_block_alpha_full_response,5,-0.7142185730101762,0.5101081700326924,FALSE,alpha_stable,"alpha[30,1]",0.06969653698982377,0.0189744175,7.845690385e-4,0.3060033434999995,1.000002836748724,6044.937564273937,2546.722481281078,0.78391511
M4_block_alpha_full_response,5,-0.26700997004485505,0.07129432410335439,TRUE,alpha_stable,"alpha[31,1]",0.509222429955145,0.513904365,0.03871753055000001,0.9737914599999999,1.00019190787663,5931.077892664247,3349.2811041952996,0.7762324
M4_block_alpha_full_response,5,-0.05190812542194674,0.0026944534848205534,TRUE,alpha_stable,"alpha[32,1]",0.08284490457805326,0.0557811295,0.008049814905000001,0.24148935249999984,1.0012745517161554,6280.277453756412,1795.8986466252686,0.13475303
M4_block_alpha_full_response,5,0.08676056366685411,0.007527395407790246,TRUE,alpha_stable,"alpha[33,1]",0.3044979336668541,0.13974955,0.0017086646550000006,0.9508247249999999,1.0002121407498008,7213.73626601804,2950.089137264505,0.21773737
M4_block_alpha_full_response,5,0.0128626914197767,1.6544883056039716e-4,TRUE,alpha_stable,"alpha[34,1]",0.0264042824197767,0.01339736,5.926489155e-4,0.09622555049999999,1.000393069988947,5865.053107923794,2405.185389336851,0.013541591
M4_block_alpha_full_response,5,1.723746343162498e-4,2.971301455566084e-8,TRUE,alpha_stable,"alpha[35,1]",0.00184975043431625,0.0014978725499999999,1.49246418e-4,0.004756906754999998,1.000531523023322,3571.4238744958193,2564.299008499082,0.0016773758
M4_block_alpha_full_response,5,0.139552554180213,0.019474915378221287,TRUE,alpha_stable,"alpha[36,1]",0.192835703180213,0.0695424455,0.0016655311050000003,0.8441043134999994,0.9998953165397588,7733.9672354018,2339.2550879283026,0.053283149
M4_block_alpha_full_response,5,0.3157986804084297,0.09972880654770551,TRUE,alpha_stable,"alpha[37,1]",0.33067937240842965,0.21390526999999998,0.012721590150000002,0.9367720239999999,0.9997370874923468,7016.256101033714,2334.926544802895,0.014880692
M4_block_alpha_full_response,5,0.06326319676114256,0.004002232064439039,TRUE,alpha_stable,"alpha[38,1]",0.6866665367611425,0.7235121600000001,0.24755682700000006,0.967316429,1.0012749126424674,4169.687238672829,1138.2482004802475,0.62340334
M4_block_alpha_full_response,5,-0.2223341522610247,0.04943247526162852,TRUE,alpha_stable,"alpha[39,1]",0.5068120277389753,0.52312481,0.014491458649999999,0.9665237735000001,1.0017223119312566,4691.548743384554,2096.286588293149,0.72914618
M4_block_alpha_full_response,5,0.0017550861916708774,3.0803275401937837e-6,TRUE,alpha_stable,"alpha[40,1]",0.004123302291670877,0.0035350419,3.961227095e-4,0.01011322455,1.001834114612838,3781.1051026109876,2473.8401433285194,0.0023682161
M4_block_alpha_full_response,5,0.1853703557891615,0.03436216880540032,TRUE,alpha_stable,"alpha[41,1]",0.2842792547891615,0.17083114,0.004053947690000003,0.901983261,0.9999524232132723,6722.1502304014375,2415.0710544703034,0.098908899
M4_block_alpha_full_response,5,0.1421890975138858,0.020217739451813328,TRUE,alpha_stable,"alpha[42,1]",0.1743520565138858,0.05253584,0.001152149635,0.8125105625000001,1.000746307018295,6567.717868586389,2981.922979459596,0.032162959
M4_block_alpha_full_response,5,0.23192729519424998,0.05379027025612077,TRUE,alpha_stable,"alpha[43,1]",0.58325981519425,0.586339035,0.33761261000000004,0.8220631919999999,0.9999016546997348,5460.0968892500905,2618.8469953559515,0.35133252
M4_block_alpha_full_response,5,-0.18572566296608722,0.03449402188419262,TRUE,alpha_stable,"alpha[44,1]",0.30932319703391276,0.24876458,0.015053445050000001,0.8212836219999997,0.9997215485462445,6767.164816105927,2295.1100989416,0.49504886
M4_block_alpha_full_response,5,-0.22746755423924397,0.0517414882315834,TRUE,alpha_stable,"alpha[45,1]",0.330508055760756,0.290107405,0.0286581335,0.7692164859999998,1.0009619462523958,5817.103429729316,2126.6532057329987,0.55797561
M4_block_alpha_full_response,5,-0.09306050794396599,0.008660258138788957,TRUE,alpha_stable,"alpha[46,1]",0.068148552056034,0.0419099765,0.0049994562550000005,0.21829964449999983,0.999832083397031,6575.0965806542035,2460.3558865511313,0.16120906
M4_block_alpha_full_response,5,0.11472265792135629,0.013161288240540532,TRUE,alpha_stable,"alpha[47,1]",0.2321844979213563,0.086066817,0.00192057538,0.8960770399999999,1.0019399355037348,7067.9980382162785,3240.3014120118446,0.11746184
M4_block_alpha_full_response,5,-0.4336479416566237,0.18805053730302648,TRUE,alpha_stable,"alpha[48,1]",0.21192658834337633,0.0773376635,0.001623390195,0.8361509729999999,0.9994060114475227,7093.274123703161,3000.3035615773556,0.64557453
M4_block_alpha_full_response,5,0.193857249341664,0.03758063312231609,TRUE,alpha_stable,"alpha[49,1]",0.252052856341664,0.09942789199999999,0.0016530144250000004,0.9152970229999996,1.0004544596231442,7169.852119989843,2629.00465648339,0.058195607
M4_block_alpha_full_response,5,-0.0010205035296819709,1.0414274540933612e-6,TRUE,alpha_stable,"alpha[50,1]",0.629245376470318,0.698472105,0.024204774149999997,0.9767306974999999,1.0026749229388325,4154.407904814386,2241.783581105406,0.63026588
M4_block_alpha_full_response,5,0.16463785017955002,0.02710562171174396,TRUE,alpha_stable,"alpha[51,1]",0.43315101017955,0.42426655,0.06736882990000001,0.8428464704999998,1.0012196242754394,6565.686431671042,2656.9228605485487,0.26851316
M4_block_alpha_full_response,5,-0.044732515056694996,0.0020009979032974447,TRUE,alpha_stable,"alpha[52,1]",0.057703304943305,0.0501601385,0.011517935950000002,0.12686247749999988,0.9999901659027953,5427.979241421715,2793.900737430465,0.10243582
M4_block_alpha_full_response,5,0.19412246115730525,0.03768352992576948,TRUE,alpha_stable,"alpha[53,1]",0.22778091615730525,0.10376866500000001,0.0025184124350000003,0.8712258879999999,1.0016079511511145,7914.773909805244,2647.509740067464,0.033658455
M4_block_alpha_full_response,5,0.1576917121156299,0.0248666760699587,TRUE,alpha_stable,"alpha[54,1]",0.1874716291156299,0.0703473315,0.0015723455250000002,0.8330521249999995,0.9997879229492902,7404.484128666449,2897.7471455268324,0.029779917
M4_block_alpha_full_response,5,-0.39228745241840596,0.15388944532492313,TRUE,alpha_stable,"alpha[55,1]",0.44684768758159404,0.439213705,0.04533750595000001,0.8813884004999999,1.0040917250047823,5420.380704943508,2021.461244880683,0.83913514
M4_block_alpha_full_response,5,-0.048483046809120356,0.0023506058278953555,TRUE,alpha_stable,"alpha[56,1]",0.32925053319087966,0.19383540500000002,0.0013258619050000003,0.9444724265,1.0000395118344976,6290.5790320917185,2768.1892699297896,0.37773358
M4_block_alpha_full_response,5,-0.43261136741087813,0.18715259521310978,TRUE,alpha_stable,"alpha[57,1]",0.2648925725891219,0.12078280999999999,0.0017561643700000004,0.9151129664999998,0.9998183172653761,7761.557459951409,2710.170702259643,0.69750394
M4_block_alpha_full_response,5,-0.0052497811089999985,2.7560201692413253e-5,TRUE,alpha_stable,"alpha[58,1]",0.026580175891,0.021204082,0.00783108234,0.059547401,1.000003825717921,5335.885642628448,2754.869890471322,0.031829957
M4_block_alpha_full_response,5,0.022270717960750003,4.959848784872727e-4,TRUE,alpha_stable,"alpha[59,1]",0.08058010996075,0.077743165,0.04343275155,0.126307706,0.9995571541042665,5028.8285780163515,3314.429358868526,0.058309392
M4_block_alpha_full_response,5,0.142467484225,0.02029698406140062,TRUE,alpha_stable,"alpha[60,1]",0.700030714225,0.6989747049999999,0.5278553055,0.8742122195,0.9996561685109435,4492.136089732242,3011.165526597102,0.55756323
M4_block_alpha_full_response,5,0.0069506778080017,4.8311921990647314e-5,TRUE,alpha_stable,"alpha[61,1]",0.0123580320080017,0.00748845985,4.5989212650000003e-4,0.038395091549999975,1.0010029524062718,6979.852111251593,2364.29768474684,0.0054073542
M4_block_alpha_full_response,5,0.22807822930955482,0.05201967868498187,TRUE,alpha_stable,"alpha[62,1]",0.3790905493095548,0.29242115999999996,0.00365342847,0.9536949209999999,1.001488710238977,7085.657181879689,2918.588044126715,0.15101232
M4_block_alpha_full_response,5,-0.26693026695653,0.07125176741748437,TRUE,alpha_stable,"alpha[63,1]",0.55601478304347,0.613406715,0.013984744050000001,0.9550228804999998,1.0034888388003222,3032.108809340542,2484.184425964724,0.82294505
M4_block_alpha_full_response,5,-0.043920760875000076,0.0019290332358389375,TRUE,alpha_stable,"alpha[64,1]",0.825166659125,0.861845035,0.5429072965,0.9904908135,0.9998588376909777,6173.368266311413,3081.613454232325,0.86908742
M4_block_alpha_full_response,5,0.008859739557450008,7.849498502584447e-5,TRUE,alpha_stable,"alpha[65,1]",0.08753296755745,0.066765133,0.02276295075,0.21947261199999982,1.0007635477206624,5682.656989515359,2231.8626883452043,0.078673228
M4_block_alpha_full_response,5,0.3481816024418125,0.12123042827894838,FALSE,alpha_volatile,"alpha[1,2]",0.3839496034418125,0.323026215,0.0448258713,0.916897635,1.0010287219241105,6827.527827448109,2669.9482921947474,0.035768001
M4_block_alpha_full_response,5,0.3322256753787679,0.11037389938087847,TRUE,alpha_volatile,"alpha[2,2]",0.3419188108787679,0.21713522000000002,0.004799406344999999,0.9474851979999999,0.9999502941121627,6934.507030354722,3398.5139133795838,0.0096931355
M4_block_alpha_full_response,5,-0.0035150572020029996,1.2355627133353157e-5,TRUE,alpha_volatile,"alpha[3,2]",0.021545938797997,0.020280978999999998,0.0033809004150000006,0.04421676819999999,1.0008066631986916,4486.386498163569,2436.722634722193,0.025060996
M4_block_alpha_full_response,5,-0.5035746770660001,0.2535874553821263,FALSE,alpha_volatile,"alpha[4,2]",0.270488982934,0.250897045,0.13462730450000002,0.4692655079999998,1.0033365286439924,5658.804170843368,2698.237072841885,0.77406366
M4_block_alpha_full_response,5,-0.009335314822907503,8.714810284279655e-5,TRUE,alpha_volatile,"alpha[5,2]",0.4415068151770925,0.398821205,0.08534335115000001,0.9237780134999998,0.9996018307912152,5841.500201948455,1728.9149254188342,0.45084213
M4_block_alpha_full_response,5,-0.11403101538749993,0.013003072470304246,TRUE,alpha_volatile,"alpha[6,2]",0.8725817846125,0.89873589,0.6563291895000001,0.9930592835,0.9993680876465119,6519.434789489458,2398.6935016413845,0.9866128
M4_block_alpha_full_response,5,0.2955595718036585,0.08735546048476196,TRUE,alpha_volatile,"alpha[7,2]",0.3312430998036585,0.20963386,0.004631019715,0.949254782,1.0004319749150354,6556.262003874156,2875.260890629752,0.035683528
M4_block_alpha_full_response,5,0.5181082401471745,0.26843614850840225,TRUE,alpha_volatile,"alpha[8,2]",0.5852270871471745,0.6562176200000001,0.014100072250000002,0.9816565454999999,1.0009741910450138,4893.201953320966,2993.735597984839,0.067118847
M4_block_alpha_full_response,5,-0.06494113170636223,0.004217350587303086,TRUE,alpha_volatile,"alpha[9,2]",0.4390438782936377,0.38351042,0.00987301316,0.9742615735,1.0002651969621066,7347.7559784116,2784.120016947912,0.50398501
M4_block_alpha_full_response,5,0.00788950962191,6.224436207421048e-5,TRUE,alpha_volatile,"alpha[10,2]",0.00997320292191,0.008483659,8.664016635e-4,0.024543955549999996,1.0005959323285658,4894.706208648576,3289.1070655159274,0.0020836933
M4_block_alpha_full_response,5,-0.25968808459027504,0.06743790127816585,TRUE,alpha_volatile,"alpha[11,2]",0.626087545409725,0.6398921049999999,0.22270564600000003,0.9714644284999998,1.0005813374561094,6199.826985791723,2606.678564926074,0.88577563
M4_block_alpha_full_response,5,-0.023006663644000003,5.293065720281515e-4,TRUE,alpha_volatile,"alpha[12,2]",0.126428996356,0.1243461,0.08461999679999999,0.1765860669999999,1.0022847192197706,3889.914131074464,3046.296113520826,0.14943566
M4_block_alpha_full_response,5,0.26781343630314225,0.07172403666449723,TRUE,alpha_volatile,"alpha[13,2]",0.28923977530314227,0.1561763,0.0034089690950000005,0.9238292339999999,1.0008901785435795,6891.614450058045,2971.068259809213,0.021426339
M4_block_alpha_full_response,5,0.2307971324662092,0.053267316354624915,TRUE,alpha_volatile,"alpha[14,2]",0.6412801824662092,0.6959498399999999,0.0491958536,0.976871389,1.0004574401032313,4387.560791277142,2360.138377423478,0.41048305
M4_block_alpha_full_response,5,-0.08389834448734257,0.007038932207716805,TRUE,alpha_volatile,"alpha[15,2]",0.6571504955126575,0.729221235,0.020203265,0.9833548299999999,0.9999175889759251,2611.5233389989867,1708.7938205522855,0.74104884
M4_block_alpha_full_response,5,-0.6435405214864538,0.4141444027950569,FALSE,alpha_volatile,"alpha[16,2]",0.31732381851354624,0.19866995999999998,0.004285908435,0.9323304569999997,1.0010523110446088,7552.261306577324,2924.0645545707916,0.96086434
M4_block_alpha_full_response,5,-0.065591161059549985,0.004302200409139826,TRUE,alpha_volatile,"alpha[17,2]",0.52400574894045,0.53867064,0.05379477515,0.9770119869999999,1.00490704150674,6695.594346659868,2438.9727499666033,0.58959691
M4_block_alpha_full_response,5,0.009015879714175057,8.12860870204733e-5,TRUE,alpha_volatile,"alpha[18,2]",0.671784379714175,0.70980106,0.228731413,0.986396541,1.0005414060846332,7414.58276433124,2763.9857903955854,0.6627685
M4_block_alpha_full_response,5,-0.10498741063776912,0.011022356392423556,TRUE,alpha_volatile,"alpha[19,2]",0.3709083593622309,0.29545093499999997,0.0056007487100000015,0.957153214,1.0005373768095562,5989.078039641879,2986.057873921637,0.47589577
M4_block_alpha_full_response,5,0.3125776802119735,0.09770480616669878,TRUE,alpha_volatile,"alpha[20,2]",0.4057635802119735,0.32275169000000004,0.009501964595,0.9692562044999998,1.0002386908202086,7637.632824370233,2778.9325377084483,0.0931859
M4_block_alpha_full_response,5,0.08854648105500007,0.007840479307223487,TRUE,alpha_volatile,"alpha[21,2]",0.574785591055,0.564936835,0.19429975700000002,0.9630716029999998,1.0004962350402455,4761.968435896626,2093.717471213552,0.48623911
M4_block_alpha_full_response,5,-0.6254349196782201,0.3911688387529016,FALSE,alpha_volatile,"alpha[22,2]",0.33650227032178,0.21166118,0.004621428910000001,0.9498498049999999,0.9996436439964006,6553.207559535335,2998.5113021316997,0.96193719
M4_block_alpha_full_response,5,0.0174618833384675,3.0491736972624895e-4,TRUE,alpha_volatile,"alpha[23,2]",0.0359058453384675,0.035000204,0.014990704450000001,0.05957388894999998,0.9994566109570808,4853.368633534998,2819.863792717472,0.018443962
M4_block_alpha_full_response,5,-0.04503294497749999,0.0020279661333465417,TRUE,alpha_volatile,"alpha[24,2]",0.9303601950225,0.9508698600000001,0.7972709815,0.995802427,0.9999590567500264,7377.952727430114,3000.8257370190363,0.97539314
M4_block_alpha_full_response,5,-0.448613237600335,0.20125383695025462,TRUE,alpha_volatile,"alpha[25,2]",0.517466142399665,0.50324725,0.041371497449999996,0.9749193859999999,1.00017536334953,7084.240689524419,2576.3018063726536,0.96607938
M4_block_alpha_full_response,5,0.016042672471517753,2.573673400283935e-4,TRUE,alpha_volatile,"alpha[26,2]",0.02247753987151775,0.01989097,0.0024090186100000003,0.0513434795,1.0010510325265758,4393.806464931435,2238.0502095057805,0.0064348674
M4_block_alpha_full_response,5,0.13875986166750004,0.019254299209983748,TRUE,alpha_volatile,"alpha[27,2]",0.2808992316675,0.26487673,0.1296288015,0.484438056,0.9995366917054983,5274.35449087952,2566.9254546852053,0.14213937
M4_block_alpha_full_response,5,0.09591105978609754,0.009198931389292377,TRUE,alpha_volatile,"alpha[28,2]",0.5540496097860975,0.59731166,0.030718815950000013,0.9813845465,1.0000096914633814,7261.003319028078,2709.8038311627965,0.45813855
M4_block_alpha_full_response,5,0.056838736118733676,0.00323064192357504,TRUE,alpha_volatile,"alpha[29,2]",0.05947199591873368,0.007956825899999999,5.208098645e-4,0.3811720449999983,1.0001679252243962,2413.669082193221,2080.2755255193215,0.0026332598
M4_block_alpha_full_response,5,-0.10978347050218251,0.012052410395503577,TRUE,alpha_volatile,"alpha[30,2]",0.7873022994978175,0.854387215,0.334037464,0.9925623240000001,1.0002435496254236,5831.091463469733,2122.3234492158003,0.89708577
M4_block_alpha_full_response,5,-0.11625391161515003,0.013514971965823115,TRUE,alpha_volatile,"alpha[31,2]",0.43014686838485,0.379097205,0.147536865,0.8818929480000001,1.0044790222294635,4920.081056995903,2077.4363594814804,0.54640078
M4_block_alpha_full_response,5,-0.13013877538500007,0.0169361008587075,TRUE,alpha_volatile,"alpha[32,2]",0.822027484615,0.849702,0.560644727,0.9883702245,0.9998910630172776,5656.778325082779,2927.20932605939,0.95216626
M4_block_alpha_full_response,5,-0.34891373008246396,0.12174079104005851,TRUE,alpha_volatile,"alpha[33,2]",0.380224379917536,0.27040697999999996,0.0068093785250000005,0.9697046715000001,0.9994970112910733,7146.9478774352665,3018.7839891107674,0.72913811
M4_block_alpha_full_response,5,-0.271402288043,0.07365920195497554,TRUE,alpha_volatile,"alpha[34,2]",0.391527551957,0.369135755,0.1614466195,0.7010469919999999,1.0001812129283003,7071.897925649397,2131.274281656084,0.66292984
M4_block_alpha_full_response,5,0.012857266498422499,1.6530930181145754e-4,TRUE,alpha_volatile,"alpha[35,2]",0.0189757175984225,0.0180306135,0.006008552915000001,0.0354235401,1.0011552484660091,4080.0911585494396,3012.9780997248604,0.0061184511
M4_block_alpha_full_response,5,0.06307908614892088,0.003978971109382982,TRUE,alpha_volatile,"alpha[36,2]",0.2214508261489209,0.0928275655,0.0020460524950000002,0.8556970454999993,0.9998251219032562,5986.607325246944,3068.0483598962774,0.15837174
M4_block_alpha_full_response,5,0.5642208491252455,0.318345166587613,FALSE,alpha_volatile,"alpha[37,2]",0.6068825661252455,0.63893036,0.12224200950000001,0.9748326730000001,1.001678725723844,6137.5753177465685,2405.047198498661,0.042661717
M4_block_alpha_full_response,5,0.33097186005624996,0.1095423721490939,FALSE,alpha_volatile,"alpha[38,2]",0.69841523005625,0.71230921,0.379176493,0.971406883,1.0021940516009689,5861.951167658857,2774.442699868014,0.36744337
M4_block_alpha_full_response,5,0.18086654430440335,0.0327127068486167,TRUE,alpha_volatile,"alpha[39,2]",0.22211943330440334,0.0684808855,0.00320849007,0.8956346295,1.0025746251824805,4621.22275647753,3453.032869417664,0.041252889
M4_block_alpha_full_response,5,0.01994096212233765,3.9764197036450485e-4,FALSE,alpha_volatile,"alpha[40,2]",0.02065648657233765,0.018200335999999998,0.0017675825750000003,0.04869682684999992,0.999954727881123,4335.438062395004,2519.2976734304716,7.1552445e-4
M4_block_alpha_full_response,5,0.12681082045113823,0.01608098418349082,TRUE,alpha_volatile,"alpha[41,2]",0.21820220345113825,0.073351865,0.00341750842,0.8949669144999998,1.0002988213304875,4825.543822756489,3146.7667144276306,0.091391383
M4_block_alpha_full_response,5,0.5515158017232,0.3041696795503841,TRUE,alpha_volatile,"alpha[42,2]",0.6834922517232,0.758546395,0.10668722850000001,0.986386362,1.0031544165153858,6059.429076770737,2344.101629860115,0.13197645
M4_block_alpha_full_response,5,-0.14745691905324998,0.021743542976676716,TRUE,alpha_volatile,"alpha[43,2]",0.49187560094675,0.482891415,0.253571961,0.7600655899999998,1.0009525757145121,5272.18121739678,2408.8908942880325,0.63933252
M4_block_alpha_full_response,5,-0.17224227368299994,0.029667400843489452,TRUE,alpha_volatile,"alpha[44,2]",0.673673366317,0.730547445,0.1701799515,0.9871480659999999,1.0002265923150317,8196.110921574593,2870.991349832049,0.84591564
M4_block_alpha_full_response,5,0.18715933772939997,0.035028617699307596,TRUE,alpha_volatile,"alpha[45,2]",0.7400071477294,0.8022535449999999,0.2633691965,0.9880340004999999,1.0005220311682794,6869.873872251457,2867.678844672477,0.55284781
M4_block_alpha_full_response,5,-0.238575240525025,0.05691814539157353,TRUE,alpha_volatile,"alpha[46,2]",0.508076129474975,0.491064345,0.27421519850000003,0.8095212919999999,1.0008363065631978,6107.913015193561,2406.9118074799794,0.74665137
M4_block_alpha_full_response,5,0.32622424885779366,0.10642226054283169,TRUE,alpha_volatile,"alpha[47,2]",0.33901107785779366,0.20613831,0.00539693568,0.9432426354999999,1.0001396845086696,6175.278720965287,3509.1776405768346,0.012786829
M4_block_alpha_full_response,5,0.3803820665667442,0.14469051656558704,TRUE,alpha_volatile,"alpha[48,2]",0.4247938195667442,0.34036117,0.007835001365,0.9750623725,1.0006576692934355,6423.014837945764,3115.526860512102,0.044411753
M4_block_alpha_full_response,5,0.010367094543440758,1.0747664927263914e-4,TRUE,alpha_volatile,"alpha[49,2]",0.38103461454344073,0.30974379500000004,0.008149093735,0.9500195834999999,1.0001541662157802,7630.811097184635,3057.1219699495196,0.37066752
M4_block_alpha_full_response,5,0.00787821350632495,6.206624805124086e-5,TRUE,alpha_volatile,"alpha[50,2]",0.321344313506325,0.26720628,0.0695397752,0.7827778794999999,1.000378284732333,5253.295924200831,2290.755862159371,0.3134661
M4_block_alpha_full_response,5,0.022319443974189498,4.981575793169839e-4,TRUE,alpha_volatile,"alpha[51,2]",0.0344211779741895,0.0232908075,0.0027955026250000006,0.098459745949999955,1.0015359690145975,4805.393011413729,2059.364878730267,0.012101734
M4_block_alpha_full_response,5,-0.024694732474447,6.098298119845072e-4,FALSE,alpha_volatile,"alpha[52,2]",0.022905145525553,0.021906799999999997,0.004990721845,0.04458058325,1.0005417969375323,3678.5368317263933,2134.376852562451,0.047599878
M4_block_alpha_full_response,5,0.09461020273299753,0.008951090461178894,TRUE,alpha_volatile,"alpha[53,2]",0.4421839927329975,0.39979662000000005,0.0198664142,0.961696994,1.0005331043276622,7433.122885008507,2955.1281383753512,0.34757379
M4_block_alpha_full_response,5,-0.6879714777453025,0.47330475419105533,FALSE,alpha_volatile,"alpha[54,2]",0.2735844222546975,0.09174091200000001,0.0025923199950000004,0.9539891329999999,1.0011369587629428,3578.303967230418,2973.434660575064,0.9615559
M4_block_alpha_full_response,5,-0.19730914992801496,0.03893090064531589,TRUE,alpha_volatile,"alpha[55,2]",0.696251240071985,0.73547337,0.2922619555,0.9807739879999999,0.9994468289948546,6341.367340770675,3080.2245020912683,0.89356039
M4_block_alpha_full_response,5,0.2846643190140626,0.08103377451973999,TRUE,alpha_volatile,"alpha[56,2]",0.3497556700140626,0.236599905,0.006274184375000001,0.9548191514999999,1.0000459444633956,7019.6926750308185,2769.6897815993557,0.065091351
M4_block_alpha_full_response,5,0.318208129422974,0.10125641363086817,TRUE,alpha_volatile,"alpha[57,2]",0.336768982422974,0.20760997,0.00905096514,0.9547276849999999,1.0012213855019225,6454.620291116981,2977.890789166544,0.018560853
M4_block_alpha_full_response,5,-0.004968762896660497,2.4688604723230016e-5,TRUE,alpha_volatile,"alpha[58,2]",0.0259105371033395,0.0220475065,0.00553035704,0.05650071265,0.9995681011711969,5287.262842462631,2639.012878557915,0.0308793
M4_block_alpha_full_response,5,0.005433649828750005,2.9524550461474956e-5,TRUE,alpha_volatile,"alpha[59,2]",0.06553223782875,0.064525049,0.039664744,0.09472030344999999,0.9994622220266578,4516.965910683958,3137.211913382673,0.060098588
M4_block_alpha_full_response,5,0.0368288738275,0.0013563659474019143,TRUE,alpha_volatile,"alpha[60,2]",0.3561043038275,0.35109840000000003,0.23113885650000002,0.49455149249999997,1.0012234806786557,4926.027843609469,2877.382344209423,0.31927543
M4_block_alpha_full_response,5,0.10413998378950001,0.010845136223677325,TRUE,alpha_volatile,"alpha[61,2]",0.4186107637895,0.375872565,0.21692614749999997,0.7889557754999997,1.0018852208177584,3166.8223071765324,1806.1860212568638,0.31447078
M4_block_alpha_full_response,5,-0.5690402096988447,0.32380676025410515,TRUE,alpha_volatile,"alpha[62,2]",0.36711508030115525,0.28202989,0.00823559381,0.9409514564999999,0.9998493435868105,7232.911584040496,3193.0327957551494,0.93615529
M4_block_alpha_full_response,5,-0.13052848307334997,0.01703768489342981,TRUE,alpha_volatile,"alpha[63,2]",0.67257623692665,0.7261993,0.201645221,0.9839313894999999,1.000322623652197,6930.590757795916,3062.7641044107854,0.80310472
M4_block_alpha_full_response,5,-0.04422175979092502,0.001955564039006273,TRUE,alpha_volatile,"alpha[64,2]",0.819833090209075,0.901571015,0.2542226585,0.993417621,1.0058795574985862,5339.239930876866,2298.728626783214,0.86405485
M4_block_alpha_full_response,5,0.093871561852025,0.008811870124538554,TRUE,alpha_volatile,"alpha[65,2]",0.228876211852025,0.18799589,0.0426929458,0.5583895169999995,1.001077518360752,6753.283204548765,2987.035608034521,0.13500465
M4_block_alpha_full_response,5,-0.9170190293539999,0.8409239001973522,TRUE,beta,beta[1],1.617185270646,1.57908595,0.5641124949999999,2.7959376349999996,1.001187058400324,3502.2184107995868,2330.0842492552633,2.5342043
M4_block_alpha_full_response,5,-0.24619761991302502,0.06061326805083834,TRUE,beta,beta[2],0.602403320086975,0.517811355,0.11386697,1.3745478100000001,1.0001728074884693,4972.411787194537,3129.0368650846654,0.84860094
M4_block_alpha_full_response,5,2.1397229387500003,4.578414254612937,FALSE,beta,beta[3],5.62988533875,5.5730214,3.82867843,7.566370455,0.9996571178470028,6698.596572787888,3644.877268025747,3.4901624
M4_block_alpha_full_response,5,1.316719197875,1.733749446052583,TRUE,beta,beta[4],6.000300497875,5.8847344,3.8821326050000002,8.386947524999997,1.0003930303415676,5169.827346495465,3017.0244755453027,4.6835813
M4_block_alpha_full_response,5,0.5107339592451751,0.26084917712625216,TRUE,beta,beta[5],1.378420739245175,1.3558396,0.51577668,2.3304980399999984,1.0005341370298804,3375.8560980840034,1947.649232509219,0.86768678
M4_block_alpha_full_response,5,0.6304046669000001,0.3974100440493,TRUE,beta,beta[6],3.3396974669,3.30894675,2.251520395,4.533053665,1.0008376360589175,6421.931456002308,2966.6413303947156,2.7092928
M4_block_alpha_full_response,5,0.24307137477037502,0.05908369323276011,TRUE,beta,beta[7],0.448075054770375,0.378950735,0.08090637034999999,1.0344820799999994,0.9995899797613802,5221.550560564598,2673.6413365905787,0.20500368
M4_block_alpha_full_response,5,0.5303735181024,0.2812960687043168,FALSE,beta,beta[8],0.6077277471024,0.5607191250000001,0.13507864100000003,1.230818165,1.0001625275405939,4892.034968243285,2514.1304917589514,0.077354229
M4_block_alpha_full_response,5,0.38960491255707497,0.15179198788860604,TRUE,beta,beta[9],0.5569294325570749,0.47176098499999997,0.0976045043,1.3311454899999997,1.000128111324064,6540.5296108163875,2849.1801918842257,0.16732452
M4_block_alpha_full_response,5,-3.2903154210000025,10.826175569670424,TRUE,beta,beta[10],41.609278579,40.2153835,24.49545325,64.4173407,1.0025967441871377,5225.215532012584,3570.6408419507957,44.899594
M4_block_alpha_full_response,5,0.1586056416685,0.025155749569076624,TRUE,beta,beta[11],1.6081625416685,1.6007205500000001,0.7048473360000002,2.5274902249999998,1.0005650511880144,4213.87056888543,1903.4503805675192,1.4495569
M4_block_alpha_full_response,5,-0.5813879745749997,0.33801197698042046,TRUE,beta,beta[12],10.334802025425,10.16808,7.021942655,14.21211155,1.0006274909640747,4684.847488485394,3126.09429528768,10.91619
M4_block_alpha_full_response,5,0.48980073328352497,0.23990475832507877,FALSE,beta,beta[13],0.496262757883525,0.39940502,0.07700268010000001,1.2354731599999995,1.0005467004226112,6418.777111621149,3134.713537963887,0.0064620246
M4_block_alpha_full_response,5,1.05665498525925,1.1165197578732258,FALSE,beta,beta[14],1.44166185525925,1.41995355,0.6817751009999999,2.2574497649999996,1.000477573856751,4732.7811363463015,2355.4864950084384,0.38500687
M4_block_alpha_full_response,5,-0.5267248140075003,0.27743902969123574,TRUE,beta,beta[15],2.0248800859925,1.97786475,1.0606022400000001,3.114045869999999,0.9995503191642741,4079.641316279882,2586.624993922587,2.5516049
M4_block_alpha_full_response,5,0.2786851338273,0.0776654038163401,TRUE,beta,beta[16],0.4669842938273,0.40256430499999996,0.08435795405,1.0835664349999998,0.999640899461524,5364.84501472178,3028.780409429878,0.18829916
M4_block_alpha_full_response,5,0.39484577797575005,0.1559031883852753,TRUE,beta,beta[17],1.07479865797575,1.0488722,0.400891268,1.845787775,1.0017056152465456,5099.328411848181,2156.8494364959984,0.67995288
M4_block_alpha_full_response,5,0.053222010045000046,0.002832582353230086,TRUE,beta,beta[18],1.935363210045,1.90615085,1.016770595,2.96441522,0.9999746167113872,4954.2108366909815,2912.4445179734776,1.8821412
M4_block_alpha_full_response,5,0.381951160521925,0.14588668902404534,TRUE,beta,beta[19],0.557224180521925,0.498380905,0.10270850050000001,1.2285679899999997,1.000614207329779,4921.819564366249,2809.6323740520925,0.17527302
M4_block_alpha_full_response,5,0.4643363420857499,0.21560823858157457,TRUE,beta,beta[20],0.69997242208575,0.56409668,0.100733644,1.7601561499999996,1.0001874572901193,6378.787666779616,2787.6426259131053,0.23563608
M4_block_alpha_full_response,5,-0.01069298301749999,1.1433988581254321e-4,TRUE,beta,beta[21],3.0150103169825,2.9355084,1.7111272,4.50904926,0.9999047435930889,4699.710103621477,2706.844864596508,3.0257033
M4_block_alpha_full_response,5,0.2437540472645,0.059416035557824105,TRUE,beta,beta[22],0.3261973652645,0.26660316,0.05909523685,0.77946534,0.9997158074231001,5628.901583141851,3026.6962108446824,0.082443318
M4_block_alpha_full_response,5,0.9663947800999999,0.9339188710045272,TRUE,beta,beta[23],13.0040627801,12.7758755,9.50908817,17.2964375,0.9997091567900147,4602.817059993835,3297.337007309886,12.037668
M4_block_alpha_full_response,5,1.2871079172750002,1.6566467907119886,TRUE,beta,beta[24],4.896036117275,4.8622414,3.38905946,6.5328683949999995,1.001072072098258,4240.504691767974,2992.867011685084,3.6089282
M4_block_alpha_full_response,5,0.83903593963725,0.703981308002963,FALSE,beta,beta[25],1.38450204963725,1.37771695,0.5820476244999999,2.221085535,1.0011914504429538,3462.154485726481,1917.9463049187063,0.54546611
M4_block_alpha_full_response,5,2.1231183243,4.50763141897844,TRUE,beta,beta[26],15.9755393243,15.668848,11.3861539,21.447246449999998,1.0001766568287178,4383.539049444934,3406.492871094414,13.852421
M4_block_alpha_full_response,5,-1.0695292443550004,1.143892804530578,TRUE,beta,beta[27],3.494047355645,3.4784515999999996,2.125118455,4.945688389999999,1.000006356972535,5326.798100361934,2721.912119688291,4.5635766
M4_block_alpha_full_response,5,0.17310738300050005,0.029966166049281814,TRUE,beta,beta[28],0.6481436330005,0.604206475,0.1349122945,1.3069899899999995,1.0020351489762438,4750.043653213334,2422.1019460221632,0.47503625
M4_block_alpha_full_response,5,0.7213969408202499,0.5204135462248151,TRUE,beta,beta[29],2.29026684082025,2.2320034,0.45619819800000005,4.364138055,1.0015712068403788,2072.5562204096677,1355.048500165425,1.5688699
M4_block_alpha_full_response,5,0.6959833615875,0.4843928396066367,TRUE,beta,beta[30],1.9472630615875,1.9289443,1.0496881850000002,2.9036508399999983,1.0005256965953686,5357.89815745215,2642.0783861497234,1.2512797
M4_block_alpha_full_response,5,1.2653845488375002,1.601198056436684,FALSE,beta,beta[31],2.3913222488375,2.3596953999999997,1.30215223,3.5926318449999997,1.0006316732001685,4295.390846931452,1936.7649127321693,1.1259377
M4_block_alpha_full_response,5,-0.43540290017249994,0.18957568547862394,TRUE,beta,beta[32],2.4729362998275,2.4486192,1.5085929999999999,3.4947746499999996,1.0008782118479216,5669.887314798354,2776.5580652210256,2.9083392
M4_block_alpha_full_response,5,0.27809327026612496,0.07733586696730801,TRUE,beta,beta[33],0.441395760266125,0.37363285,0.0787463949,1.0165024599999994,1.0000971048316267,6009.082394689892,2139.136809723758,0.16330249
M4_block_alpha_full_response,5,1.2668713150250004,1.6049629288331737,TRUE,beta,beta[34],4.084444915025,4.03270415,2.678513315,5.638340744999999,1.0000775233292833,6112.232308553823,3484.706645049998,2.8175736
M4_block_alpha_full_response,5,-7.0302935255000065,49.42502705468731,TRUE,beta,beta[35],57.6037664745,54.184374500000004,31.4509347,95.86922619999999,0.9997999416268031,4929.595526444843,3249.3313254594527,64.63406
M4_block_alpha_full_response,5,0.36319646629705,0.13191167313066418,TRUE,beta,beta[36],0.67657952629705,0.5623057899999999,0.11215628750000001,1.643125514999999,1.000253889629815,4066.231197096454,2745.817412869515,0.31338306
M4_block_alpha_full_response,5,0.88543950344575,0.7840031142622562,FALSE,beta,beta[37],1.19049449344575,1.18388005,0.41079979600000005,2.0263750899999997,1.0012047155930133,3797.2931211422137,1945.9812514772937,0.30505499
M4_block_alpha_full_response,5,0.4133555623499996,0.1708628209256844,TRUE,beta,beta[38],3.09354196235,3.0349915,1.8457291100000002,4.48468526,1.001068762508628,4599.266831598298,3158.1911105854415,2.6801864
M4_block_alpha_full_response,5,-0.16805788298875002,0.02824345203466039,TRUE,beta,beta[39],1.56783721701125,1.4892967000000001,0.44557262100000006,2.91590645,0.9996024994899312,2886.320250781308,2605.0299055963637,1.7358951
M4_block_alpha_full_response,5,0.5701980909250004,0.325125862894515,TRUE,beta,beta[40],9.665742990925,9.5437645,7.155658605,12.649243849999996,1.000899718024642,4500.290371523949,2611.2365322279593,9.0955449
M4_block_alpha_full_response,5,0.4789990036652,0.22944004551225428,TRUE,beta,beta[41],0.7015519436652,0.621973755,0.127120321,1.5223296549999983,0.9998345437914398,3906.5787782710177,2685.9007703770885,0.22255294
M4_block_alpha_full_response,5,-0.6345010576522501,0.40259159216182394,TRUE,beta,beta[42],1.03302834234775,0.988099005,0.23892596500000002,1.9667813599999993,1.0006678863462766,4005.214788875137,2360.724669440038,1.6675294
M4_block_alpha_full_response,5,1.6027262405000005,2.5687314019872654,TRUE,beta,beta[43],5.4183707405,5.33868535,3.52401282,7.586905274999999,1.0012067970992384,5210.003188733056,3014.983288259141,3.8156445
M4_block_alpha_full_response,5,-0.4936587444999998,0.24369895602131608,TRUE,beta,beta[44],2.2108433555,2.19337675,1.1373931300000002,3.3805967349999997,1.0003480157396878,5970.325425842823,2628.4757700225828,2.7045021
M4_block_alpha_full_response,5,0.13014345055499987,0.016937317722361695,TRUE,beta,beta[45],2.554948450555,2.53101405,1.4606453200000002,3.69928805,1.0015099124402156,4919.8787317988545,2895.925747257398,2.424805
M4_block_alpha_full_response,5,0.7326333955150002,0.5367516922238387,TRUE,beta,beta[46],3.317899395515,3.2747604,2.062503785,4.7228471149999995,1.0026136400409509,5664.702312212039,2523.9224854731524,2.585266
M4_block_alpha_full_response,5,-0.11722943176482503,0.013742739671903767,TRUE,beta,beta[47],0.712607558235175,0.593999155,0.112800223,1.6958308199999996,1.0002730092689291,4802.432956156941,2586.995265637559,0.82983699
M4_block_alpha_full_response,5,0.32017424180285,0.10251154511402985,FALSE,beta,beta[48],0.35702864780285,0.302154895,0.06247020035,0.8246003349999999,1.0003172482019649,5739.7504385071525,2125.9716289293074,0.036854406
M4_block_alpha_full_response,5,0.268951238412625,0.07233476864368467,TRUE,beta,beta[49],0.341797424412625,0.28541917,0.060576724600000006,0.8116104599999996,1.0009277466339694,5947.468258570198,2979.8181139517715,0.072846186
M4_block_alpha_full_response,5,-0.20350319993749988,0.04141355238480205,TRUE,beta,beta[50],2.1201470000625,2.0881050500000002,1.1987424500000001,3.126421664999999,1.0006852754383604,4947.673523082401,2763.644887161469,2.3236502
M4_block_alpha_full_response,5,-1.4382579698170002,2.068585987742119,FALSE,beta,beta[51],2.520282130183,2.4930855000000003,1.323385695,3.8066700049999995,1.0011861255187329,4639.673524269317,2475.5195553547032,3.9585401
M4_block_alpha_full_response,5,2.731172578325001,7.459303652594435,TRUE,beta,beta[52],10.667155678325,10.558276,7.648489985,14.064687499999998,0.999704111897807,4976.770522334307,3616.6116431024357,7.9359831
M4_block_alpha_full_response,5,0.32210560754605005,0.10375202241261001,TRUE,beta,beta[53],0.60217863754605,0.5459551899999999,0.1076601955,1.2857895949999996,1.0011951182212628,4609.529469731819,2552.299024237374,0.28007303
M4_block_alpha_full_response,5,0.5993872146851751,0.3592650331280522,FALSE,beta,beta[54],0.650319105685175,0.55009156,0.106378728,1.565351585,1.0007041610568492,2973.2862943843343,2883.7940780464687,0.050931891
M4_block_alpha_full_response,5,0.4189555813950001,0.17552377918202255,TRUE,beta,beta[55],2.578677881395,2.54709225,1.608833025,3.636004964999998,1.0006411822914998,5854.730549358895,3076.7912127128943,2.1597223
M4_block_alpha_full_response,5,0.18349508413909998,0.033670445903215385,TRUE,beta,beta[56],0.7781992741391,0.71252552,0.15309246650000002,1.615462984999999,0.9999377880379271,4761.448800314766,2766.659017438698,0.59470419
M4_block_alpha_full_response,5,0.49295602508329994,0.24300564266592703,FALSE,beta,beta[57],0.5506841700833,0.481558485,0.09976515855000001,1.2440384,0.9998226630444544,5323.887945742797,2976.3792010767775,0.057728145
M4_block_alpha_full_response,5,1.1101565602249996,1.2324475882106032,TRUE,beta,beta[58],5.464897060225,5.4228391,3.748160425,7.323056814999999,1.0021316470620043,4790.518660035691,2896.8297214659533,4.3547405
M4_block_alpha_full_response,5,3.1360054841,9.834530396305276,TRUE,beta,beta[59],15.3290534841,15.043236,10.5761203,21.176401499999997,1.0000021441126254,4558.688496411348,3369.408915293988,12.193048
M4_block_alpha_full_response,5,-1.5865922190749995,2.5172748696293312,TRUE,beta,beta[60],7.372518880925,7.2338348,5.064595755,10.081369749999999,1.0002126111784908,5632.672330016712,3058.3975855432477,8.9591111
M4_block_alpha_full_response,5,0.4654733681999996,0.21666545650345242,TRUE,beta,beta[61],6.0283439682,5.97615905,4.177244205000001,8.090376614999998,1.0000707353636733,4404.713780165741,3222.2006651120587,5.5628706
M4_block_alpha_full_response,5,0.54845232251235,0.30079995006919075,FALSE,beta,beta[62],0.69346979251235,0.6497032,0.147283349,1.3926260399999997,1.0000159277832528,5296.078458021699,2276.818969668946,0.14501747
M4_block_alpha_full_response,5,-0.054591368250000105,0.0029802174874071197,TRUE,beta,beta[63],2.59185323175,2.56094645,1.63670297,3.6736533099999997,1.0000278834404197,6176.639149516234,3263.9060270083223,2.6464446
M4_block_alpha_full_response,5,0.40306412236,0.16246068673383704,TRUE,beta,beta[64],2.68817742236,2.65026505,1.847079175,3.620864115,1.00259236509037,6171.744536002406,3201.5378167151066,2.2851133
M4_block_alpha_full_response,5,1.0999575638750003,1.2099066423258253,TRUE,beta,beta[65],4.437372963875,4.3839796,2.8048052200000004,6.256038129999999,0.9996774353209444,4724.541119192336,3098.5047778533963,3.3374154
M4_block_alpha_full_response,5,0.09319956065250001,0.008686158105819028,TRUE,group_mu_rho,mu_rho[1],0.6466322106525,0.64704653,0.4948050855,0.7949364044999999,1.0048941903239774,910.035494186195,1318.616221822916,0.55343265
M4_block_alpha_full_response,5,-0.0055941561650000304,3.129458319840785e-5,TRUE,group_sigma_rho,sigma_rho[1],0.683110773835,0.67918131,0.570437486,0.8143387369999999,1.001620811811134,1183.769716410965,2041.6913766553873,0.68870493
M4_block_alpha_full_response,5,-0.46867955189893,0.21966052236818184,FALSE,rho,rho[1],0.48290743810107,0.47717766500000003,0.06817470125000001,0.9182158559999999,1.0014481187889572,9948.614927861236,2812.813719002646,0.95158699
M4_block_alpha_full_response,5,-0.028330753644963992,8.026316020916405e-4,TRUE,rho,rho[2],0.055424986355036,0.0520753315,-0.275335985,0.38300442399999995,1.0007279835056493,10186.060083135597,3060.0682095771554,0.08375574
M4_block_alpha_full_response,5,0.4179622729039775,0.174692461571059,FALSE,rho,rho[3],0.5007674369039775,0.49799240499999997,0.1075750415,0.894975753,1.0005082593081576,10051.802774185147,2976.6255285338752,0.082805164
M4_block_alpha_full_response,5,-0.653925452415,0.4276184973161624,FALSE,rho,rho[4],1.463749447585,1.4568097999999998,0.985175365,1.9742814949999998,0.9999618733320933,6478.861694933141,2844.78621841753,2.1176749
M4_block_alpha_full_response,5,0.526479213006775,0.2771803617282332,FALSE,rho,rho[5],0.797632603006775,0.7997504099999999,0.4592527005,1.1361996149999998,1.0027737728053783,11898.177450613499,2698.454728988919,0.27115339
M4_block_alpha_full_response,5,-0.255245573353285,0.0651503027164472,TRUE,rho,rho[6],0.600892746646715,0.59882265,0.21545214699999998,0.985963671,1.0015901208323934,8640.580494465452,2541.9123804594356,0.85613832
M4_block_alpha_full_response,5,0.45934840772685004,0.21100095968119245,FALSE,rho,rho[7],-0.21718889227315,-0.21518638,-0.5132258675,0.07376682319999997,1.000607179738727,8143.877877862924,3241.025464585184,-0.6765373
M4_block_alpha_full_response,5,-0.024976167365907926,6.23808936289844e-4,TRUE,rho,rho[8],0.020403539634092072,0.019854661,-0.2786433295,0.31660056049999974,1.000324883359539,9417.56769387567,3142.1552698216383,0.045379707
M4_block_alpha_full_response,5,0.38552011829800004,0.14862576161250393,TRUE,rho,rho[9],1.029760388298,1.0106928,0.542315617,1.5610205949999998,1.000080593313825,6327.862787315076,3393.754015343245,0.64424027
M4_block_alpha_full_response,5,0.37370727679494986,0.13965712872949726,TRUE,rho,rho[10],1.19282143679495,1.1619365,0.39055435800000005,2.1196675249999997,1.0034500785445872,7193.876719676891,2682.1980205998816,0.81911416
M4_block_alpha_full_response,5,-0.048405551056378254,0.002343097373071642,TRUE,rho,rho[11],-0.005316842056378251,-0.005317272749999999,-0.331498629,0.3248385719999999,1.0005178927844556,9197.869454222011,3092.7132325619846,0.043088709
M4_block_alpha_full_response,5,-0.05470573448500016,0.0029927173855433353,TRUE,rho,rho[12],1.454699265515,1.43662,0.8880818715000001,2.0515185449999995,1.0010304263912921,7134.886882432177,3134.3889953400017,1.509405
M4_block_alpha_full_response,5,-0.2678207538494425,0.07172795619248366,TRUE,rho,rho[13],0.5255785361505575,0.517050435,0.11324881050000002,0.9719240889999995,1.0014487171301032,8156.546783461117,3205.5414375612318,0.79339929
M4_block_alpha_full_response,5,-0.08229267366196777,0.006772084138435124,TRUE,rho,rho[14],0.18586561633803225,0.18566365499999998,-0.13157686799999999,0.5008575419999994,1.002685970672782,9134.549237797244,2987.580569034892,0.26815829
M4_block_alpha_full_response,5,-0.04050875555749989,0.001640959276817278,TRUE,rho,rho[15],1.2064574444425,1.2016156,0.825984521,1.5992440649999993,1.0003034726483855,8657.911884906662,3284.7327730971983,1.2469662
M4_block_alpha_full_response,5,0.2956354364316,0.08740031127410261,TRUE,rho,rho[16],0.5480164364316,0.544008765,0.2482109875,0.8576561535,1.001597409877527,10105.735180045134,2660.5579958155267,0.252381
M4_block_alpha_full_response,5,0.044156114389504,0.0019497624379789624,TRUE,rho,rho[17],-0.038372596610496,-0.038028482,-0.34507085649999997,0.25877652749999996,1.0039394285921506,9066.492830848987,2637.6084151006853,-0.082528711
M4_block_alpha_full_response,5,-0.1726523933149575,0.02980884891738278,TRUE,rho,rho[18],-0.1694006971149575,-0.164577935,-0.5086563095,0.1493748579999995,1.0011186589053154,8500.962069920757,2898.2661179736715,0.0032516962
M4_block_alpha_full_response,5,-0.3108569543414473,0.09663204606244064,FALSE,rho,rho[19],-0.44036014434144727,-0.43950324500000004,-0.7557036105,-0.1315995145000002,1.0011528952443323,10655.246996030617,3347.4938574144307,-0.12950319
M4_block_alpha_full_response,5,-0.19347322013489454,0.037431886909365365,TRUE,rho,rho[20],0.4349331998651055,0.423711245,-0.158263682,1.0516949749999998,0.9996868452984503,7780.746248697317,3070.045027762332,0.62840642
M4_block_alpha_full_response,5,-0.07777050820999998,0.006048251947241674,TRUE,rho,rho[21],1.80123349179,1.78488185,1.3353000050000001,2.30706381,1.0000516848250214,6075.957685302428,3187.0067445882446,1.879004
M4_block_alpha_full_response,5,0.13895527133449126,0.01930856743164209,TRUE,rho,rho[22],0.21545821033449125,0.210873845,-0.08758965689999998,0.5223620884999999,1.0001487860088325,9751.948922824016,2937.256919354413,0.076502939
M4_block_alpha_full_response,5,-0.0887554264218125,0.007877525719317772,TRUE,rho,rho[23],0.4044012735781875,0.39767385,-0.09104389815,0.8978813305,1.0001040066292561,9424.35835945416,2700.9790141953663,0.4931567
M4_block_alpha_full_response,5,0.055539067025382,0.003084587966049874,TRUE,rho,rho[24],-0.008371263974618,-0.0043317005499999995,-0.40101760849999996,0.3837843024999997,1.0004985293482453,8592.496778748087,2736.805748447706,-0.063910331
M4_block_alpha_full_response,5,0.20371381917242504,0.04149932012181549,TRUE,rho,rho[25],0.589575129172425,0.58437304,0.25855167500000004,0.9299798859999998,1.0010266664343008,7659.042675651876,2970.1901182567335,0.38586131
M4_block_alpha_full_response,5,0.25404440575775,0.06453856009680832,TRUE,rho,rho[26],0.95989075575775,0.94848189,0.4140211305,1.5338943699999987,1.000087827753954,9005.102964429823,2551.993686166252,0.70584635
M4_block_alpha_full_response,5,0.04552049415273901,0.0020721153879095463,TRUE,rho,rho[27],-0.20833307584726096,-0.20492714,-0.5642365225,0.13537739249999997,1.0011107856932266,10424.300866815393,3311.611038751268,-0.25385357
M4_block_alpha_full_response,5,0.086499851783925,0.007482224358640993,TRUE,rho,rho[28],-0.046606108216075,-0.0479903045,-0.3534960825,0.25905261249999995,1.0008124424813107,8130.802276630601,2875.642181645792,-0.13310596
M4_block_alpha_full_response,5,0.08295620420750005,0.006881731816516449,TRUE,rho,rho[29],1.8154649042075,1.80127805,1.3411337049999998,2.3167869949999997,1.0000570714727997,4965.855631850812,2695.01684759635,1.7325087
M4_block_alpha_full_response,5,0.23544867310500006,0.05543607766690518,TRUE,rho,rho[30],1.021693793105,1.0137088,0.664701985,1.3930442449999996,1.001230289107992,9280.770870501312,3049.3546029913123,0.78624512
M4_block_alpha_full_response,5,0.31862905504249994,0.10152447471727646,TRUE,rho,rho[31],1.2865466550425,1.27693705,0.8917117435,1.7077248049999998,1.0025996098057997,7623.918350795775,2791.8429337848447,0.9679176
M4_block_alpha_full_response,5,0.214355037615982,0.045948082151349066,TRUE,rho,rho[32],0.116325284615982,0.11564506,-0.22898304149999998,0.45851891499999997,1.0004015827988957,8754.117298849103,2777.0685042922105,-0.098029753
M4_block_alpha_full_response,5,-0.08695353758750013,0.007560917698980798,TRUE,rho,rho[33],1.3396228624125,1.32805355,0.9670177365,1.73135394,1.003725034209257,7922.255582277622,2506.6912822109166,1.4265764
M4_block_alpha_full_response,5,-0.16760000522325003,0.028089761750833435,TRUE,rho,rho[34],0.56070496477675,0.561332325,0.2197204635,0.9073251139999999,1.0018542212063482,8872.70701986228,3058.552788737269,0.72830497
M4_block_alpha_full_response,5,-0.53616132654755,0.28746896808522854,TRUE,rho,rho[35],0.88929757345245,0.86540083,0.0621703403,1.76460085,1.0000281542084866,8266.627928894637,2989.9356539772625,1.4254589
M4_block_alpha_full_response,5,0.1577760201849998,0.02489327254541747,TRUE,rho,rho[36],1.624812920185,1.612873,1.20514465,2.09623429,1.0031692875891558,7389.604151812538,3082.5633731865355,1.4670369
M4_block_alpha_full_response,5,0.2009804833721,0.04039315469648297,TRUE,rho,rho[37],0.2828990563721,0.279322935,-0.03867370404999999,0.611929418,1.0027442898464443,8681.37318533997,3228.486837943368,0.081918573
M4_block_alpha_full_response,5,-0.32925395594250007,0.10840816750378578,TRUE,rho,rho[38],1.7954315440575,1.7795364,1.312019085,2.32138392,1.000179502054375,7149.765502438486,3022.7618634669907,2.1246855
M4_block_alpha_full_response,5,7.050102456749308e-4,4.970394465066262e-7,TRUE,rho,rho[39],0.754963460245675,0.7467925200000001,0.301618718,1.204894504999999,1.000820561832005,7858.3868415099605,3232.3428350575914,0.75425845
M4_block_alpha_full_response,5,0.13468339770947174,0.01813961761856774,TRUE,rho,rho[40],-0.11794424229052825,-0.110577395,-0.5553352525,0.31657534249999986,1.000070192556851,8952.996176974571,2909.147722998481,-0.25262764
M4_block_alpha_full_response,5,-0.36548029634738577,0.13357584701817293,FALSE,rho,rho[41],-0.11058005634738576,-0.10927827,-0.4091022405,0.1826713174999999,1.0025010164391093,9923.135202760308,3220.4481557045337,0.25490024
M4_block_alpha_full_response,5,0.29992531117375,0.08995519228267077,TRUE,rho,rho[42],0.70072249117375,0.6989390449999999,0.37927964450000007,1.0202180399999998,1.000879714609511,11960.263332701845,2735.235583278303,0.40079718
M4_block_alpha_full_response,5,0.029956938422500023,8.974181596494582e-4,TRUE,rho,rho[43],1.4468929384225,1.43415005,0.9684015530000001,1.9607867149999998,1.0057510213522751,10309.444851169708,3018.3251296777344,1.416936
M4_block_alpha_full_response,5,-0.5347615839024997,0.2859699516179103,FALSE,rho,rho[44],1.5898429160975,1.5806661,1.157012,2.0486825250000003,1.003037940560702,8234.561911098775,2711.3502156425197,2.1246045
M4_block_alpha_full_response,5,-0.16945389376749986,0.028714622112967127,TRUE,rho,rho[45],1.6270628062325,1.6140236,1.180004585,2.1075484149999997,1.000047354819453,8246.262196836176,3405.60877332281,1.7965167
M4_block_alpha_full_response,5,0.25350633495525,0.0642654618624434,TRUE,rho,rho[46],0.71339628495525,0.710011615,0.3402238755,1.096747835,1.0020410249881986,10255.709991813468,2633.9915407685617,0.45988995
M4_block_alpha_full_response,5,0.15749142915250003,0.024803550256496935,TRUE,rho,rho[47],1.5699170291525,1.5627559,1.1863893900000002,1.9764308449999997,1.0000130803951663,9744.66783639045,3129.4497210665418,1.4124256
M4_block_alpha_full_response,5,0.20102671284382997,0.04041173927679567,TRUE,rho,rho[48],0.33635380284383,0.33503924500000004,0.03783718185,0.6393044334999994,1.0020319826909176,9973.215390197616,3063.255433125076,0.13532709
M4_block_alpha_full_response,5,-0.22897807345870752,0.05243095812486126,TRUE,rho,rho[49],-0.5582050534587075,-0.557320985,-0.868699744,-0.2600935395000001,1.0005017601617068,8688.998608122896,3213.5168016581415,-0.32922698
M4_block_alpha_full_response,5,0.03639223175423001,0.001324394532053587,TRUE,rho,rho[50],-0.25366966824577,-0.247037885,-0.595325083,0.08591234154999969,1.002601731280202,7328.072202954507,2865.699669515469,-0.2900619
M4_block_alpha_full_response,5,0.422146308685075,0.17820750593643464,FALSE,rho,rho[51],0.747257908685075,0.750057535,0.36901539850000004,1.1311788799999996,1.00189294112262,8825.594200005748,3206.2372658648674,0.3251116
M4_block_alpha_full_response,5,0.71387622349214,0.5096192624673997,FALSE,rho,rho[52],0.54454618349214,0.548951325,0.06574729645,1.0246439200000002,1.000140529448058,7709.50921160447,2916.798138612186,-0.16933004
M4_block_alpha_full_response,5,0.17315691293225005,0.029983316496226826,TRUE,rho,rho[53],0.62560223293225,0.626001045,0.31719729550000003,0.9362901154999997,1.0019865053930077,10583.20014805855,3218.4347824019565,0.45244532
M4_block_alpha_full_response,5,0.12805226606485526,0.016397382844344482,TRUE,rho,rho[54],0.24807237606485524,0.25277192000000004,-0.047326856699999996,0.5353936094999999,1.0020235687151244,9959.815928662842,3105.740431403989,0.12002011
M4_block_alpha_full_response,5,-0.3501054156675001,0.12257380207971301,TRUE,rho,rho[55],1.3316863843325,1.32377035,0.916790298,1.7942446249999997,0.9997287262610076,7264.424486792197,2952.3339770579814,1.6817918
M4_block_alpha_full_response,5,0.31467305514,0.09901913163114147,TRUE,rho,rho[56],0.99148153514,0.988175405,0.6435950510000001,1.36809424,1.0017727360956628,8429.082252543227,3171.238444284897,0.67680848
M4_block_alpha_full_response,5,0.21125255111929997,0.04462764035441245,TRUE,rho,rho[57],0.4668585411193,0.46284138500000005,0.15174658900000002,0.7893920154999999,1.0008461607611743,9332.914748681485,2934.841765152893,0.25560599
M4_block_alpha_full_response,5,0.438695813132867,0.19245401646030735,FALSE,rho,rho[58],0.141545133132867,0.136811425,-0.22789600000000002,0.5038263814999999,1.0007292190425585,11389.06405051606,2947.406987098223,-0.29715068
M4_block_alpha_full_response,5,0.09839073511999996,0.009680736757453994,TRUE,rho,rho[59],1.41634093512,1.4013597500000001,0.8177014459999999,2.0334408349999995,1.0001852458106588,6957.785608318447,3547.1602847518334,1.3179502
M4_block_alpha_full_response,5,0.317715458943562,0.10094311285171824,TRUE,rho,rho[60],0.310758484143562,0.31042501499999997,-0.15752800849999998,0.7700128034999997,1.0000222590292558,10947.862167017705,3124.695656353944,-0.0069569748
M4_block_alpha_full_response,5,0.04682426867100825,0.0021925121365747647,TRUE,rho,rho[61],0.23976055867100826,0.2390159,-0.155226808,0.6356617584999996,1.0018016992568535,9381.947332126925,2761.1300976430844,0.19293629
M4_block_alpha_full_response,5,-0.1818981248714165,0.033086927831737424,TRUE,rho,rho[62],0.2041683351285835,0.205722145,-0.10322357349999998,0.5125166649999998,1.0002309397256353,12363.100544180126,2949.420066950441,0.38606646
M4_block_alpha_full_response,5,-0.24767294386350003,0.06134188712201244,TRUE,rho,rho[63],0.9731421561365,0.96595584,0.5827878205,1.386141055,1.0011063147062003,8742.057680646443,3116.1986673909637,1.2208151
M4_block_alpha_full_response,5,0.18851435231574998,0.03553766102902671,TRUE,rho,rho[64],0.92211870231575,0.9179428199999999,0.5261192005,1.3352638599999995,0.9999937657113233,7281.256587934401,2951.451026111887,0.73360435
M4_block_alpha_full_response,5,-0.1352559469000001,0.018294171171815643,TRUE,rho,rho[65],1.1918278531,1.18721655,0.7773139284999999,1.62246495,1.0001870233397963,8289.818840626947,3459.064404467161,1.3270838
M4_block_alpha_full_response,5,0.24682307469119252,0.060921630200014,FALSE,group_mu_side,mu_side[1],-0.1976094953088075,-0.20084992499999998,-0.37022926949999996,-0.018186781750000013,1.0037943018495084,650.331186754317,1301.018096307128,-0.44443257
M4_block_alpha_full_response,5,0.08185654711750001,0.0067004943059995,TRUE,group_sigma_side,sigma_side[1],0.8225928371175,0.81632685,0.6883994335,0.9741702764999998,1.0012092560864425,1302.181528526728,1972.227030462085,0.74073629
M4_block_alpha_full_response,5,0.7126291158525,0.5078402567607159,FALSE,side_bias,side_bias[1],-1.8796085841475,-1.86797155,-2.3535203399999998,-1.42968197,1.001286508830262,6400.7377377698995,3360.9000324948925,-2.5922377
M4_block_alpha_full_response,5,0.014470137468550082,2.0938487835873697e-4,TRUE,side_bias,side_bias[2],-0.82165279253145,-0.8245378,-1.1520636,-0.49660694200000005,1.0015298919398914,9180.622427849608,2900.0232846291638,-0.83612293
M4_block_alpha_full_response,5,0.75290976711,0.5668731174096344,FALSE,side_bias,side_bias[3],1.11922889711,1.10872275,0.695196236,1.5652396349999997,1.0003524367723375,8825.85072779572,2804.3744849654486,0.36631913
M4_block_alpha_full_response,5,0.32623147275044,0.10642697381292109,TRUE,side_bias,side_bias[4],0.17626250275044,0.168855545,-0.273319903,0.645234721,0.9998232088507794,8573.381367229718,2549.905608547935,-0.14996897
M4_block_alpha_full_response,5,0.19066657828488576,0.03635374407486647,TRUE,side_bias,side_bias[5],-0.04230012171511425,-0.039559103,-0.3702451385,0.2877573719999997,0.9998822979454971,10503.868914460552,3136.0416892214826,-0.2329667
M4_block_alpha_full_response,5,0.023807365395979996,5.667906470977058e-4,TRUE,side_bias,side_bias[6],0.22733658539598,0.228105605,-0.17089234599999997,0.631584598,1.0005189793886766,9975.633462710903,2731.3169001060214,0.20352922
M4_block_alpha_full_response,5,0.06106675726322975,0.0037291488426462235,TRUE,side_bias,side_bias[7],0.05634803806322975,0.055683737999999997,-0.242795592,0.35619244849999976,1.0018383337577603,8548.324586650439,2652.6102498912073,-0.0047187192
M4_block_alpha_full_response,5,0.26822031132484747,0.0719421354071981,TRUE,side_bias,side_bias[8],0.0727870313248475,0.0736649765,-0.23079163900000002,0.38412374349999995,1.0017721741926147,9114.595114826066,2600.6669911189433,-0.19543328
M4_block_alpha_full_response,5,0.05950410994999977,0.003540739100941662,TRUE,side_bias,side_bias[9],-2.14678979005,-2.1241693,-2.68822065,-1.6604563500000005,1.0004146635375464,5883.682071096117,3293.8141697286874,-2.2062939
M4_block_alpha_full_response,5,-0.6351046710412073,0.4033579431783601,TRUE,side_bias,side_bias[10],0.30317610895879277,0.291648535,-0.465242449,1.1194366649999996,1.0015756180815458,8062.904162401047,2956.468913068538,0.93828078
M4_block_alpha_full_response,5,0.18800317756178475,0.03534519477332797,TRUE,side_bias,side_bias[11],0.17353678156178476,0.17181404,-0.153773995,0.5046486284999998,1.0022439973920316,10757.270522050738,2877.070843866976,-0.014466396
M4_block_alpha_full_response,5,0.0018738610683242118,3.5113553033811565e-6,TRUE,side_bias,side_bias[12],-0.40380805893167576,-0.40068671,-0.9202525185,0.09076061694999993,1.0009373457443904,8017.1778209529,2840.587029566146,-0.40568192
M4_block_alpha_full_response,5,-0.2543002309375,0.06466860745486583,TRUE,side_bias,side_bias[13],1.9432178690625,1.9327405999999998,1.49160804,2.42576165,1.00122476636453,5350.202542307987,3492.7327858799295,2.1975181
M4_block_alpha_full_response,5,0.2786586634492745,0.07765065071533601,TRUE,side_bias,side_bias[14],-0.0270317265507255,-0.0261280885,-0.3550672635,0.2946327445,1.0012350739648592,10490.72693078241,2660.307574582712,-0.30569039
M4_block_alpha_full_response,5,-0.1790807172432805,0.032069903288367785,TRUE,side_bias,side_bias[15],-0.1397290432432805,-0.140448615,-0.49009991449999996,0.2133787539999999,0.9998196222256689,9771.313343695072,3063.1302891115947,0.039351674
M4_block_alpha_full_response,5,-0.0070021664435489794,4.9030334903163364e-5,TRUE,side_bias,side_bias[16],0.148683833556451,0.14948846,-0.17378056349999998,0.4585956589999997,1.0018116163272686,11014.195682771939,2729.811611311465,0.155686
M4_block_alpha_full_response,5,-0.0513877346591175,0.002640699273395866,TRUE,side_bias,side_bias[17],-0.3350352146591175,-0.335439875,-0.6331629005,-0.04168018665000006,1.0035379987252475,9330.29899385461,2634.997837233843,-0.28364748
M4_block_alpha_full_response,5,-0.0028016908637500393,7.849471696020441e-6,TRUE,side_bias,side_bias[18],-0.69493951086375,-0.693638745,-1.040378555,-0.35426105050000006,1.001045834901917,10351.843585919964,2724.112922834511,-0.69213782
M4_block_alpha_full_response,5,0.02697261688475372,7.275220616117014e-4,TRUE,side_bias,side_bias[19],-0.23140975311524625,-0.230827155,-0.5395791995000001,0.07638051639999999,1.0003644115176167,8636.587899206943,2848.9793371828086,-0.25838237
M4_block_alpha_full_response,5,0.1835696599500003,0.03369782005415874,TRUE,side_bias,side_bias[20],-3.14845704005,-3.12153715,-3.8885465850000003,-2.50024221,1.000887167803686,4656.227352628497,3165.182203712078,-3.3320267
M4_block_alpha_full_response,5,0.24388208205921824,0.05947846994953926,TRUE,side_bias,side_bias[21],0.10101573205921825,0.094214453,-0.3112697755,0.5230128909999999,0.9997011382977907,9400.847654579899,2928.440512939414,-0.14286635
M4_block_alpha_full_response,5,0.006446053603950008,4.155160706499689e-5,TRUE,side_bias,side_bias[22],0.53804181360395,0.5360028649999999,0.234827067,0.8446016524999997,1.004204244329455,10475.686986667772,3111.3047131200565,0.53159576
M4_block_alpha_full_response,5,0.25512563859508497,0.06508909146854991,TRUE,side_bias,side_bias[23],0.037247638595085,0.043745733499999995,-0.46700027899999996,0.5473272319999993,1.0009482859638013,10118.831768392254,2896.9984639257877,-0.217878
M4_block_alpha_full_response,5,-0.18325111794544424,0.03358097222825512,TRUE,side_bias,side_bias[24],-0.23854547294544423,-0.23624593500000002,-0.6365635435,0.15785159599999976,1.0007784241898257,7766.967070117367,2977.588319093035,-0.055294355
M4_block_alpha_full_response,5,0.12042925478404998,0.014503205407841625,TRUE,side_bias,side_bias[25],0.47876511478405,0.475986625,0.13569305300000004,0.8312085399999998,1.0002938889000574,7763.296575257884,2824.9517712368774,0.35833586
M4_block_alpha_full_response,5,-0.003667196789195002,1.3448332290682133e-5,TRUE,side_bias,side_bias[26],0.023945483210805,0.0258409725,-0.5378218594999999,0.5923416264999997,1.0010084405297734,8465.735366538507,2781.4850402430748,0.02761268
M4_block_alpha_full_response,5,-0.12102323260500003,0.014646622830163943,TRUE,side_bias,side_bias[27],-0.875284282605,-0.87038728,-1.2569185900000002,-0.5106156615,0.9997043825758042,8069.17130132872,2802.022657199505,-0.75426105
M4_block_alpha_full_response,5,-0.004016078483499941,1.6128886385631183e-5,TRUE,side_bias,side_bias[28],0.7406547715165,0.7408135,0.416888869,1.0704915599999998,0.9997575503089575,9834.316972408866,3130.651178074103,0.74467085
M4_block_alpha_full_response,5,0.34775248738883,0.12093179248511839,TRUE,side_bias,side_bias[29],0.16522073738883,0.16312945,-0.30606007849999994,0.640904663,1.001415624848849,9218.92486217382,2843.699242813477,-0.18253175
M4_block_alpha_full_response,5,0.16744018368843974,0.02803621511361844,TRUE,side_bias,side_bias[30],0.10131941368843975,0.10215215,-0.2560897895,0.45663420399999965,0.9999274956109414,9924.96849154368,2835.011953831648,-0.06612077
M4_block_alpha_full_response,5,0.21358369624851498,0.04561799530317791,TRUE,side_bias,side_bias[31],0.385550536248515,0.38407971500000004,-0.020501236949999987,0.7918559309999998,1.0003081741068387,9149.114920281712,3366.609078542283,0.17196684
M4_block_alpha_full_response,5,-0.1653411183006005,0.02733768540089317,TRUE,side_bias,side_bias[32],-0.1200965873006005,-0.118154945,-0.4629248965,0.21723372149999998,1.0013468451303207,9744.111211595882,2782.1985991009533,0.045244531
M4_block_alpha_full_response,5,-0.03783030332564996,0.0014311318497106824,TRUE,side_bias,side_bias[33],-0.66466632332565,-0.65726812,-1.0685740400000001,-0.28783571800000024,1.0006391324855242,8532.160829580183,3021.1677080034838,-0.62683602
M4_block_alpha_full_response,5,0.05290485347280505,0.0027989235209789722,TRUE,side_bias,side_bias[34],0.542739273472805,0.538801085,0.15965959999999998,0.9211864584999999,1.0022047266606575,9091.072550477067,3104.110136363572,0.48983442
M4_block_alpha_full_response,5,-0.7382230668471225,0.544973296425171,TRUE,side_bias,side_bias[35],-0.5799827868471225,-0.5544988449999999,-1.61142915,0.3531958834999993,1.0014822054093482,6599.405095344522,2797.7128530435966,0.15824028
M4_block_alpha_full_response,5,0.021328509449999977,4.5490531535873833e-4,TRUE,side_bias,side_bias[36],-1.07755399055,-1.06747895,-1.54158319,-0.6440633550000001,1.0000546679914681,6886.283455615693,2972.1129027586117,-1.0988825
M4_block_alpha_full_response,5,0.24635299446000003,0.060689797879408806,TRUE,side_bias,side_bias[37],-0.94139510554,-0.9364495850000001,-1.29936533,-0.6019228125000001,1.001033131198234,7757.40021974444,2943.976056825691,-1.1877481
M4_block_alpha_full_response,5,0.282192445435,0.07963257626058545,TRUE,side_bias,side_bias[38],0.889200645435,0.888083455,0.426987256,1.3644560249999995,1.0019527842866418,7370.652334355989,3003.359613408827,0.6070082
M4_block_alpha_full_response,5,-0.11315016880000006,0.012802960699468508,TRUE,side_bias,side_bias[39],-2.0653494688,-2.0514772,-2.6200236849999996,-1.5677892950000005,1.0022855460090747,5404.99091733386,3469.9812772778237,-1.9521993
M4_block_alpha_full_response,5,0.189606799461599,0.03595073840207102,TRUE,side_bias,side_bias[40],0.023938409461599,0.0253389695,-0.41577387800000004,0.4661443074999998,1.001339924942202,8767.199007531823,2807.1735692266066,-0.16566839
M4_block_alpha_full_response,5,0.3282103768057475,0.10772205144297076,FALSE,side_bias,side_bias[41],0.0197784968057475,0.0199484365,-0.28828053750000004,0.3271489449999998,1.000408681982328,10230.256673077252,2986.992039738118,-0.30843188
M4_block_alpha_full_response,5,-0.15302070444054125,0.02341533598747948,TRUE,side_bias,side_bias[42],-0.17595314044054125,-0.179670585,-0.49812667450000003,0.13867207149999988,1.0010683687261488,8368.638797173182,3015.390706007375,-0.022932436
M4_block_alpha_full_response,5,-0.6652749056633975,0.4425907001054425,FALSE,side_bias,side_bias[43],-0.2949833556633975,-0.289065255,-0.7744349405000001,0.17021774599999956,1.000480134067558,9077.95727811678,2515.8963840715405,0.37029155
M4_block_alpha_full_response,5,0.09696457844036019,0.009402129472116764,TRUE,side_bias,side_bias[44],0.23915840844036018,0.240238285,-0.19354159599999998,0.6896658685,1.0003140719145014,6634.428075901222,2424.3343361994293,0.14219383
M4_block_alpha_full_response,5,-0.13964202667406797,0.01949989561364111,TRUE,side_bias,side_bias[45],0.129987863325932,0.124215785,-0.293964314,0.5476999219999998,1.0008149334408907,8799.295392003729,3197.325392468163,0.26962989
M4_block_alpha_full_response,5,0.04203167147651002,0.0017666614071092659,TRUE,side_bias,side_bias[46],-0.24703945852349,-0.245834,-0.6198183515,0.12474062299999993,0.9995912038682889,9976.42298222003,2726.7967430619537,-0.28907113
M4_block_alpha_full_response,5,0.037932541384145035,0.0014388776958598757,TRUE,side_bias,side_bias[47],-0.425000588615855,-0.418995295,-0.8299767625000001,-0.038832394150000046,1.0015558612657627,8043.372961056463,2769.130020095028,-0.46293313
M4_block_alpha_full_response,5,0.10327236431713901,0.010665181231651888,TRUE,side_bias,side_bias[48],-0.199674855682861,-0.19709578,-0.492891999,0.0944764290499998,1.0009450216231845,8631.649592672737,2771.451125392599,-0.30294722
M4_block_alpha_full_response,5,-0.07015466072295476,0.004921676421152891,TRUE,side_bias,side_bias[49],0.10907469927704525,0.10671215,-0.182153353,0.3944900844999998,1.0028689511535365,9683.421382102884,3012.0493326784326,0.17922936
M4_block_alpha_full_response,5,0.10262981055703577,0.01053287801497305,TRUE,side_bias,side_bias[50],-0.22906103944296421,-0.224542365,-0.570133582,0.09951839844999999,1.0003854883308387,10615.48641740212,2885.9835049307426,-0.33169085
M4_block_alpha_full_response,5,0.31514780795134256,0.0993181408565363,TRUE,side_bias,side_bias[51],0.5025453679513425,0.5003673200000001,0.13421931050000002,0.8775315064999997,1.0011415133390085,7858.831342193463,3341.2207381463895,0.18739756
M4_block_alpha_full_response,5,0.66131316773875,0.4373351058246602,FALSE,side_bias,side_bias[52],1.05640707773875,1.0427035500000001,0.5627056505,1.5722637149999998,1.0003622090716466,8054.309629652283,2965.1301616791266,0.39509391
M4_block_alpha_full_response,5,-0.2695939397577833,0.07268089235412328,TRUE,side_bias,side_bias[53],-0.23206771475778326,-0.22954502,-0.5474178864999999,0.07056764834999998,1.000790014566796,9351.871191875503,2831.616826006557,0.037526225
M4_block_alpha_full_response,5,0.10529065886300845,0.011086122843806421,TRUE,side_bias,side_bias[54],-0.15806383113699154,-0.158883865,-0.44541676849999995,0.12427153749999996,1.0011602253849712,9182.43531438027,2581.379794480968,-0.26335449
M4_block_alpha_full_response,5,0.14353091218369002,0.020601122752282135,TRUE,side_bias,side_bias[55],-0.07716190781631,-0.07455959849999999,-0.4660195345,0.3174601074999993,0.9998716717409518,12548.220525465316,2697.127841351434,-0.22069282
M4_block_alpha_full_response,5,0.19335153067449995,0.037384814414172095,TRUE,side_bias,side_bias[56],-0.8345422693255,-0.8340472800000001,-1.204551745,-0.48028188450000003,1.0017926495031693,7928.236219483299,2735.9926536137477,-1.0278938
M4_block_alpha_full_response,5,-0.005637675895500016,3.1783389502701906e-5,TRUE,side_bias,side_bias[57],-0.7789886958955,-0.778205115,-1.1059970849999998,-0.4557465075000002,1.0006793551823725,8797.964432305736,2621.6959421936726,-0.77335102
M4_block_alpha_full_response,5,-0.226559677721825,0.05132928756941721,TRUE,side_bias,side_bias[58],-0.427793297721825,-0.423516715,-0.8097625980000001,-0.05331929450000004,1.000458686649806,8911.00373256175,3111.317071900156,-0.20123362
M4_block_alpha_full_response,5,-0.3398185655827499,0.11547665751471771,TRUE,side_bias,side_bias[59],-1.24509076558275,-1.2284587500000002,-1.91389986,-0.6277149210000003,1.000869699485963,7526.229053994644,3285.0079064506026,-0.9052722
M4_block_alpha_full_response,5,0.07724449455268076,0.0059667119386991275,TRUE,side_bias,side_bias[60],0.12629251655268076,0.12199233000000001,-0.3566677485,0.6180728999999994,1.0020524576731913,9393.604954365135,2914.4276471651015,0.049048022
M4_block_alpha_full_response,5,0.23094770332705872,0.053336841672043125,TRUE,side_bias,side_bias[61],-0.02240838667294125,-0.0219234465,-0.415839246,0.3815179369999997,1.0033769139547757,9765.531943453336,3010.7500813353736,-0.25335609
M4_block_alpha_full_response,5,-0.35868067157081784,0.12865182415849288,FALSE,side_bias,side_bias[62],-0.3108015445708178,-0.311937255,-0.615044842,-0.00584917434000022,1.0012836130116318,10529.529743616356,2684.5328341717945,0.047879127
M4_block_alpha_full_response,5,-0.058102968647625985,0.003375954965667008,TRUE,side_bias,side_bias[63],-0.273241298647626,-0.270227425,-0.6537027644999999,0.09701519454999993,1.0015191728667143,10959.580556722354,2891.698756453428,-0.21513833
M4_block_alpha_full_response,5,0.07247190476778753,0.0052521769806712654,TRUE,side_bias,side_bias[64],-0.3406030952322125,-0.33831695500000003,-0.730320113,0.0423403482999999,1.0008509063663014,8180.402282312031,2821.425685261094,-0.413075
M4_block_alpha_full_response,5,0.256530065069975,0.0658076742848056,TRUE,side_bias,side_bias[65],-0.473616914930025,-0.4689041,-0.8843580305000001,-0.08920908850000007,0.999529641404271,9454.809365525718,3334.8893926903615,-0.73014698
M4_block_alpha_full_response,5,0.63739394811191,0.4062710450896882,FALSE,delta_alpha,delta_alpha[1],-0.12635748188809,-0.133886125,-0.7304684180000001,0.5988714384999995,1.0007449709828966,4936.395799681329,2864.541635237861,-0.76375143
M4_block_alpha_full_response,5,0.23150405479537176,0.05359412738669849,TRUE,delta_alpha,delta_alpha[2],0.17549368279537175,0.08281034949999999,-0.4438623775,0.8694364219999997,0.9998344850110902,6190.876810499671,3172.8127268398844,-0.056010372
M4_block_alpha_full_response,5,-0.014575457640798475,2.1244396543871065e-4,TRUE,delta_alpha,delta_alpha[3],-0.004557647640798475,-0.0014310081000000001,-0.03803539894999999,0.021679766349999994,1.0011301396556425,4311.990009447203,2797.2268531655427,0.01001781
M4_block_alpha_full_response,5,-0.2934942694541183,0.08613888620240658,FALSE,delta_alpha,delta_alpha[4],-0.16581227945411828,-0.163879805,-0.44233852049999994,0.0981628484999997,1.000835628468896,5272.461943859316,2942.815955149349,0.12768199
M4_block_alpha_full_response,5,0.057183875542415774,0.003269995622050497,TRUE,delta_alpha,delta_alpha[5],0.18488784554241577,0.193484035,-0.46170231999999994,0.785669458,0.9996178335983501,5620.147517153833,2425.1144841568753,0.12770397
M4_block_alpha_full_response,5,0.09035977038182508,0.008164888103456152,TRUE,delta_alpha,delta_alpha[6],0.646994010381825,0.6868676300000001,0.24037015100000003,0.911017747,0.9999373436562636,6785.71125446553,2630.197586508693,0.55663424
M4_block_alpha_full_response,5,0.1330088259467585,0.0176913477797351,TRUE,delta_alpha,delta_alpha[7],0.1183603759467585,0.059116467,-0.6231940905,0.8620235484999998,1.000307355057677,5194.270018151663,3301.7693060730335,-0.01464845
M4_block_alpha_full_response,5,0.37794196947297926,0.14284013228911438,TRUE,delta_alpha,delta_alpha[8],0.35065431547297926,0.41141226,-0.5217407074999999,0.939923316,0.9998519973736613,4529.167196819937,2935.151088169929,-0.027287654
M4_block_alpha_full_response,5,-0.21768346185302026,0.04738608956431533,TRUE,delta_alpha,delta_alpha[9],0.22965019814697976,0.190216845,-0.5646448594999999,0.9218972109999999,1.0015982700485373,6172.401670640904,3235.4405925732162,0.44733366
M4_block_alpha_full_response,5,0.006744404874663225,4.548699711338108e-5,TRUE,delta_alpha,delta_alpha[10],0.007610752974663225,0.00615395925,-8.605591274999998e-4,0.021772981499999997,0.9998345234643671,4638.42456134662,3386.3363986241156,8.663481e-4
M4_block_alpha_full_response,5,-0.22196763564432492,0.04926963127353178,TRUE,delta_alpha,delta_alpha[11],0.493585244355675,0.51021893,0.029918604250000022,0.901303038,0.9996332860368838,6264.95836877518,2604.670740017454,0.71555288
M4_block_alpha_full_response,5,-0.14776205529207498,0.02183362498413822,FALSE,delta_alpha,delta_alpha[12],-0.271803365292075,-0.268720175,-0.40813945700000004,-0.14273711000000003,1.001181674227275,4121.655798980536,2724.5893904237487,-0.12404131
M4_block_alpha_full_response,5,0.260987282597963,0.068114361677869,TRUE,delta_alpha,delta_alpha[13],0.088603862597963,0.0377077065,-0.642511135,0.831990093,1.0005706653906004,5230.976701582748,2994.240986333959,-0.17238342
M4_block_alpha_full_response,5,0.14538186360192526,0.0211358862643688,TRUE,delta_alpha,delta_alpha[14],0.14930707550192526,0.16728553000000002,-0.5288894705,0.7619941719999997,1.0006775095799592,4377.812207480784,2164.1419720312383,0.0039252119
M4_block_alpha_full_response,5,-0.021109940346615008,4.456295814376442e-4,TRUE,delta_alpha,delta_alpha[15],0.488420869653385,0.55734971,-0.15818114049999996,0.9265352809999999,1.0003494826945314,2867.3751142719543,2836.342923339477,0.50953081
M4_block_alpha_full_response,5,-0.912200129606637,0.8321090764543653,FALSE,delta_alpha,delta_alpha[16],0.039370830393363,0.0168274205,-0.6802967894999999,0.7854614394999999,1.0002728525272477,5592.5084279218,3332.024979788148,0.95157096
M4_block_alpha_full_response,5,0.5236733559546197,0.2742337837367739,TRUE,delta_alpha,delta_alpha[17],0.15508928595461974,0.137947635,-0.6549451905,0.8795685579999999,1.0018531943234523,5917.6018170095585,2555.634154634832,-0.36858407
M4_block_alpha_full_response,5,-0.06171861336319995,0.003809187235476163,TRUE,delta_alpha,delta_alpha[18],0.5989728866368,0.62978948,0.12777834,0.9538656319999999,1.0002342900482661,6534.4350859302485,2599.2086303234755,0.6606915
M4_block_alpha_full_response,5,-0.3871035737698727,0.14984917682540727,TRUE,delta_alpha,delta_alpha[19],0.07846369623012725,0.0384797,-0.6660032794999999,0.8152833219999996,1.0003250488810382,6487.876478579315,2778.6950358147105,0.46556727
M4_block_alpha_full_response,5,0.6850273682309176,0.46926249522537716,TRUE,delta_alpha,delta_alpha[20],0.1396719482309175,0.10178265,-0.670906899,0.8777764259999999,1.000587550791866,7383.612322988809,2725.5895000287205,-0.54535542
M4_block_alpha_full_response,5,-0.018725468336982465,3.5064316443933285e-4,TRUE,delta_alpha,delta_alpha[21],0.43056522166301753,0.42537637500000003,0.005397384040000004,0.854915494,1.0005258069970928,5469.86106371024,3154.8159293969024,0.44929069
M4_block_alpha_full_response,5,-0.35913498626567975,0.12897793836004998,TRUE,delta_alpha,delta_alpha[22],0.10871319373432024,0.0513975195,-0.6384867515,0.8441378034999999,1.0003357523019374,5442.415785868376,2880.8613614257793,0.46784818
M4_block_alpha_full_response,5,0.019312558794730997,3.729749271999416e-4,TRUE,delta_alpha,delta_alpha[23],0.034131187794731,0.033272383,0.0135564814,0.05766641449999999,0.9995362484280756,4803.3950773446895,2704.424630969229,0.014818629
M4_block_alpha_full_response,5,0.033436385662249934,0.001117991886154713,TRUE,delta_alpha,delta_alpha[24],0.89458235566225,0.934684375,0.6865323385000001,0.9893010215,1.0006690004881105,3315.504120216498,2046.4664346406898,0.86114597
M4_block_alpha_full_response,5,-0.7704930316541014,0.5936595118275282,FALSE,delta_alpha,delta_alpha[25],-0.0961710316541015,-0.097116947,-0.734010122,0.6475791255,0.9996527697246221,4021.4728853706356,2921.9064673201174,0.674322
M4_block_alpha_full_response,5,0.014976516175386251,2.24296036751606e-4,TRUE,delta_alpha,delta_alpha[26],0.01825132117538625,0.015580051000000001,1.658640930000004e-4,0.04541192459999999,1.00196283154073,4343.926044214358,2478.4147197606867,0.003274805
M4_block_alpha_full_response,5,0.11827613885565999,0.013989245022603363,TRUE,delta_alpha,delta_alpha[27],0.24538612885566,0.238052255,0.074831021,0.4605333219999997,1.000513182022076,5789.166442612002,2508.2715621811612,0.12710999
M4_block_alpha_full_response,5,0.43226042733215,0.1868490770373729,TRUE,delta_alpha,delta_alpha[28],0.29772466733215,0.314380475,-0.5077301259999999,0.919538891,1.0001742328181986,6634.96350120712,3082.269781058034,-0.13453576
M4_block_alpha_full_response,5,0.1458050655976125,0.021259117153924083,TRUE,delta_alpha,delta_alpha[29],-0.2237874144023875,-0.173856455,-0.752441036,0.1845719314999976,1.0018341904533747,3250.070576536574,1706.8093752143147,-0.36959248
M4_block_alpha_full_response,5,0.604435102553625,0.36534179319901117,FALSE,delta_alpha,delta_alpha[30],0.717605762553625,0.79229516,0.1918181185,0.976752296,1.0006100455059368,4409.712698481802,2309.9209833753293,0.11317066
M4_block_alpha_full_response,5,0.15075604846275498,0.022727386148104527,TRUE,delta_alpha,delta_alpha[31],-0.079075561537245,-0.06865205299999999,-0.672087213,0.5378258144999988,1.0004892300295731,4411.5692435544215,2905.232954974495,-0.22983161
M4_block_alpha_full_response,5,-0.07823063979442502,0.006120033002645075,TRUE,delta_alpha,delta_alpha[32],0.739182580205575,0.76594554,0.445373262,0.9453930155,1.0005710822152245,6127.901920685151,2935.334336468878,0.81741322
M4_block_alpha_full_response,5,-0.43567429387061807,0.18981209033966168,TRUE,delta_alpha,delta_alpha[33],0.07572644612938195,0.041995395500000005,-0.828170741,0.8907988020000001,0.9995807108642173,5344.327158797777,2969.69070937747,0.51140074
M4_block_alpha_full_response,5,-0.284264980581475,0.08080657918498635,TRUE,delta_alpha,delta_alpha[34],0.365123269418525,0.34421001500000004,0.12625798200000002,0.6731041855000001,0.9999822810074968,6874.4003986763955,2139.3136413686498,0.64938825
M4_block_alpha_full_response,5,0.012684891866823176,1.6090648167299676e-4,FALSE,delta_alpha,delta_alpha[35],0.017125967166823176,0.015998737,0.0049605928,0.03289315875,1.0010038656600408,4045.5667383858413,3024.3732962947324,0.0044410753
M4_block_alpha_full_response,5,-0.07647346701627675,0.005848191157489567,TRUE,delta_alpha,delta_alpha[36],0.02861512298372325,0.0048586372,-0.65596426,0.7053407069999998,1.0001399478016297,5142.212055126443,2846.9971619834514,0.10508859
M4_block_alpha_full_response,5,0.24842216866132,0.06171357388239332,TRUE,delta_alpha,delta_alpha[37],0.27620319366132,0.30446631,-0.462006643,0.8729619365,1.0004777664241453,5831.182816356616,2968.046853376771,0.027781025
M4_block_alpha_full_response,5,0.2677086633072135,0.07166792840973499,TRUE,delta_alpha,delta_alpha[38],0.0117486933072135,-8.7153785e-4,-0.429665958,0.5019337155,1.001139636594137,3946.8580568302814,1589.1326425605102,-0.25595997
M4_block_alpha_full_response,5,0.40320069556003324,0.1625708009000946,TRUE,delta_alpha,delta_alpha[39],-0.28469259443996675,-0.32798780000000005,-0.8985209574999999,0.5451722554999998,1.0013131126737909,3429.3002294215366,3254.391168832973,-0.68789329
M4_block_alpha_full_response,5,0.018185875977704574,3.307260850764523e-4,FALSE,delta_alpha,delta_alpha[40],0.016533184277704574,0.014185902,-0.00106432421,0.043220816599999975,1.0010226728508698,4379.903625905487,2845.317991887617,-0.0016526917
M4_block_alpha_full_response,5,-0.058559535922760995,0.0034292192474891354,TRUE,delta_alpha,delta_alpha[41],-0.066077051322761,-0.0531669845,-0.7754952500000001,0.7217066909999993,0.9996687952145337,3867.896925388929,3093.4818032987814,-0.0075175154
M4_block_alpha_full_response,5,0.4093267012067375,0.16754834832078974,TRUE,delta_alpha,delta_alpha[42],0.5091401952067375,0.603529635,-0.2024223145,0.9518211735,0.999488865417072,4341.1562049183085,2799.973530897727,0.099813494
M4_block_alpha_full_response,5,-0.3793842042440665,0.14393237442990356,FALSE,delta_alpha,delta_alpha[43],-0.0913842142440665,-0.0982160535,-0.4107657155,0.2458791455,1.0002471797936119,5371.465133636582,2790.4823656356916,0.28799999
M4_block_alpha_full_response,5,0.013483399233392479,1.818020548870489e-4,TRUE,delta_alpha,delta_alpha[44],0.3643501692333925,0.395653975,-0.29588481999999994,0.8934053120000001,1.0014804035255558,7435.8651168168135,3274.9773126961486,0.35086677
M4_block_alpha_full_response,5,0.41462689150491,0.1719154591590244,TRUE,delta_alpha,delta_alpha[45],0.40949909190491,0.44445422,-0.16622449999999991,0.8714738869999998,1.00177177564654,6485.119674634343,3051.595355337908,-0.0051277996
M4_block_alpha_full_response,5,-0.14551473250526004,0.02117453737607738,TRUE,delta_alpha,delta_alpha[46],0.43992757749474,0.43209812999999997,0.17668767549999997,0.7425870729999999,1.000299812139801,5604.075287395205,2537.3225363974834,0.58544231
M4_block_alpha_full_response,5,0.211501589900736,0.044732922530539114,TRUE,delta_alpha,delta_alpha[47],0.106826579900736,0.048173102999999995,-0.68997044,0.8570767144999997,0.9997648305191879,4629.514231361886,3229.1621110272454,-0.10467501
M4_block_alpha_full_response,5,0.8140300112076695,0.6626448591467585,FALSE,delta_alpha,delta_alpha[48],0.2128672312076695,0.13358715999999998,-0.549325089,0.9246442029999998,1.000717511428076,5892.637804620199,3096.4359473475165,-0.60116278
M4_block_alpha_full_response,5,-0.18349016182063477,0.03366863948496273,TRUE,delta_alpha,delta_alpha[49],0.12898175817936525,0.099680827,-0.654204139,0.8568286679999998,1.0002425378901767,5913.927787968994,2851.238228215633,0.31247192
M4_block_alpha_full_response,5,0.008898717136297474,7.91871666718343e-5,TRUE,delta_alpha,delta_alpha[50],-0.3079010628637025,-0.36681518,-0.8090578104999999,0.3774765095,1.0009673626542557,3470.809780659272,3155.861473693853,-0.31679978
M4_block_alpha_full_response,5,-0.1423184021221945,0.020254527582614652,TRUE,delta_alpha,delta_alpha[51],-0.3987298321221945,-0.39387337,-0.804891645,-0.031665285050000005,1.0011572058107023,5890.406485455572,2682.5177192893407,-0.25641143
M4_block_alpha_full_response,5,0.02003778157077423,4.015126902780594e-4,TRUE,delta_alpha,delta_alpha[52],-0.03479815942922577,-0.0252470385,-0.11437260199999999,0.015902171549999986,0.9997782786142854,6033.578744903711,3057.546560659218,-0.054835941
M4_block_alpha_full_response,5,-0.09951226331171373,0.009902690549419847,TRUE,delta_alpha,delta_alpha[53],0.21440307668828626,0.190351535,-0.5257841055,0.8827033584999998,1.0053985393755984,5856.871265418901,2734.4719570064485,0.31391534
M4_block_alpha_full_response,5,-0.845663196780661,0.715146242389287,FALSE,delta_alpha,delta_alpha[54],0.086112793219339,0.012639335,-0.6280089339999999,0.8593869619999999,1.0012159764855337,3756.576469962971,3028.5278673135003,0.93177599
M4_block_alpha_full_response,5,0.194978304511565,0.03801653923020457,TRUE,delta_alpha,delta_alpha[55],0.249403552511565,0.25653286,-0.29803333749999994,0.757749299,1.0044589938113733,5513.055080495677,2836.8927971474827,0.054425248
M4_block_alpha_full_response,5,0.33314736682643725,0.11098716802338875,TRUE,delta_alpha,delta_alpha[56],0.02050513682643725,0.0156301085,-0.794927633,0.8340980929999998,0.9996310508643209,5733.513457693647,3058.2063872944373,-0.31264223
M4_block_alpha_full_response,5,0.7508194998809785,0.5637299214015227,TRUE,delta_alpha,delta_alpha[57],0.0718764098809785,0.040441284499999994,-0.723134263,0.8321613489999994,1.0007160838744884,4752.324116271617,2823.49860267929,-0.67894309
M4_block_alpha_full_response,5,2.810180665611202e-4,7.897115373375018e-8,TRUE,delta_alpha,delta_alpha[58],-6.696387834388798e-4,-3.77616245e-4,-0.0336380228,0.0324650687,0.9996803752283488,4190.609940606935,2816.2395767844932,-9.5065685e-4
M4_block_alpha_full_response,5,-0.016837067761118516,2.8348685079249646e-4,TRUE,delta_alpha,delta_alpha[59],-0.015047872161118515,-0.013539963499999998,-0.07254268235,0.03600300784999998,0.9997103083507521,4954.008049942837,3364.740562389833,0.0017891956
M4_block_alpha_full_response,5,-0.10563861048279999,0.01115951602473674,TRUE,delta_alpha,delta_alpha[60],-0.3439264104828,-0.348048395,-0.5525518920000001,-0.12933049900000002,1.0012467914822145,4466.873705447611,3214.8944410195113,-0.2382878
M4_block_alpha_full_response,5,0.09718930172142504,0.009445760369098192,TRUE,delta_alpha,delta_alpha[61],0.406252731721425,0.365309855,0.20368986449999998,0.7702895194999996,1.0021107920264234,3110.0685163340836,1797.8392339211412,0.30906343
M4_block_alpha_full_response,5,-0.7971184389005243,0.6353978056352089,FALSE,delta_alpha,delta_alpha[62],-0.01197546890052425,0.00404017615,-0.784229516,0.7658479714999997,1.0002054474322908,6797.154024933704,3123.354949809187,0.78514297
M4_block_alpha_full_response,5,0.1364017828663865,0.018605446369128847,TRUE,delta_alpha,delta_alpha[63],0.1165614538663865,0.09953428149999999,-0.49242923,0.8108669234999999,1.00041301558645,3058.7868208231253,2579.0874477921734,-0.019840329
M4_block_alpha_full_response,5,-3.0099044909074994e-4,9.059525044385133e-8,TRUE,delta_alpha,delta_alpha[64],-0.00533356884909075,0.018426365,-0.5370540625,0.36123786799999996,1.0020518690803792,4477.610837287752,2270.5288114600394,-0.0050325784
M4_block_alpha_full_response,5,0.08501182219828002,0.0072270099134719755,TRUE,delta_alpha,delta_alpha[65],0.14134324419828,0.11008632,-0.0751472818,0.46955220699999944,1.0009340669516835,5635.778697899273,2608.86565013392,0.056331422
M4_block_alpha_full_response,5,2.8342066777221575,8.03272749204487,FALSE,delta_log_alpha,delta_log_alpha[1],-0.2727505222778425,-0.361124515,-2.31821639,2.2201485849999987,1.0017808632057403,4080.3381010694125,2720.5822583860063,-3.1069572
M4_block_alpha_full_response,5,2.8585049721410525,8.171050675755119,TRUE,delta_log_alpha,delta_log_alpha[2],0.9447705721410525,0.907336535,-3.2252689300000004,5.212744869999998,0.9998412226870498,6042.366316411627,2962.3094225825066,-1.9137344
M4_block_alpha_full_response,5,-0.631295387411503,0.39853386616703973,TRUE,delta_log_alpha,delta_log_alpha[3],-0.120907817411503,-0.07762425,-1.549894935,1.146009679999999,1.0034963203330323,4164.411917728566,2523.3681113229045,0.51038757
M4_block_alpha_full_response,5,-0.6693294730060142,0.44800194343450866,TRUE,delta_log_alpha,delta_log_alpha[4],-0.48906551300601425,-0.50438091,-1.2682268749999999,0.30274504649999984,1.0008941747478075,5692.737756291485,2744.2611006687357,0.18026396
M4_block_alpha_full_response,5,0.7310117774504017,0.5343782187711956,TRUE,delta_log_alpha,delta_log_alpha[5],1.0640490374504017,0.84959213,-1.342057295,4.18207251,0.9997362137967807,5834.356918233024,2407.5412955143274,0.33303726
M4_block_alpha_full_response,5,0.8487121697847999,0.720312347140823,TRUE,delta_log_alpha,delta_log_alpha[6],1.6792544797848,1.56489375,0.36216968650000003,3.3492340099999995,1.0002917057407508,6678.869264175091,2549.4907775687616,0.83054231
M4_block_alpha_full_response,5,1.265627744060675,1.6018135865361132,TRUE,delta_log_alpha,delta_log_alpha[7],0.921676314060675,0.763174045,-3.47582992,5.462632549999999,1.0008028708507997,6860.720784082825,2531.8202193776065,-0.34395143
M4_block_alpha_full_response,5,2.1903567808383424,4.7976628273645066,TRUE,delta_log_alpha,delta_log_alpha[8],1.8492117208383425,1.71812955,-2.689038865,6.202844534999999,0.9998098800710707,4737.414026908632,3133.0268378610363,-0.34114506
M4_block_alpha_full_response,5,-0.7762979257092075,0.6026384694604183,TRUE,delta_log_alpha,delta_log_alpha[9],1.4093326742907926,1.27249635,-2.6905319550000004,5.669524234999999,1.0018930629691771,7778.999472706488,2740.4263636290216,2.1856306
M4_block_alpha_full_response,5,0.923370842491775,0.8526137127639705,TRUE,delta_log_alpha,delta_log_alpha[10],1.460840342491775,1.4060514999999998,-0.5505359274999999,3.6489398349999993,1.0009204070448008,3188.483902756642,3266.4030000432085,0.5374695
M4_block_alpha_full_response,5,0.5009253153323501,0.25092617154081437,TRUE,delta_log_alpha,delta_log_alpha[11],2.15028111533235,1.9074989,0.12434858600000002,5.032192124999999,1.001044388036603,5815.827132555761,2266.115655805686,1.6493558
M4_block_alpha_full_response,5,-0.5466951096355,0.2988755428993714,FALSE,delta_log_alpha,delta_log_alpha[12],-1.1510465796355,-1.1541071,-1.62369194,-0.6676884425000001,1.0016108334943994,3901.747606434862,3177.2702861846365,-0.60435147
M4_block_alpha_full_response,5,2.7638036949906275,7.638610864443845,TRUE,delta_log_alpha,delta_log_alpha[13],0.5615475949906275,0.566250605,-3.9566194599999998,4.95104632,1.002589082661651,7955.446683986711,3148.995722331007,-2.2022561
M4_block_alpha_full_response,5,0.30787786354490204,0.09478877886097332,TRUE,delta_log_alpha,delta_log_alpha[14],0.317486298644902,0.281218205,-2.1967710849999995,2.6018454499999963,1.0005528226699043,3180.0044258404546,2226.3633859836614,0.0096084351
M4_block_alpha_full_response,5,0.7380838942068675,0.5447678348875744,TRUE,delta_log_alpha,delta_log_alpha[15],1.9014926942068675,1.8369583999999999,-1.352531315,5.223147539999999,1.0005560652468057,2554.08153322914,1723.258453155988,1.1634088
M4_block_alpha_full_response,5,-4.403675198772067,19.392355256280204,FALSE,delta_log_alpha,delta_log_alpha[16],0.2348553012279325,0.16499342,-4.021708019999999,4.592239584999999,0.9996266148251729,5613.785207297365,3302.493811460672,4.6385305
M4_block_alpha_full_response,5,1.464232816603195,2.143977741217726,TRUE,delta_log_alpha,delta_log_alpha[17],0.978635246603195,0.508668525,-1.9465667649999998,4.748900329999998,1.000331444816649,5686.847601211015,3046.3798573279264,-0.48559757
M4_block_alpha_full_response,5,-2.6253073658787254,6.892238765337091,TRUE,delta_log_alpha,delta_log_alpha[18],3.140195834121275,2.97415955,0.6542640204999999,6.38219561,0.9998719319075373,6699.773468560622,2827.9025861963387,5.7655032
M4_block_alpha_full_response,5,-3.2992018691417626,10.8847329733485,TRUE,delta_log_alpha,delta_log_alpha[19],0.5310892308582374,0.31130234,-3.1411297100000004,4.567128049999999,1.0004184866204633,6005.808023979306,2558.6634032509724,3.8302911
M4_block_alpha_full_response,5,2.8036164014986826,7.860264926752422,TRUE,delta_log_alpha,delta_log_alpha[20],0.8790264014986825,0.69105972,-3.1426545,5.1075777749999975,1.0028964794539001,5849.842173183454,2424.262840358215,-1.92459
M4_block_alpha_full_response,5,-0.8718657500390001,0.7601498860910683,TRUE,delta_log_alpha,delta_log_alpha[21],1.705311849961,1.5872511999999999,0.023804295150000095,3.7310927499999997,1.0010796478952497,6981.2280203399705,2810.0444962748684,2.5771776
M4_block_alpha_full_response,5,-0.11749835513179252,0.013805863458676834,TRUE,delta_log_alpha,delta_log_alpha[22],0.5487351148682075,0.47740516,-3.648134015,4.948173989999999,1.00022222741146,5338.444656949439,2992.9529922627835,0.66623347
M4_block_alpha_full_response,5,1.8588321224275,3.4552568593683244,FALSE,delta_log_alpha,delta_log_alpha[23],3.4856229224275,3.30105515,1.816617455,5.933959524999997,0.999966112625914,4957.945873051444,2851.271023586761,1.6267908
M4_block_alpha_full_response,5,2.7173851491630248,7.384182048891755,TRUE,delta_log_alpha,delta_log_alpha[24],4.861861549163025,4.82968795,1.77334414,7.526257895,1.0012319539912882,4006.5386432760138,1779.7853950468304,2.1444764
M4_block_alpha_full_response,5,-1.2815986071511098,1.6424949898516648,TRUE,delta_log_alpha,delta_log_alpha[25],-0.08427520715110999,-0.17004318000000002,-2.444002335,3.393592739999992,0.9999435524040164,2998.1486091280644,2302.7713480034317,1.1973234
M4_block_alpha_full_response,5,0.9491653852451251,0.9009149285475266,TRUE,delta_log_alpha,delta_log_alpha[26],1.660304835245125,1.61720935,0.07251813015,3.3879811849999992,1.0019855091260297,3668.39715094888,2400.2081498578527,0.71113945
M4_block_alpha_full_response,5,0.8059427947438751,0.649543788399568,TRUE,delta_log_alpha,delta_log_alpha[27],3.052743894743875,2.9562758000000002,0.57104317550000006,6.030233815000001,1.0003192370394591,8117.194906244382,3103.147127492753,2.2468011
M4_block_alpha_full_response,5,1.907142097536955,3.6371909801976567,TRUE,delta_log_alpha,delta_log_alpha[28],1.649668717536955,1.38196625,-1.6533298050000003,5.6855305,1.001224252580287,5776.792394316448,2608.49602492388,-0.25747338
M4_block_alpha_full_response,5,2.0278668607273254,4.112244004836097,TRUE,delta_log_alpha,delta_log_alpha[29],-2.923411139272675,-3.20443865,-6.172362335,1.3764546499999968,1.0006749935126094,2552.0458553177314,1763.9358555494264,-4.951278
M4_block_alpha_full_response,5,3.582569233534775,12.834802313069945,FALSE,delta_log_alpha,delta_log_alpha[30],3.717419973534775,3.62801115,0.6703683060000001,6.898089789999994,1.0037015255728412,5254.8143193561855,2573.462777144451,0.13485074
M4_block_alpha_full_response,5,0.44512542590574,0.19813664478776644,TRUE,delta_log_alpha,delta_log_alpha[31],0.09402621590574001,-0.14456478,-1.4405651400000001,2.285129119999997,1.0008943399579786,4819.424160039437,2992.4660092741806,-0.35109921
M4_block_alpha_full_response,5,0.7955558373464997,0.6329090903360903,TRUE,delta_log_alpha,delta_log_alpha[32],2.7508517373465,2.6808437,1.1433269050000001,4.617016399999995,1.0022570421144885,6182.212104883629,1924.0917895233322,1.9552959
M4_block_alpha_full_response,5,-0.6189361314359552,0.38308193479690594,TRUE,delta_log_alpha,delta_log_alpha[33],0.5896373685640448,0.392080025,-3.871013755,5.413734824999999,1.0000190254136843,5816.961270013893,3188.326071719104,1.2085735
M4_block_alpha_full_response,5,-0.3983646334578501,0.15869438119000728,TRUE,delta_log_alpha,delta_log_alpha[34],3.49253876654215,3.2928850499999998,1.2049243750000003,6.52722456,1.0017929907541583,5790.303845529297,2350.2271818123286,3.8909034
M4_block_alpha_full_response,5,1.3229952992118,1.75031656173652,TRUE,delta_log_alpha,delta_log_alpha[35],2.6170736992118,2.4075521,1.2772166900000002,4.634009389999999,1.0004076400429394,4024.864500642015,2725.125782285038,1.2940784
M4_block_alpha_full_response,5,-0.881362070135822,0.7767990986741017,TRUE,delta_log_alpha,delta_log_alpha[36],0.207962829864178,0.148033845,-4.209872835,4.728998074999998,1.0007485476565348,5825.478155296028,2720.3080878994765,1.0893249
M4_block_alpha_full_response,5,0.0573982275466125,0.0032945565254927063,TRUE,delta_log_alpha,delta_log_alpha[37],1.1106356275466125,0.91834594,-1.11160856,3.8273034499999974,0.9999331667185396,5999.52898173293,2475.2158725537693,1.0532374
M4_block_alpha_full_response,5,0.6403922880389863,0.41010228257980796,TRUE,delta_log_alpha,delta_log_alpha[38],0.11176777803898624,-0.001014712455,-0.691291241,1.086089959999997,1.0012253346172817,3444.916454470814,1118.652280158939,-0.52862451
M4_block_alpha_full_response,5,1.3746129951538069,1.8895608864457198,TRUE,delta_log_alpha,delta_log_alpha[39],-1.497540104846193,-1.6830227999999998,-4.92267896,2.5028423049999984,1.0011049029087353,3140.0997357446863,2343.930534608131,-2.8721531
M4_block_alpha_full_response,5,2.7952634343977,7.813497667680824,FALSE,delta_log_alpha,delta_log_alpha[40],1.5983869343977,1.56682935,-0.45738053349999996,3.7577288199999987,1.0001773295324,3363.364497663848,2711.394174267371,-1.1968765
M4_block_alpha_full_response,5,-0.413288771927955,0.1708076090017172,TRUE,delta_log_alpha,delta_log_alpha[41],-0.492336783927955,-0.68521179,-4.182111455,4.009394614999997,0.9997246032119157,4187.998876549717,2648.5426969864416,-0.079048012
M4_block_alpha_full_response,5,1.159308079360875,1.3439952228714007,TRUE,delta_log_alpha,delta_log_alpha[42],2.571116179360875,2.42295755,-0.567342608,6.432517279999998,1.0021163996584694,5290.909076157288,2535.767425354616,1.4118081
M4_block_alpha_full_response,5,-0.7823770046099552,0.6121137773424459,FALSE,delta_log_alpha,delta_log_alpha[43],-0.18368545460995525,-0.18037537,-0.8921031920000001,0.47427221299999983,1.0004109232647906,5519.059361370948,2895.726712619094,0.59869155
M4_block_alpha_full_response,5,0.6721641558072026,0.4518046523520093,TRUE,delta_log_alpha,delta_log_alpha[44],1.2079273158072026,0.972333235,-0.7213217344999999,3.7917433249999988,1.0009761943693611,5462.334426797556,2364.3471687853,0.53576316
M4_block_alpha_full_response,5,1.1217699966841401,1.2583679254607358,TRUE,delta_log_alpha,delta_log_alpha[45],1.11253750128414,0.9007574650000001,-0.36902490349999995,3.3228877800000003,1.0015371538257192,4813.569611096495,2268.124659998652,-0.0092324954
M4_block_alpha_full_response,5,1.0007230688060749,1.001446660440648,TRUE,delta_log_alpha,delta_log_alpha[46],2.533619368806075,2.4458051999999997,0.7302048864999999,4.61352988,1.00055874168988,6624.730993597311,2368.477541504677,1.5328963
M4_block_alpha_full_response,5,2.9312124789392424,8.592006596689139,TRUE,delta_log_alpha,delta_log_alpha[47],0.7135146789392425,0.591151245,-3.4260490050000003,4.964593609999999,1.0008183640197308,5731.806102041769,3097.888945255017,-2.2176978
M4_block_alpha_full_response,5,3.88064206980871,15.059382873969227,TRUE,delta_log_alpha,delta_log_alpha[48],1.20400556980871,1.1069103999999998,-3.182032365,5.536258014999999,1.000830348938996,6808.5304770598605,2951.263402589395,-2.6766365
M4_block_alpha_full_response,5,-0.8576799908741,0.7356149667457962,TRUE,delta_log_alpha,delta_log_alpha[49],0.9938156091259001,0.7834190700000001,-2.9766775800000005,5.34134076,0.99999653839498015,5896.134476035835,2844.5287297216178,1.8514956
M4_block_alpha_full_response,5,0.10799917415300997,0.011663821617732176,TRUE,delta_log_alpha,delta_log_alpha[50],-0.59045136584699,-0.795152055,-2.367483165,2.5062786599999995,1.0012080202649534,2918.8987441205836,2298.04665490041,-0.69845054
M4_block_alpha_full_response,5,0.2665182195509752,0.07103196135262183,TRUE,delta_log_alpha,delta_log_alpha[51],-2.833032980449025,-2.8338061999999997,-4.9821298149999995,-0.6386526485000006,1.0022375914332071,4180.341286997162,2047.2042183929395,-3.0995512
M4_block_alpha_full_response,5,-0.11471777064184852,0.01316016690103576,TRUE,delta_log_alpha,delta_log_alpha[52],-0.8811240206418485,-0.75401377,-2.896684535,0.7062465089999994,0.9999961019606678,4665.544321646201,2416.570760205801,-0.76640625
M4_block_alpha_full_response,5,-1.1249494799522748,1.2655113324448934,TRUE,delta_log_alpha,delta_log_alpha[53],1.209763220047725,1.05955745,-2.31285334,4.9738216699999995,1.0034614932282697,6117.4229236608,2834.868088268601,2.3347127
M4_block_alpha_full_response,5,-3.0868903279258646,9.528891896642252,TRUE,delta_log_alpha,delta_log_alpha[54],0.387828172074135,0.32439392,-3.953169875,4.887730849999999,1.0010108847049737,5112.275346270291,2857.163186098612,3.4747185
M4_block_alpha_full_response,5,0.576168529344895,0.33197017420745917,TRUE,delta_log_alpha,delta_log_alpha[55],0.639010681344895,0.45782829999999997,-0.59414015,2.7540552699999985,1.005904162909701,4171.469105684343,1996.3960577275404,0.062842152
M4_block_alpha_full_response,5,2.181610660365651,4.759425073421053,TRUE,delta_log_alpha,delta_log_alpha[56],0.42321316036565126,0.137114925,-3.8454882349999995,5.354755834999996,1.0009931706685467,4979.809791848937,3167.925639573775,-1.7583975
M4_block_alpha_full_response,5,4.261528608019071,18.16062607696496,FALSE,delta_log_alpha,delta_log_alpha[57],0.635075108019071,0.485027035,-3.16794892,4.764394545,1.00077515351455,6590.172420324326,2829.0001644401814,-3.6264535
M4_block_alpha_full_response,5,-0.01814299834373695,3.2916838890084167e-4,TRUE,delta_log_alpha,delta_log_alpha[58],-0.04846482734373695,-0.019932899,-1.3557266399999999,1.1875600799999995,1.0003849934944533,4268.765488696441,2623.4371591148115,-0.030321829
M4_block_alpha_full_response,5,-0.22112773835247884,0.04889747666888234,TRUE,delta_log_alpha,delta_log_alpha[59],-0.19090457635247884,-0.193493905,-0.93721839,0.5582370249999998,0.999571510756093,4676.78894411597,3064.8625609769924,0.030223162
M4_block_alpha_full_response,5,-0.134531396023025,0.018098696515903987,TRUE,delta_log_alpha,delta_log_alpha[60],-0.692053166023025,-0.686225655,-1.1590775349999998,-0.25088074250000025,1.0010610387347683,4606.8596366419,2858.1599557290774,-0.55752177
M4_block_alpha_full_response,5,0.10263524832950033,0.0105339941996582,TRUE,delta_log_alpha,delta_log_alpha[61],4.1657664483295,3.95869745,2.1962885500000002,6.788579239999999,1.001883445970044,6589.014208761375,2506.6092132434683,4.0631312
M4_block_alpha_full_response,5,-1.6854273454812674,2.8406653368960315,TRUE,delta_log_alpha,delta_log_alpha[62],0.1389926545187325,0.018631163,-3.81664035,4.4790079549999975,0.9994647916182141,4716.2890397217625,2653.16635068324,1.82442
M4_block_alpha_full_response,5,0.5396368503741376,0.2912079302817193,TRUE,delta_log_alpha,delta_log_alpha[63],0.5152325373741375,0.14474866,-1.082577845,3.859373299999992,1.0008526600590557,2322.849728972897,2400.070472530641,-0.024404313
M4_block_alpha_full_response,5,-0.065155294219088,0.004245212364775922,TRUE,delta_log_alpha,delta_log_alpha[64],-0.070962771919088,0.020009598,-1.16644838,0.4910652249999997,1.0020245636010878,4182.876919510403,2272.278920839518,-0.0058074777
M4_block_alpha_full_response,5,0.3951151041128125,0.15611594549807864,TRUE,delta_log_alpha,delta_log_alpha[65],0.9351214141128125,0.9956818199999999,-0.7965422545,2.519092025,1.0021363997317505,7036.121584593125,2597.273856641993,0.54000631
