model,ppc_draw,metric,value
M3_block_alpha_stickiness,1,optimal_choice,0.6001292824822236
M3_block_alpha_stickiness,1,choose_blue,0.5346153846153846
M3_block_alpha_stickiness,1,stay_rate,0.6115061409179057
M3_block_alpha_stickiness,1,switch_after_loss,0.4623072529982867
M3_block_alpha_stickiness,1,switch_after_no_loss,0.32742735648476257
M3_block_alpha_stickiness,2,optimal_choice,0.6078862314156431
M3_block_alpha_stickiness,2,choose_blue,0.5342307692307692
M3_block_alpha_stickiness,2,stay_rate,0.6007756948933419
M3_block_alpha_stickiness,2,switch_after_loss,0.4692547463870785
M3_block_alpha_stickiness,2,switch_after_no_loss,0.34046600095102236
M3_block_alpha_stickiness,3,optimal_choice,0.5927601809954751
M3_block_alpha_stickiness,3,choose_blue,0.5314102564102564
M3_block_alpha_stickiness,3,stay_rate,0.6078862314156431
M3_block_alpha_stickiness,3,switch_after_loss,0.4538848518725545
M3_block_alpha_stickiness,3,switch_after_no_loss,0.3389463555448641
M3_block_alpha_stickiness,4,optimal_choice,0.6006464124111183
M3_block_alpha_stickiness,4,choose_blue,0.5284615384615384
M3_block_alpha_stickiness,4,stay_rate,0.6081447963800904
M3_block_alpha_stickiness,4,switch_after_loss,0.4645198062125962
M3_block_alpha_stickiness,4,switch_after_no_loss,0.3315191670610506
M3_block_alpha_stickiness,5,optimal_choice,0.5956043956043956
M3_block_alpha_stickiness,5,choose_blue,0.5217948717948718
M3_block_alpha_stickiness,5,stay_rate,0.6067226890756302
M3_block_alpha_stickiness,5,switch_after_loss,0.45781426953567383
M3_block_alpha_stickiness,5,switch_after_no_loss,0.3390435403283369
M3_block_alpha_stickiness,6,optimal_choice,0.6091790562378797
M3_block_alpha_stickiness,6,choose_blue,0.5221794871794871
M3_block_alpha_stickiness,6,stay_rate,0.6063348416289592
M3_block_alpha_stickiness,6,switch_after_loss,0.47203389830508474
M3_block_alpha_stickiness,6,switch_after_no_loss,0.32753277711561385
M3_block_alpha_stickiness,7,optimal_choice,0.6046541693600517
M3_block_alpha_stickiness,7,choose_blue,0.5319230769230769
M3_block_alpha_stickiness,7,stay_rate,0.6063348416289592
M3_block_alpha_stickiness,7,switch_after_loss,0.47042173789980185
M3_block_alpha_stickiness,7,switch_after_no_loss,0.329128986197049
M3_block_alpha_stickiness,8,optimal_choice,0.5987071751777634
M3_block_alpha_stickiness,8,choose_blue,0.5119230769230769
M3_block_alpha_stickiness,8,stay_rate,0.6040077569489334
M3_block_alpha_stickiness,8,switch_after_loss,0.4738888888888889
M3_block_alpha_stickiness,8,switch_after_no_loss,0.32817412333736395
M3_block_alpha_stickiness,9,optimal_choice,0.5971557853910795
M3_block_alpha_stickiness,9,choose_blue,0.5317948717948718
M3_block_alpha_stickiness,9,stay_rate,0.6106011635423401
M3_block_alpha_stickiness,9,switch_after_loss,0.4678051511758119
M3_block_alpha_stickiness,9,switch_after_no_loss,0.32212346865241415
M3_block_alpha_stickiness,10,optimal_choice,0.6062055591467356
M3_block_alpha_stickiness,10,choose_blue,0.5287179487179487
M3_block_alpha_stickiness,10,stay_rate,0.6085326438267614
M3_block_alpha_stickiness,10,switch_after_loss,0.462408140192199
M3_block_alpha_stickiness,10,switch_after_no_loss,0.3316654753395282
M3_block_alpha_stickiness,11,optimal_choice,0.6016806722689075
M3_block_alpha_stickiness,11,choose_blue,0.5221794871794871
M3_block_alpha_stickiness,11,stay_rate,0.6199095022624435
M3_block_alpha_stickiness,11,switch_after_loss,0.4540787221905305
M3_block_alpha_stickiness,11,switch_after_no_loss,0.3187514778907543
M3_block_alpha_stickiness,12,optimal_choice,0.6047834518422753
M3_block_alpha_stickiness,12,choose_blue,0.5288461538461539
M3_block_alpha_stickiness,12,stay_rate,0.599612152553329
M3_block_alpha_stickiness,12,switch_after_loss,0.4837248797056326
M3_block_alpha_stickiness,12,switch_after_no_loss,0.3303188957639219
M3_block_alpha_stickiness,13,optimal_choice,0.604137039431157
M3_block_alpha_stickiness,13,choose_blue,0.5184615384615384
M3_block_alpha_stickiness,13,stay_rate,0.6122818358112476
M3_block_alpha_stickiness,13,switch_after_loss,0.4569724510082363
M3_block_alpha_stickiness,13,switch_after_no_loss,0.3298528713811106
M3_block_alpha_stickiness,14,optimal_choice,0.5919844861021332
M3_block_alpha_stickiness,14,choose_blue,0.5374358974358975
M3_block_alpha_stickiness,14,stay_rate,0.6243051066580478
M3_block_alpha_stickiness,14,switch_after_loss,0.43627590122055065
M3_block_alpha_stickiness,14,switch_after_no_loss,0.3250237416904084
M3_block_alpha_stickiness,15,optimal_choice,0.6072398190045248
M3_block_alpha_stickiness,15,choose_blue,0.5211538461538462
M3_block_alpha_stickiness,15,stay_rate,0.6106011635423401
M3_block_alpha_stickiness,15,switch_after_loss,0.4607224770642202
M3_block_alpha_stickiness,15,switch_after_no_loss,0.330821756534024
M3_block_alpha_stickiness,16,optimal_choice,0.5963800904977375
M3_block_alpha_stickiness,16,choose_blue,0.5256410256410257
M3_block_alpha_stickiness,16,stay_rate,0.6104718810601164
M3_block_alpha_stickiness,16,switch_after_loss,0.45648512071869735
M3_block_alpha_stickiness,16,switch_after_no_loss,0.33237479031871553
M3_block_alpha_stickiness,17,optimal_choice,0.6058177117000646
M3_block_alpha_stickiness,17,choose_blue,0.5298717948717949
M3_block_alpha_stickiness,17,stay_rate,0.5994828700711053
M3_block_alpha_stickiness,17,switch_after_loss,0.4760956175298805
M3_block_alpha_stickiness,17,switch_after_no_loss,0.33759772565742713
M3_block_alpha_stickiness,18,optimal_choice,0.5945701357466063
M3_block_alpha_stickiness,18,choose_blue,0.5292307692307693
M3_block_alpha_stickiness,18,stay_rate,0.6125404007756949
M3_block_alpha_stickiness,18,switch_after_loss,0.46048502139800285
M3_block_alpha_stickiness,18,switch_after_no_loss,0.32695035460992905
M3_block_alpha_stickiness,19,optimal_choice,0.5934065934065934
M3_block_alpha_stickiness,19,choose_blue,0.5148717948717949
M3_block_alpha_stickiness,19,stay_rate,0.6186166774402069
M3_block_alpha_stickiness,19,switch_after_loss,0.44647372857544254
M3_block_alpha_stickiness,19,switch_after_no_loss,0.32590996168582376
M3_block_alpha_stickiness,20,optimal_choice,0.5984486102133161
M3_block_alpha_stickiness,20,choose_blue,0.5111538461538462
M3_block_alpha_stickiness,20,stay_rate,0.611764705882353
M3_block_alpha_stickiness,20,switch_after_loss,0.4477780922728559
M3_block_alpha_stickiness,20,switch_after_no_loss,0.3381722989052832
M3_block_alpha_stickiness,21,optimal_choice,0.6089204912734324
M3_block_alpha_stickiness,21,choose_blue,0.5111538461538462
M3_block_alpha_stickiness,21,stay_rate,0.6010342598577892
M3_block_alpha_stickiness,21,switch_after_loss,0.46859226023555806
M3_block_alpha_stickiness,21,switch_after_no_loss,0.3394099304389542
M3_block_alpha_stickiness,22,optimal_choice,0.6046541693600517
M3_block_alpha_stickiness,22,choose_blue,0.5125641025641026
M3_block_alpha_stickiness,22,stay_rate,0.6074983839689722
M3_block_alpha_stickiness,22,switch_after_loss,0.4659627674353987
M3_block_alpha_stickiness,22,switch_after_no_loss,0.32857833655706
M3_block_alpha_stickiness,23,optimal_choice,0.604524886877828
M3_block_alpha_stickiness,23,choose_blue,0.538974358974359
M3_block_alpha_stickiness,23,stay_rate,0.6230122818358113
M3_block_alpha_stickiness,23,switch_after_loss,0.4561655648174763
M3_block_alpha_stickiness,23,switch_after_no_loss,0.31226503759398494
M3_block_alpha_stickiness,24,optimal_choice,0.6118939883645766
M3_block_alpha_stickiness,24,choose_blue,0.5228205128205128
M3_block_alpha_stickiness,24,stay_rate,0.6024563671622495
M3_block_alpha_stickiness,24,switch_after_loss,0.4671825738033821
M3_block_alpha_stickiness,24,switch_after_no_loss,0.3403203014601978
M3_block_alpha_stickiness,25,optimal_choice,0.589010989010989
M3_block_alpha_stickiness,25,choose_blue,0.522948717948718
M3_block_alpha_stickiness,25,stay_rate,0.6068519715578539
M3_block_alpha_stickiness,25,switch_after_loss,0.45599122566493006
M3_block_alpha_stickiness,25,switch_after_no_loss,0.33708414872798437
M3_block_alpha_stickiness,26,optimal_choice,0.5931480284421461
M3_block_alpha_stickiness,26,choose_blue,0.5443589743589744
M3_block_alpha_stickiness,26,stay_rate,0.6093083387201034
M3_block_alpha_stickiness,26,switch_after_loss,0.44777373284794175
M3_block_alpha_stickiness,26,switch_after_no_loss,0.34173871277617673
M3_block_alpha_stickiness,27,optimal_choice,0.6029734970911441
M3_block_alpha_stickiness,27,choose_blue,0.5108974358974359
M3_block_alpha_stickiness,27,stay_rate,0.6111182934712347
M3_block_alpha_stickiness,27,switch_after_loss,0.4651293588301462
M3_block_alpha_stickiness,27,switch_after_no_loss,0.3240009571667863
M3_block_alpha_stickiness,28,optimal_choice,0.6019392372333549
M3_block_alpha_stickiness,28,choose_blue,0.5152564102564102
M3_block_alpha_stickiness,28,stay_rate,0.6100840336134454
M3_block_alpha_stickiness,28,switch_after_loss,0.45885634588563456
M3_block_alpha_stickiness,28,switch_after_no_loss,0.33036144578313253
M3_block_alpha_stickiness,29,optimal_choice,0.5994828700711053
M3_block_alpha_stickiness,29,choose_blue,0.5184615384615384
M3_block_alpha_stickiness,29,stay_rate,0.60530058177117
M3_block_alpha_stickiness,29,switch_after_loss,0.4615827338129496
M3_block_alpha_stickiness,29,switch_after_no_loss,0.3401408450704225
M3_block_alpha_stickiness,30,optimal_choice,0.5873303167420815
M3_block_alpha_stickiness,30,choose_blue,0.5165384615384615
M3_block_alpha_stickiness,30,stay_rate,0.6091790562378797
M3_block_alpha_stickiness,30,switch_after_loss,0.45304777594728174
M3_block_alpha_stickiness,30,switch_after_no_loss,0.3354507696066455
M3_block_alpha_stickiness,31,optimal_choice,0.5926308985132515
M3_block_alpha_stickiness,31,choose_blue,0.5355128205128206
M3_block_alpha_stickiness,31,stay_rate,0.6077569489334195
M3_block_alpha_stickiness,31,switch_after_loss,0.46704384724186704
M3_block_alpha_stickiness,31,switch_after_no_loss,0.3292857142857143
M3_block_alpha_stickiness,32,optimal_choice,0.600387847446671
M3_block_alpha_stickiness,32,choose_blue,0.5298717948717949
M3_block_alpha_stickiness,32,stay_rate,0.6073691014867485
M3_block_alpha_stickiness,32,switch_after_loss,0.47245883021010787
M3_block_alpha_stickiness,32,switch_after_no_loss,0.3258960360788037
M3_block_alpha_stickiness,33,optimal_choice,0.5972850678733032
M3_block_alpha_stickiness,33,choose_blue,0.5152564102564102
M3_block_alpha_stickiness,33,stay_rate,0.6125404007756949
M3_block_alpha_stickiness,33,switch_after_loss,0.45420932878270764
M3_block_alpha_stickiness,33,switch_after_no_loss,0.33183218772220907
M3_block_alpha_stickiness,34,optimal_choice,0.609049773755656
M3_block_alpha_stickiness,34,choose_blue,0.5173076923076924
M3_block_alpha_stickiness,34,stay_rate,0.6107304460245637
M3_block_alpha_stickiness,34,switch_after_loss,0.4631639063392347
M3_block_alpha_stickiness,34,switch_after_no_loss,0.3281360737065911
M3_block_alpha_stickiness,35,optimal_choice,0.5931480284421461
M3_block_alpha_stickiness,35,choose_blue,0.5253846153846153
M3_block_alpha_stickiness,35,stay_rate,0.6068519715578539
M3_block_alpha_stickiness,35,switch_after_loss,0.4709187974150042
M3_block_alpha_stickiness,35,switch_after_no_loss,0.32686781609195403
M3_block_alpha_stickiness,36,optimal_choice,0.5904330963154493
M3_block_alpha_stickiness,36,choose_blue,0.5291025641025641
M3_block_alpha_stickiness,36,stay_rate,0.6059469941822883
M3_block_alpha_stickiness,36,switch_after_loss,0.45189908511228166
M3_block_alpha_stickiness,36,switch_after_no_loss,0.3435077519379845
M3_block_alpha_stickiness,37,optimal_choice,0.6038784744667097
M3_block_alpha_stickiness,37,choose_blue,0.5155128205128205
M3_block_alpha_stickiness,37,stay_rate,0.6091790562378797
M3_block_alpha_stickiness,37,switch_after_loss,0.47160068846815834
M3_block_alpha_stickiness,37,switch_after_no_loss,0.3245469522240527
M3_block_alpha_stickiness,38,optimal_choice,0.6029734970911441
M3_block_alpha_stickiness,38,choose_blue,0.5187179487179487
M3_block_alpha_stickiness,38,stay_rate,0.610989010989011
M3_block_alpha_stickiness,38,switch_after_loss,0.4601919819311124
M3_block_alpha_stickiness,38,switch_after_no_loss,0.328881469115192
M3_block_alpha_stickiness,39,optimal_choice,0.5850032320620556
M3_block_alpha_stickiness,39,choose_blue,0.5167948717948718
M3_block_alpha_stickiness,39,stay_rate,0.6081447963800904
M3_block_alpha_stickiness,39,switch_after_loss,0.447669550655875
M3_block_alpha_stickiness,39,switch_after_no_loss,0.3436897880539499
M3_block_alpha_stickiness,40,optimal_choice,0.5790562378797673
M3_block_alpha_stickiness,40,choose_blue,0.5283333333333333
M3_block_alpha_stickiness,40,stay_rate,0.6056884292178409
M3_block_alpha_stickiness,40,switch_after_loss,0.45422149122807015
M3_block_alpha_stickiness,40,switch_after_no_loss,0.3408367996085148
M3_block_alpha_stickiness,41,optimal_choice,0.5997414350355527
M3_block_alpha_stickiness,41,choose_blue,0.5230769230769231
M3_block_alpha_stickiness,41,stay_rate,0.6148674854557208
M3_block_alpha_stickiness,41,switch_after_loss,0.45698166431593795
M3_block_alpha_stickiness,41,switch_after_no_loss,0.32434367541766107
M3_block_alpha_stickiness,42,optimal_choice,0.5972850678733032
M3_block_alpha_stickiness,42,choose_blue,0.5333333333333333
M3_block_alpha_stickiness,42,stay_rate,0.6257272139625081
M3_block_alpha_stickiness,42,switch_after_loss,0.4384858044164038
M3_block_alpha_stickiness,42,switch_after_no_loss,0.3215630885122411
M3_block_alpha_stickiness,43,optimal_choice,0.6032320620555914
M3_block_alpha_stickiness,43,choose_blue,0.5342307692307692
M3_block_alpha_stickiness,43,stay_rate,0.6147382029734971
M3_block_alpha_stickiness,43,switch_after_loss,0.4687410790750785
M3_block_alpha_stickiness,43,switch_after_no_loss,0.31616257088846883
M3_block_alpha_stickiness,44,optimal_choice,0.6020685197155785
M3_block_alpha_stickiness,44,choose_blue,0.5334615384615384
M3_block_alpha_stickiness,44,stay_rate,0.6072398190045248
M3_block_alpha_stickiness,44,switch_after_loss,0.4576271186440678
M3_block_alpha_stickiness,44,switch_after_no_loss,0.33802145411203816
M3_block_alpha_stickiness,45,optimal_choice,0.6027149321266968
M3_block_alpha_stickiness,45,choose_blue,0.537051282051282
M3_block_alpha_stickiness,45,stay_rate,0.6139625080801552
M3_block_alpha_stickiness,45,switch_after_loss,0.45202312138728323
M3_block_alpha_stickiness,45,switch_after_no_loss,0.33263157894736844
M3_block_alpha_stickiness,46,optimal_choice,0.5974143503555268
M3_block_alpha_stickiness,46,choose_blue,0.5216666666666666
M3_block_alpha_stickiness,46,stay_rate,0.6122818358112476
M3_block_alpha_stickiness,46,switch_after_loss,0.45485616633437764
M3_block_alpha_stickiness,46,switch_after_no_loss,0.3319128787878788
M3_block_alpha_stickiness,47,optimal_choice,0.6006464124111183
M3_block_alpha_stickiness,47,choose_blue,0.5306410256410257
M3_block_alpha_stickiness,47,stay_rate,0.6127989657401423
M3_block_alpha_stickiness,47,switch_after_loss,0.4562446898895497
M3_block_alpha_stickiness,47,switch_after_no_loss,0.3292102759276879
M3_block_alpha_stickiness,48,optimal_choice,0.6014221073044602
M3_block_alpha_stickiness,48,choose_blue,0.5333333333333333
M3_block_alpha_stickiness,48,stay_rate,0.6107304460245637
M3_block_alpha_stickiness,48,switch_after_loss,0.4639261744966443
M3_block_alpha_stickiness,48,switch_after_no_loss,0.3250781437845636
M3_block_alpha_stickiness,49,optimal_choice,0.5899159663865546
M3_block_alpha_stickiness,49,choose_blue,0.5275641025641026
M3_block_alpha_stickiness,49,stay_rate,0.6058177117000646
M3_block_alpha_stickiness,49,switch_after_loss,0.4585635359116022
M3_block_alpha_stickiness,49,switch_after_no_loss,0.33754556500607535
M3_block_alpha_stickiness,50,optimal_choice,0.5945701357466063
M3_block_alpha_stickiness,50,choose_blue,0.5228205128205128
M3_block_alpha_stickiness,50,stay_rate,0.6116354234001293
M3_block_alpha_stickiness,50,switch_after_loss,0.4522346368715084
M3_block_alpha_stickiness,50,switch_after_no_loss,0.3333333333333333
M3_block_alpha_stickiness,51,optimal_choice,0.6016806722689075
M3_block_alpha_stickiness,51,choose_blue,0.5291025641025641
M3_block_alpha_stickiness,51,stay_rate,0.6065934065934065
M3_block_alpha_stickiness,51,switch_after_loss,0.47979510529311326
M3_block_alpha_stickiness,51,switch_after_no_loss,0.3214877990997394
M3_block_alpha_stickiness,52,optimal_choice,0.6046541693600517
M3_block_alpha_stickiness,52,choose_blue,0.5319230769230769
M3_block_alpha_stickiness,52,stay_rate,0.6115061409179057
M3_block_alpha_stickiness,52,switch_after_loss,0.4676773455377574
M3_block_alpha_stickiness,52,switch_after_no_loss,0.32318943146968626
M3_block_alpha_stickiness,53,optimal_choice,0.6007756948933419
M3_block_alpha_stickiness,53,choose_blue,0.5201282051282051
M3_block_alpha_stickiness,53,stay_rate,0.6199095022624435
M3_block_alpha_stickiness,53,switch_after_loss,0.44997205142537733
M3_block_alpha_stickiness,53,switch_after_no_loss,0.31994226605725284
M3_block_alpha_stickiness,54,optimal_choice,0.5966386554621849
M3_block_alpha_stickiness,54,choose_blue,0.5242307692307693
M3_block_alpha_stickiness,54,stay_rate,0.6144796380090498
M3_block_alpha_stickiness,54,switch_after_loss,0.4618202310510003
M3_block_alpha_stickiness,54,switch_after_no_loss,0.320831342570473
M3_block_alpha_stickiness,55,optimal_choice,0.5959922430510666
M3_block_alpha_stickiness,55,choose_blue,0.5284615384615384
M3_block_alpha_stickiness,55,stay_rate,0.6126696832579186
M3_block_alpha_stickiness,55,switch_after_loss,0.45787234042553193
M3_block_alpha_stickiness,55,switch_after_no_loss,0.32826603325415676
M3_block_alpha_stickiness,56,optimal_choice,0.6085326438267614
M3_block_alpha_stickiness,56,choose_blue,0.5166666666666667
M3_block_alpha_stickiness,56,stay_rate,0.6106011635423401
M3_block_alpha_stickiness,56,switch_after_loss,0.47084048027444253
M3_block_alpha_stickiness,56,switch_after_no_loss,0.3221619070096767
M3_block_alpha_stickiness,57,optimal_choice,0.6011635423400129
M3_block_alpha_stickiness,57,choose_blue,0.5132051282051282
M3_block_alpha_stickiness,57,stay_rate,0.6130575307045896
M3_block_alpha_stickiness,57,switch_after_loss,0.45614035087719296
M3_block_alpha_stickiness,57,switch_after_no_loss,0.32873125446322304
M3_block_alpha_stickiness,58,optimal_choice,0.5895281189398837
M3_block_alpha_stickiness,58,choose_blue,0.5208974358974359
M3_block_alpha_stickiness,58,stay_rate,0.600387847446671
M3_block_alpha_stickiness,58,switch_after_loss,0.46300386526780785
M3_block_alpha_stickiness,58,switch_after_no_loss,0.3437879893022125
M3_block_alpha_stickiness,59,optimal_choice,0.604912734324499
M3_block_alpha_stickiness,59,choose_blue,0.5238461538461539
M3_block_alpha_stickiness,59,stay_rate,0.6094376212023271
M3_block_alpha_stickiness,59,switch_after_loss,0.45790497360377885
M3_block_alpha_stickiness,59,switch_after_no_loss,0.331963249516441
M3_block_alpha_stickiness,60,optimal_choice,0.6034906270200388
M3_block_alpha_stickiness,60,choose_blue,0.5211538461538462
M3_block_alpha_stickiness,60,stay_rate,0.6005171299288946
M3_block_alpha_stickiness,60,switch_after_loss,0.47
M3_block_alpha_stickiness,60,switch_after_no_loss,0.3412042502951594
M3_block_alpha_stickiness,61,optimal_choice,0.5928894634776988
M3_block_alpha_stickiness,61,choose_blue,0.5235897435897436
M3_block_alpha_stickiness,61,stay_rate,0.6135746606334842
M3_block_alpha_stickiness,61,switch_after_loss,0.4458755823513291
M3_block_alpha_stickiness,61,switch_after_no_loss,0.3333333333333333
M3_block_alpha_stickiness,62,optimal_choice,0.6056884292178409
M3_block_alpha_stickiness,62,choose_blue,0.5297435897435897
M3_block_alpha_stickiness,62,stay_rate,0.62120232708468
M3_block_alpha_stickiness,62,switch_after_loss,0.4433666191155492
M3_block_alpha_stickiness,62,switch_after_no_loss,0.3252955082742317
M3_block_alpha_stickiness,63,optimal_choice,0.6175824175824176
M3_block_alpha_stickiness,63,choose_blue,0.5176923076923077
M3_block_alpha_stickiness,63,stay_rate,0.6125404007756949
M3_block_alpha_stickiness,63,switch_after_loss,0.46911421911421913
M3_block_alpha_stickiness,63,switch_after_no_loss,0.32233325586799905
M3_block_alpha_stickiness,64,optimal_choice,0.598836457659987
M3_block_alpha_stickiness,64,choose_blue,0.5225641025641026
M3_block_alpha_stickiness,64,stay_rate,0.6015513897866839
M3_block_alpha_stickiness,64,switch_after_loss,0.46988973706530957
M3_block_alpha_stickiness,64,switch_after_no_loss,0.33825631252977606
M3_block_alpha_stickiness,65,optimal_choice,0.5945701357466063
M3_block_alpha_stickiness,65,choose_blue,0.5228205128205128
M3_block_alpha_stickiness,65,stay_rate,0.61590174531351
M3_block_alpha_stickiness,65,switch_after_loss,0.44170403587443946
M3_block_alpha_stickiness,65,switch_after_no_loss,0.3347732181425486
M3_block_alpha_stickiness,66,optimal_choice,0.5974143503555268
M3_block_alpha_stickiness,66,choose_blue,0.5317948717948718
M3_block_alpha_stickiness,66,stay_rate,0.6303813833225598
M3_block_alpha_stickiness,66,switch_after_loss,0.44047958892377964
M3_block_alpha_stickiness,66,switch_after_no_loss,0.31096408317580343
M3_block_alpha_stickiness,67,optimal_choice,0.5983193277310924
M3_block_alpha_stickiness,67,choose_blue,0.5148717948717949
M3_block_alpha_stickiness,67,stay_rate,0.6054298642533936
M3_block_alpha_stickiness,67,switch_after_loss,0.4535472972972973
M3_block_alpha_stickiness,67,switch_after_no_loss,0.3444896007650012
M3_block_alpha_stickiness,68,optimal_choice,0.593923723335488
M3_block_alpha_stickiness,68,choose_blue,0.5332051282051282
M3_block_alpha_stickiness,68,stay_rate,0.6096961861667745
M3_block_alpha_stickiness,68,switch_after_loss,0.46318156267566046
M3_block_alpha_stickiness,68,switch_after_no_loss,0.3282259995211875
M3_block_alpha_stickiness,69,optimal_choice,0.5878474466709761
M3_block_alpha_stickiness,69,choose_blue,0.528974358974359
M3_block_alpha_stickiness,69,stay_rate,0.6180995475113122
M3_block_alpha_stickiness,69,switch_after_loss,0.44285714285714284
M3_block_alpha_stickiness,69,switch_after_no_loss,0.3277167277167277
M3_block_alpha_stickiness,70,optimal_choice,0.6065934065934065
M3_block_alpha_stickiness,70,choose_blue,0.5321794871794872
M3_block_alpha_stickiness,70,stay_rate,0.6124111182934713
M3_block_alpha_stickiness,70,switch_after_loss,0.45652173913043476
M3_block_alpha_stickiness,70,switch_after_no_loss,0.3293584545671357
M3_block_alpha_stickiness,71,optimal_choice,0.6094376212023271
M3_block_alpha_stickiness,71,choose_blue,0.5235897435897436
M3_block_alpha_stickiness,71,stay_rate,0.6014221073044602
M3_block_alpha_stickiness,71,switch_after_loss,0.47269087789533887
M3_block_alpha_stickiness,71,switch_after_no_loss,0.3374233128834356
M3_block_alpha_stickiness,72,optimal_choice,0.6038784744667097
M3_block_alpha_stickiness,72,choose_blue,0.5378205128205128
M3_block_alpha_stickiness,72,stay_rate,0.6065934065934065
M3_block_alpha_stickiness,72,switch_after_loss,0.46575731741972154
M3_block_alpha_stickiness,72,switch_after_no_loss,0.33301707779886147
M3_block_alpha_stickiness,73,optimal_choice,0.6069812540400775
M3_block_alpha_stickiness,73,choose_blue,0.5302564102564102
M3_block_alpha_stickiness,73,stay_rate,0.5997414350355527
M3_block_alpha_stickiness,73,switch_after_loss,0.47543311559216134
M3_block_alpha_stickiness,73,switch_after_no_loss,0.3374466065495966
M3_block_alpha_stickiness,74,optimal_choice,0.598836457659987
M3_block_alpha_stickiness,74,choose_blue,0.5238461538461539
M3_block_alpha_stickiness,74,stay_rate,0.616677440206852
M3_block_alpha_stickiness,74,switch_after_loss,0.4599096555618295
M3_block_alpha_stickiness,74,switch_after_no_loss,0.3186262818984021
M3_block_alpha_stickiness,75,optimal_choice,0.6096961861667745
M3_block_alpha_stickiness,75,choose_blue,0.5253846153846153
M3_block_alpha_stickiness,75,stay_rate,0.5984486102133161
M3_block_alpha_stickiness,75,switch_after_loss,0.49134260573374966
M3_block_alpha_stickiness,75,switch_after_no_loss,0.3264482431149098
M3_block_alpha_stickiness,76,optimal_choice,0.5935358758888171
M3_block_alpha_stickiness,76,choose_blue,0.523974358974359
M3_block_alpha_stickiness,76,stay_rate,0.6202973497091144
M3_block_alpha_stickiness,76,switch_after_loss,0.43763736263736264
M3_block_alpha_stickiness,76,switch_after_no_loss,0.3282051282051282
M3_block_alpha_stickiness,77,optimal_choice,0.5967679379444085
M3_block_alpha_stickiness,77,choose_blue,0.5280769230769231
M3_block_alpha_stickiness,77,stay_rate,0.6116354234001293
M3_block_alpha_stickiness,77,switch_after_loss,0.4678280415847148
M3_block_alpha_stickiness,77,switch_after_no_loss,0.3206417624521073
M3_block_alpha_stickiness,78,optimal_choice,0.609049773755656
M3_block_alpha_stickiness,78,choose_blue,0.5366666666666666
M3_block_alpha_stickiness,78,stay_rate,0.6103425985778927
M3_block_alpha_stickiness,78,switch_after_loss,0.4710601719197708
M3_block_alpha_stickiness,78,switch_after_no_loss,0.32273262661955243
M3_block_alpha_stickiness,79,optimal_choice,0.6068519715578539
M3_block_alpha_stickiness,79,choose_blue,0.522948717948718
M3_block_alpha_stickiness,79,stay_rate,0.6001292824822236
M3_block_alpha_stickiness,79,switch_after_loss,0.4746689694876223
M3_block_alpha_stickiness,79,switch_after_no_loss,0.3388875850739263
M3_block_alpha_stickiness,80,optimal_choice,0.6133160956690369
M3_block_alpha_stickiness,80,choose_blue,0.5206410256410257
M3_block_alpha_stickiness,80,stay_rate,0.611764705882353
M3_block_alpha_stickiness,80,switch_after_loss,0.4595744680851064
M3_block_alpha_stickiness,80,switch_after_no_loss,0.32850356294536814
M3_block_alpha_stickiness,81,optimal_choice,0.5979314802844214
M3_block_alpha_stickiness,81,choose_blue,0.5321794871794872
M3_block_alpha_stickiness,81,stay_rate,0.5952165481577246
M3_block_alpha_stickiness,81,switch_after_loss,0.47706163805235013
M3_block_alpha_stickiness,81,switch_after_no_loss,0.34337637494022
M3_block_alpha_stickiness,82,optimal_choice,0.5962508080155139
M3_block_alpha_stickiness,82,choose_blue,0.5361538461538462
M3_block_alpha_stickiness,82,stay_rate,0.6165481577246283
M3_block_alpha_stickiness,82,switch_after_loss,0.45210084033613446
M3_block_alpha_stickiness,82,switch_after_no_loss,0.324609843937575
M3_block_alpha_stickiness,83,optimal_choice,0.594311570782159
M3_block_alpha_stickiness,83,choose_blue,0.5217948717948718
M3_block_alpha_stickiness,83,stay_rate,0.610989010989011
M3_block_alpha_stickiness,83,switch_after_loss,0.4600056931397666
M3_block_alpha_stickiness,83,switch_after_no_loss,0.32993841781146377
M3_block_alpha_stickiness,84,optimal_choice,0.5968972204266322
M3_block_alpha_stickiness,84,choose_blue,0.528974358974359
M3_block_alpha_stickiness,84,stay_rate,0.6106011635423401
M3_block_alpha_stickiness,84,switch_after_loss,0.46309095935858446
M3_block_alpha_stickiness,84,switch_after_no_loss,0.32467217095677514
M3_block_alpha_stickiness,85,optimal_choice,0.5990950226244344
M3_block_alpha_stickiness,85,choose_blue,0.54
M3_block_alpha_stickiness,85,stay_rate,0.6093083387201034
M3_block_alpha_stickiness,85,switch_after_loss,0.4612117780294451
M3_block_alpha_stickiness,85,switch_after_no_loss,0.33142993100166546
M3_block_alpha_stickiness,86,optimal_choice,0.6072398190045248
M3_block_alpha_stickiness,86,choose_blue,0.5197435897435897
M3_block_alpha_stickiness,86,stay_rate,0.6081447963800904
M3_block_alpha_stickiness,86,switch_after_loss,0.46514976958525345
M3_block_alpha_stickiness,86,switch_after_no_loss,0.3321604503870514
M3_block_alpha_stickiness,87,optimal_choice,0.6087912087912087
M3_block_alpha_stickiness,87,choose_blue,0.5321794871794872
M3_block_alpha_stickiness,87,stay_rate,0.6226244343891403
M3_block_alpha_stickiness,87,switch_after_loss,0.44764621968616264
M3_block_alpha_stickiness,87,switch_after_no_loss,0.3191489361702128
M3_block_alpha_stickiness,88,optimal_choice,0.5918552036199095
M3_block_alpha_stickiness,88,choose_blue,0.5298717948717949
M3_block_alpha_stickiness,88,stay_rate,0.6129282482223659
M3_block_alpha_stickiness,88,switch_after_loss,0.44817767653758545
M3_block_alpha_stickiness,88,switch_after_no_loss,0.33625384797537294
M3_block_alpha_stickiness,89,optimal_choice,0.599224305106658
M3_block_alpha_stickiness,89,choose_blue,0.5291025641025641
M3_block_alpha_stickiness,89,stay_rate,0.6240465416936005
M3_block_alpha_stickiness,89,switch_after_loss,0.4463932107496464
M3_block_alpha_stickiness,89,switch_after_no_loss,0.31666666666666665
M3_block_alpha_stickiness,90,optimal_choice,0.6021978021978022
M3_block_alpha_stickiness,90,choose_blue,0.5243589743589744
M3_block_alpha_stickiness,90,stay_rate,0.6129282482223659
M3_block_alpha_stickiness,90,switch_after_loss,0.45613032294941414
M3_block_alpha_stickiness,90,switch_after_no_loss,0.330028328611898
M3_block_alpha_stickiness,91,optimal_choice,0.6011635423400129
M3_block_alpha_stickiness,91,choose_blue,0.5302564102564102
M3_block_alpha_stickiness,91,stay_rate,0.6188752424046542
M3_block_alpha_stickiness,91,switch_after_loss,0.45493685419058555
M3_block_alpha_stickiness,91,switch_after_no_loss,0.3206304398964949
M3_block_alpha_stickiness,92,optimal_choice,0.6060762766645119
M3_block_alpha_stickiness,92,choose_blue,0.5241025641025641
M3_block_alpha_stickiness,92,stay_rate,0.6125404007756949
M3_block_alpha_stickiness,92,switch_after_loss,0.4506104328523862
M3_block_alpha_stickiness,92,switch_after_no_loss,0.33236504478334544
M3_block_alpha_stickiness,93,optimal_choice,0.5962508080155139
M3_block_alpha_stickiness,93,choose_blue,0.5319230769230769
M3_block_alpha_stickiness,93,stay_rate,0.6175824175824176
M3_block_alpha_stickiness,93,switch_after_loss,0.44991652754590983
M3_block_alpha_stickiness,93,switch_after_no_loss,0.3238348225066409
M3_block_alpha_stickiness,94,optimal_choice,0.6038784744667097
M3_block_alpha_stickiness,94,choose_blue,0.5330769230769231
M3_block_alpha_stickiness,94,stay_rate,0.6087912087912087
M3_block_alpha_stickiness,94,switch_after_loss,0.4685073339085418
M3_block_alpha_stickiness,94,switch_after_no_loss,0.328088304368248
M3_block_alpha_stickiness,95,optimal_choice,0.5983193277310924
M3_block_alpha_stickiness,95,choose_blue,0.5317948717948718
M3_block_alpha_stickiness,95,stay_rate,0.6077569489334195
M3_block_alpha_stickiness,95,switch_after_loss,0.4658703071672355
M3_block_alpha_stickiness,95,switch_after_no_loss,0.33088409575728844
M3_block_alpha_stickiness,96,optimal_choice,0.6011635423400129
M3_block_alpha_stickiness,96,choose_blue,0.5294871794871795
M3_block_alpha_stickiness,96,stay_rate,0.6102133160956691
M3_block_alpha_stickiness,96,switch_after_loss,0.4699034639409426
M3_block_alpha_stickiness,96,switch_after_no_loss,0.3228103489200095
M3_block_alpha_stickiness,97,optimal_choice,0.6106011635423401
M3_block_alpha_stickiness,97,choose_blue,0.5278205128205128
M3_block_alpha_stickiness,97,stay_rate,0.6084033613445378
M3_block_alpha_stickiness,97,switch_after_loss,0.47085328076598143
M3_block_alpha_stickiness,97,switch_after_no_loss,0.32433078393881454
M3_block_alpha_stickiness,98,optimal_choice,0.6036199095022624
M3_block_alpha_stickiness,98,choose_blue,0.5265384615384615
M3_block_alpha_stickiness,98,stay_rate,0.6156431803490627
M3_block_alpha_stickiness,98,switch_after_loss,0.4514413657990484
M3_block_alpha_stickiness,98,switch_after_no_loss,0.3267659778952427
M3_block_alpha_stickiness,99,optimal_choice,0.599224305106658
M3_block_alpha_stickiness,99,choose_blue,0.526025641025641
M3_block_alpha_stickiness,99,stay_rate,0.6148674854557208
M3_block_alpha_stickiness,99,switch_after_loss,0.45655829596412556
M3_block_alpha_stickiness,99,switch_after_no_loss,0.32397408207343414
M3_block_alpha_stickiness,100,optimal_choice,0.6021978021978022
M3_block_alpha_stickiness,100,choose_blue,0.5105128205128205
M3_block_alpha_stickiness,100,stay_rate,0.6108597285067874
M3_block_alpha_stickiness,100,switch_after_loss,0.4676588437321122
M3_block_alpha_stickiness,100,switch_after_no_loss,0.3244517802405093
M3_block_alpha_stickiness,101,optimal_choice,0.6082740788623141
M3_block_alpha_stickiness,101,choose_blue,0.5282051282051282
M3_block_alpha_stickiness,101,stay_rate,0.6138332255979315
M3_block_alpha_stickiness,101,switch_after_loss,0.4593758785493393
M3_block_alpha_stickiness,101,switch_after_no_loss,0.3238391574916228
M3_block_alpha_stickiness,102,optimal_choice,0.6058177117000646
M3_block_alpha_stickiness,102,choose_blue,0.5267948717948718
M3_block_alpha_stickiness,102,stay_rate,0.6018099547511312
M3_block_alpha_stickiness,102,switch_after_loss,0.4697910784867307
M3_block_alpha_stickiness,102,switch_after_no_loss,0.33770569997615074
M3_block_alpha_stickiness,103,optimal_choice,0.6140917905623788
M3_block_alpha_stickiness,103,choose_blue,0.5225641025641026
M3_block_alpha_stickiness,103,stay_rate,0.6025856496444731
M3_block_alpha_stickiness,103,switch_after_loss,0.47221430607010545
M3_block_alpha_stickiness,103,switch_after_no_loss,0.33530525319451016
M3_block_alpha_stickiness,104,optimal_choice,0.5993535875888817
M3_block_alpha_stickiness,104,choose_blue,0.5248717948717949
M3_block_alpha_stickiness,104,stay_rate,0.6204266321913381
M3_block_alpha_stickiness,104,switch_after_loss,0.4471126357918811
M3_block_alpha_stickiness,104,switch_after_no_loss,0.32381401935331605
M3_block_alpha_stickiness,105,optimal_choice,0.6038784744667097
M3_block_alpha_stickiness,105,choose_blue,0.5215384615384615
M3_block_alpha_stickiness,105,stay_rate,0.6078862314156431
M3_block_alpha_stickiness,105,switch_after_loss,0.459734388245267
M3_block_alpha_stickiness,105,switch_after_no_loss,0.33508102955195423
M3_block_alpha_stickiness,106,optimal_choice,0.5976729153199741
M3_block_alpha_stickiness,106,choose_blue,0.5317948717948718
M3_block_alpha_stickiness,106,stay_rate,0.6138332255979315
M3_block_alpha_stickiness,106,switch_after_loss,0.4608450704225352
M3_block_alpha_stickiness,106,switch_after_no_loss,0.3228195937873357
M3_block_alpha_stickiness,107,optimal_choice,0.6085326438267614
M3_block_alpha_stickiness,107,choose_blue,0.528974358974359
M3_block_alpha_stickiness,107,stay_rate,0.6106011635423401
M3_block_alpha_stickiness,107,switch_after_loss,0.45519001701644923
M3_block_alpha_stickiness,107,switch_after_no_loss,0.33428367783321455
M3_block_alpha_stickiness,108,optimal_choice,0.6060762766645119
M3_block_alpha_stickiness,108,choose_blue,0.5271794871794871
M3_block_alpha_stickiness,108,stay_rate,0.6137039431157079
M3_block_alpha_stickiness,108,switch_after_loss,0.4574647887323944
M3_block_alpha_stickiness,108,switch_after_no_loss,0.32592592592592595
M3_block_alpha_stickiness,109,optimal_choice,0.5910795087265676
M3_block_alpha_stickiness,109,choose_blue,0.5223076923076924
M3_block_alpha_stickiness,109,stay_rate,0.6038784744667097
M3_block_alpha_stickiness,109,switch_after_loss,0.46109111049570756
M3_block_alpha_stickiness,109,switch_after_no_loss,0.3392337536372454
M3_block_alpha_stickiness,110,optimal_choice,0.6051712992889463
M3_block_alpha_stickiness,110,choose_blue,0.5297435897435897
M3_block_alpha_stickiness,110,stay_rate,0.6028442146089205
M3_block_alpha_stickiness,110,switch_after_loss,0.4721115537848606
M3_block_alpha_stickiness,110,switch_after_no_loss,0.3347547974413646
M3_block_alpha_stickiness,111,optimal_choice,0.590174531351002
M3_block_alpha_stickiness,111,choose_blue,0.5294871794871795
M3_block_alpha_stickiness,111,stay_rate,0.6099547511312218
M3_block_alpha_stickiness,111,switch_after_loss,0.4589657110736369
M3_block_alpha_stickiness,111,switch_after_no_loss,0.33133828106296387
M3_block_alpha_stickiness,112,optimal_choice,0.6034906270200388
M3_block_alpha_stickiness,112,choose_blue,0.5221794871794871
M3_block_alpha_stickiness,112,stay_rate,0.6078862314156431
M3_block_alpha_stickiness,112,switch_after_loss,0.45679707289614413
M3_block_alpha_stickiness,112,switch_after_no_loss,0.33715925394548063
M3_block_alpha_stickiness,113,optimal_choice,0.5908209437621202
M3_block_alpha_stickiness,113,choose_blue,0.5411538461538462
M3_block_alpha_stickiness,113,stay_rate,0.6019392372333549
M3_block_alpha_stickiness,113,switch_after_loss,0.4629319955406912
M3_block_alpha_stickiness,113,switch_after_no_loss,0.3419339281408247
M3_block_alpha_stickiness,114,optimal_choice,0.6089204912734324
M3_block_alpha_stickiness,114,choose_blue,0.5428205128205128
M3_block_alpha_stickiness,114,stay_rate,0.6102133160956691
M3_block_alpha_stickiness,114,switch_after_loss,0.46219686162624823
M3_block_alpha_stickiness,114,switch_after_no_loss,0.32978723404255317
M3_block_alpha_stickiness,115,optimal_choice,0.5874595992243051
M3_block_alpha_stickiness,115,choose_blue,0.5314102564102564
M3_block_alpha_stickiness,115,stay_rate,0.6058177117000646
M3_block_alpha_stickiness,115,switch_after_loss,0.4595567867036011
M3_block_alpha_stickiness,115,switch_after_no_loss,0.336969696969697
M3_block_alpha_stickiness,116,optimal_choice,0.5959922430510666
M3_block_alpha_stickiness,116,choose_blue,0.5144871794871795
M3_block_alpha_stickiness,116,stay_rate,0.6232708468002586
M3_block_alpha_stickiness,116,switch_after_loss,0.4386345163912219
M3_block_alpha_stickiness,116,switch_after_no_loss,0.3202274975272008
M3_block_alpha_stickiness,117,optimal_choice,0.5878474466709761
M3_block_alpha_stickiness,117,choose_blue,0.5293589743589744
M3_block_alpha_stickiness,117,stay_rate,0.6099547511312218
M3_block_alpha_stickiness,117,switch_after_loss,0.4561891515994437
M3_block_alpha_stickiness,117,switch_after_no_loss,0.33260869565217394
M3_block_alpha_stickiness,118,optimal_choice,0.6087912087912087
M3_block_alpha_stickiness,118,choose_blue,0.5287179487179487
M3_block_alpha_stickiness,118,stay_rate,0.6262443438914027
M3_block_alpha_stickiness,118,switch_after_loss,0.45584045584045585
M3_block_alpha_stickiness,118,switch_after_no_loss,0.30556213017751477
M3_block_alpha_stickiness,119,optimal_choice,0.6140917905623788
M3_block_alpha_stickiness,119,choose_blue,0.5175641025641026
M3_block_alpha_stickiness,119,stay_rate,0.6144796380090498
M3_block_alpha_stickiness,119,switch_after_loss,0.4609375
M3_block_alpha_stickiness,119,switch_after_no_loss,0.3246085534003272
M3_block_alpha_stickiness,120,optimal_choice,0.6037491919844861
M3_block_alpha_stickiness,120,choose_blue,0.5192307692307693
M3_block_alpha_stickiness,120,stay_rate,0.611376858435682
M3_block_alpha_stickiness,120,switch_after_loss,0.45861678004535145
M3_block_alpha_stickiness,120,switch_after_no_loss,0.3299263132873782
M3_block_alpha_stickiness,121,optimal_choice,0.5959922430510666
M3_block_alpha_stickiness,121,choose_blue,0.5211538461538462
M3_block_alpha_stickiness,121,stay_rate,0.6033613445378151
M3_block_alpha_stickiness,121,switch_after_loss,0.4555240793201133
M3_block_alpha_stickiness,121,switch_after_no_loss,0.34720570749108204
M3_block_alpha_stickiness,122,optimal_choice,0.6042663219133807
M3_block_alpha_stickiness,122,choose_blue,0.5083333333333333
M3_block_alpha_stickiness,122,stay_rate,0.6072398190045248
M3_block_alpha_stickiness,122,switch_after_loss,0.4760530871321408
M3_block_alpha_stickiness,122,switch_after_no_loss,0.32513469196533146
M3_block_alpha_stickiness,123,optimal_choice,0.5985778926955397
M3_block_alpha_stickiness,123,choose_blue,0.5274358974358975
M3_block_alpha_stickiness,123,stay_rate,0.6058177117000646
M3_block_alpha_stickiness,123,switch_after_loss,0.46449026345933564
M3_block_alpha_stickiness,123,switch_after_no_loss,0.3363186424699505
M3_block_alpha_stickiness,124,optimal_choice,0.6005171299288946
M3_block_alpha_stickiness,124,choose_blue,0.5233333333333333
M3_block_alpha_stickiness,124,stay_rate,0.6069812540400775
M3_block_alpha_stickiness,124,switch_after_loss,0.4546975188179537
M3_block_alpha_stickiness,124,switch_after_no_loss,0.3396817743490839
M3_block_alpha_stickiness,125,optimal_choice,0.6043956043956044
M3_block_alpha_stickiness,125,choose_blue,0.5266666666666666
M3_block_alpha_stickiness,125,stay_rate,0.6073691014867485
M3_block_alpha_stickiness,125,switch_after_loss,0.46562760924018926
M3_block_alpha_stickiness,125,switch_after_no_loss,0.32930951231289235
M3_block_alpha_stickiness,126,optimal_choice,0.59469941822883
M3_block_alpha_stickiness,126,choose_blue,0.5328205128205128
M3_block_alpha_stickiness,126,stay_rate,0.6084033613445378
M3_block_alpha_stickiness,126,switch_after_loss,0.47398190045248867
M3_block_alpha_stickiness,126,switch_after_no_loss,0.32221957608954516
M3_block_alpha_stickiness,127,optimal_choice,0.5967679379444085
M3_block_alpha_stickiness,127,choose_blue,0.5266666666666666
M3_block_alpha_stickiness,127,stay_rate,0.6020685197155785
M3_block_alpha_stickiness,127,switch_after_loss,0.4722689075630252
M3_block_alpha_stickiness,127,switch_after_no_loss,0.33421368547418967
M3_block_alpha_stickiness,128,optimal_choice,0.6021978021978022
M3_block_alpha_stickiness,128,choose_blue,0.5276923076923077
M3_block_alpha_stickiness,128,stay_rate,0.610989010989011
M3_block_alpha_stickiness,128,switch_after_loss,0.4663080407701019
M3_block_alpha_stickiness,128,switch_after_no_loss,0.3240542469664525
M3_block_alpha_stickiness,129,optimal_choice,0.599612152553329
M3_block_alpha_stickiness,129,choose_blue,0.5217948717948718
M3_block_alpha_stickiness,129,stay_rate,0.6208144796380091
M3_block_alpha_stickiness,129,switch_after_loss,0.44324936314746677
M3_block_alpha_stickiness,129,switch_after_no_loss,0.3253212755830557
M3_block_alpha_stickiness,130,optimal_choice,0.5984486102133161
M3_block_alpha_stickiness,130,choose_blue,0.5441025641025641
M3_block_alpha_stickiness,130,stay_rate,0.61590174531351
M3_block_alpha_stickiness,130,switch_after_loss,0.4722461892436008
M3_block_alpha_stickiness,130,switch_after_no_loss,0.3121183654297792
M3_block_alpha_stickiness,131,optimal_choice,0.5856496444731739
M3_block_alpha_stickiness,131,choose_blue,0.525
M3_block_alpha_stickiness,131,stay_rate,0.6103425985778927
M3_block_alpha_stickiness,131,switch_after_loss,0.4611718530978413
M3_block_alpha_stickiness,131,switch_after_no_loss,0.3284548944337812
M3_block_alpha_stickiness,132,optimal_choice,0.6023270846800258
M3_block_alpha_stickiness,132,choose_blue,0.5314102564102564
M3_block_alpha_stickiness,132,stay_rate,0.6124111182934713
M3_block_alpha_stickiness,132,switch_after_loss,0.4634984254222731
M3_block_alpha_stickiness,132,switch_after_no_loss,0.3250825082508251
M3_block_alpha_stickiness,133,optimal_choice,0.5937944408532644
M3_block_alpha_stickiness,133,choose_blue,0.5255128205128206
M3_block_alpha_stickiness,133,stay_rate,0.6032320620555914
M3_block_alpha_stickiness,133,switch_after_loss,0.45492839090143217
M3_block_alpha_stickiness,133,switch_after_no_loss,0.3471490177287973
M3_block_alpha_stickiness,134,optimal_choice,0.6076276664511958
M3_block_alpha_stickiness,134,choose_blue,0.5306410256410257
M3_block_alpha_stickiness,134,stay_rate,0.6108597285067874
M3_block_alpha_stickiness,134,switch_after_loss,0.4576561163387511
M3_block_alpha_stickiness,134,switch_after_no_loss,0.3323084200567644
M3_block_alpha_stickiness,135,optimal_choice,0.6037491919844861
M3_block_alpha_stickiness,135,choose_blue,0.5355128205128206
M3_block_alpha_stickiness,135,stay_rate,0.617065287653523
M3_block_alpha_stickiness,135,switch_after_loss,0.4689713799943327
M3_block_alpha_stickiness,135,switch_after_no_loss,0.3107465525439848
M3_block_alpha_stickiness,136,optimal_choice,0.5987071751777634
M3_block_alpha_stickiness,136,choose_blue,0.53
M3_block_alpha_stickiness,136,stay_rate,0.6028442146089205
M3_block_alpha_stickiness,136,switch_after_loss,0.46999154691462386
M3_block_alpha_stickiness,136,switch_after_no_loss,0.33540372670807456
M3_block_alpha_stickiness,137,optimal_choice,0.6033613445378151
M3_block_alpha_stickiness,137,choose_blue,0.5251282051282051
M3_block_alpha_stickiness,137,stay_rate,0.6027149321266968
M3_block_alpha_stickiness,137,switch_after_loss,0.4831654676258993
M3_block_alpha_stickiness,137,switch_after_no_loss,0.32723004694835683
M3_block_alpha_stickiness,138,optimal_choice,0.5822882999353588
M3_block_alpha_stickiness,138,choose_blue,0.5347435897435897
M3_block_alpha_stickiness,138,stay_rate,0.6237879767291532
M3_block_alpha_stickiness,138,switch_after_loss,0.4427054220234768
M3_block_alpha_stickiness,138,switch_after_no_loss,0.31898003367813327
M3_block_alpha_stickiness,139,optimal_choice,0.6038784744667097
M3_block_alpha_stickiness,139,choose_blue,0.5297435897435897
M3_block_alpha_stickiness,139,stay_rate,0.6112475759534584
M3_block_alpha_stickiness,139,switch_after_loss,0.46757292551685076
M3_block_alpha_stickiness,139,switch_after_no_loss,0.3225499524262607
M3_block_alpha_stickiness,140,optimal_choice,0.6064641241111829
M3_block_alpha_stickiness,140,choose_blue,0.5174358974358975
M3_block_alpha_stickiness,140,stay_rate,0.6050420168067226
M3_block_alpha_stickiness,140,switch_after_loss,0.46919163369135103
M3_block_alpha_stickiness,140,switch_after_no_loss,0.33238027162258754
M3_block_alpha_stickiness,141,optimal_choice,0.6054298642533936
M3_block_alpha_stickiness,141,choose_blue,0.5243589743589744
M3_block_alpha_stickiness,141,stay_rate,0.6082740788623141
M3_block_alpha_stickiness,141,switch_after_loss,0.4664599774520857
M3_block_alpha_stickiness,141,switch_after_no_loss,0.32839742058753285
M3_block_alpha_stickiness,142,optimal_choice,0.5910795087265676
M3_block_alpha_stickiness,142,choose_blue,0.5197435897435897
M3_block_alpha_stickiness,142,stay_rate,0.6126696832579186
M3_block_alpha_stickiness,142,switch_after_loss,0.446826280623608
M3_block_alpha_stickiness,142,switch_after_no_loss,0.3357470432054067
M3_block_alpha_stickiness,143,optimal_choice,0.5958629605688429
M3_block_alpha_stickiness,143,choose_blue,0.5352564102564102
M3_block_alpha_stickiness,143,stay_rate,0.604912734324499
M3_block_alpha_stickiness,143,switch_after_loss,0.4637599093997735
M3_block_alpha_stickiness,143,switch_after_no_loss,0.33737806328812753
M3_block_alpha_stickiness,144,optimal_choice,0.6010342598577892
M3_block_alpha_stickiness,144,choose_blue,0.5230769230769231
M3_block_alpha_stickiness,144,stay_rate,0.6202973497091144
M3_block_alpha_stickiness,144,switch_after_loss,0.4540727902946274
M3_block_alpha_stickiness,144,switch_after_no_loss,0.3194476948279897
M3_block_alpha_stickiness,145,optimal_choice,0.5944408532643827
M3_block_alpha_stickiness,145,choose_blue,0.5224358974358975
M3_block_alpha_stickiness,145,stay_rate,0.6081447963800904
M3_block_alpha_stickiness,145,switch_after_loss,0.46272855133614627
M3_block_alpha_stickiness,145,switch_after_no_loss,0.33157894736842103
M3_block_alpha_stickiness,146,optimal_choice,0.5934065934065934
M3_block_alpha_stickiness,146,choose_blue,0.5294871794871795
M3_block_alpha_stickiness,146,stay_rate,0.6147382029734971
M3_block_alpha_stickiness,146,switch_after_loss,0.44984802431610943
M3_block_alpha_stickiness,146,switch_after_no_loss,0.32847424684159376
M3_block_alpha_stickiness,147,optimal_choice,0.6056884292178409
M3_block_alpha_stickiness,147,choose_blue,0.5191025641025641
M3_block_alpha_stickiness,147,stay_rate,0.6336134453781512
M3_block_alpha_stickiness,147,switch_after_loss,0.4384768400113669
M3_block_alpha_stickiness,147,switch_after_no_loss,0.3062144212523719
M3_block_alpha_stickiness,148,optimal_choice,0.5980607627666451
M3_block_alpha_stickiness,148,choose_blue,0.526025641025641
M3_block_alpha_stickiness,148,stay_rate,0.6133160956690369
M3_block_alpha_stickiness,148,switch_after_loss,0.4610407876230661
M3_block_alpha_stickiness,148,switch_after_no_loss,0.32344497607655504
M3_block_alpha_stickiness,149,optimal_choice,0.5979314802844214
M3_block_alpha_stickiness,149,choose_blue,0.5323076923076923
M3_block_alpha_stickiness,149,stay_rate,0.6096961861667745
M3_block_alpha_stickiness,149,switch_after_loss,0.46420389461626577
M3_block_alpha_stickiness,149,switch_after_no_loss,0.3294838557624322
M3_block_alpha_stickiness,150,optimal_choice,0.5904330963154493
M3_block_alpha_stickiness,150,choose_blue,0.5255128205128206
M3_block_alpha_stickiness,150,stay_rate,0.6165481577246283
M3_block_alpha_stickiness,150,switch_after_loss,0.4503457814661134
M3_block_alpha_stickiness,150,switch_after_no_loss,0.32475728155339806
M3_block_alpha_stickiness,151,optimal_choice,0.5993535875888817
M3_block_alpha_stickiness,151,choose_blue,0.5197435897435897
M3_block_alpha_stickiness,151,stay_rate,0.6192630898513252
M3_block_alpha_stickiness,151,switch_after_loss,0.4446322907861369
M3_block_alpha_stickiness,151,switch_after_no_loss,0.32656473960821786
M3_block_alpha_stickiness,152,optimal_choice,0.6098254686489981
M3_block_alpha_stickiness,152,choose_blue,0.5265384615384615
M3_block_alpha_stickiness,152,stay_rate,0.6060762766645119
M3_block_alpha_stickiness,152,switch_after_loss,0.46313963573287076
M3_block_alpha_stickiness,152,switch_after_no_loss,0.33793264733395695
M3_block_alpha_stickiness,153,optimal_choice,0.6131868131868132
M3_block_alpha_stickiness,153,choose_blue,0.5301282051282051
M3_block_alpha_stickiness,153,stay_rate,0.6186166774402069
M3_block_alpha_stickiness,153,switch_after_loss,0.46534368708656887
M3_block_alpha_stickiness,153,switch_after_no_loss,0.31282292155941754
M3_block_alpha_stickiness,154,optimal_choice,0.5979314802844214
M3_block_alpha_stickiness,154,choose_blue,0.5335897435897435
M3_block_alpha_stickiness,154,stay_rate,0.6187459599224305
M3_block_alpha_stickiness,154,switch_after_loss,0.4613629883090961
M3_block_alpha_stickiness,154,switch_after_no_loss,0.31480605487228003
M3_block_alpha_stickiness,155,optimal_choice,0.5958629605688429
M3_block_alpha_stickiness,155,choose_blue,0.532051282051282
M3_block_alpha_stickiness,155,stay_rate,0.604524886877828
M3_block_alpha_stickiness,155,switch_after_loss,0.4646379261763877
M3_block_alpha_stickiness,155,switch_after_no_loss,0.3368370759675107
M3_block_alpha_stickiness,156,optimal_choice,0.5985778926955397
M3_block_alpha_stickiness,156,choose_blue,0.5256410256410257
M3_block_alpha_stickiness,156,stay_rate,0.6254686489980608
M3_block_alpha_stickiness,156,switch_after_loss,0.4443505212735982
M3_block_alpha_stickiness,156,switch_after_no_loss,0.3153368370759675
M3_block_alpha_stickiness,157,optimal_choice,0.593923723335488
M3_block_alpha_stickiness,157,choose_blue,0.5167948717948718
M3_block_alpha_stickiness,157,stay_rate,0.6160310277957337
M3_block_alpha_stickiness,157,switch_after_loss,0.44488078541374476
M3_block_alpha_stickiness,157,switch_after_no_loss,0.33189448441247005
M3_block_alpha_stickiness,158,optimal_choice,0.599224305106658
M3_block_alpha_stickiness,158,choose_blue,0.521025641025641
M3_block_alpha_stickiness,158,stay_rate,0.6192630898513252
M3_block_alpha_stickiness,158,switch_after_loss,0.4463324837156613
M3_block_alpha_stickiness,158,switch_after_no_loss,0.32564224548049475
M3_block_alpha_stickiness,159,optimal_choice,0.5905623787976729
M3_block_alpha_stickiness,159,choose_blue,0.5246153846153846
M3_block_alpha_stickiness,159,stay_rate,0.6080155138978668
M3_block_alpha_stickiness,159,switch_after_loss,0.4550748752079867
M3_block_alpha_stickiness,159,switch_after_no_loss,0.3368854444175345
M3_block_alpha_stickiness,160,optimal_choice,0.6055591467356173
M3_block_alpha_stickiness,160,choose_blue,0.5212820512820513
M3_block_alpha_stickiness,160,stay_rate,0.6112475759534584
M3_block_alpha_stickiness,160,switch_after_loss,0.4564420637158162
M3_block_alpha_stickiness,160,switch_after_no_loss,0.3314231136580707
M3_block_alpha_stickiness,161,optimal_choice,0.5965093729799612
M3_block_alpha_stickiness,161,choose_blue,0.5355128205128206
M3_block_alpha_stickiness,161,stay_rate,0.617065287653523
M3_block_alpha_stickiness,161,switch_after_loss,0.44368794326241134
M3_block_alpha_stickiness,161,switch_after_no_loss,0.3320665083135392
M3_block_alpha_stickiness,162,optimal_choice,0.594311570782159
M3_block_alpha_stickiness,162,choose_blue,0.5153846153846153
M3_block_alpha_stickiness,162,stay_rate,0.6010342598577892
M3_block_alpha_stickiness,162,switch_after_loss,0.4627320587420338
M3_block_alpha_stickiness,162,switch_after_no_loss,0.3431895298109549
M3_block_alpha_stickiness,163,optimal_choice,0.5975436328377505
M3_block_alpha_stickiness,163,choose_blue,0.5188461538461538
M3_block_alpha_stickiness,163,stay_rate,0.6143503555268262
M3_block_alpha_stickiness,163,switch_after_loss,0.4633867276887872
M3_block_alpha_stickiness,163,switch_after_no_loss,0.3215380986081623
M3_block_alpha_stickiness,164,optimal_choice,0.5944408532643827
M3_block_alpha_stickiness,164,choose_blue,0.5211538461538462
M3_block_alpha_stickiness,164,stay_rate,0.6107304460245637
M3_block_alpha_stickiness,164,switch_after_loss,0.4631490787269682
M3_block_alpha_stickiness,164,switch_after_no_loss,0.32554779677341683
M3_block_alpha_stickiness,165,optimal_choice,0.604524886877828
M3_block_alpha_stickiness,165,choose_blue,0.5237179487179487
M3_block_alpha_stickiness,165,stay_rate,0.611376858435682
M3_block_alpha_stickiness,165,switch_after_loss,0.4683038263849229
M3_block_alpha_stickiness,165,switch_after_no_loss,0.322702575005906
M3_block_alpha_stickiness,166,optimal_choice,0.6002585649644473
M3_block_alpha_stickiness,166,choose_blue,0.5262820512820513
M3_block_alpha_stickiness,166,stay_rate,0.6086619263089851
M3_block_alpha_stickiness,166,switch_after_loss,0.4702687249857061
M3_block_alpha_stickiness,166,switch_after_no_loss,0.3261741798442294
M3_block_alpha_stickiness,167,optimal_choice,0.5990950226244344
M3_block_alpha_stickiness,167,choose_blue,0.5185897435897436
M3_block_alpha_stickiness,167,stay_rate,0.6200387847446671
M3_block_alpha_stickiness,167,switch_after_loss,0.4601314661331809
M3_block_alpha_stickiness,167,switch_after_no_loss,0.31373937677053826
M3_block_alpha_stickiness,168,optimal_choice,0.5979314802844214
M3_block_alpha_stickiness,168,choose_blue,0.5273076923076923
M3_block_alpha_stickiness,168,stay_rate,0.6140917905623788
M3_block_alpha_stickiness,168,switch_after_loss,0.4508150646430579
M3_block_alpha_stickiness,168,switch_after_no_loss,0.33062006224563084
M3_block_alpha_stickiness,169,optimal_choice,0.593923723335488
M3_block_alpha_stickiness,169,choose_blue,0.523974358974359
M3_block_alpha_stickiness,169,stay_rate,0.6056884292178409
M3_block_alpha_stickiness,169,switch_after_loss,0.45879043600562586
M3_block_alpha_stickiness,169,switch_after_no_loss,0.3394736842105263
M3_block_alpha_stickiness,170,optimal_choice,0.6034906270200388
M3_block_alpha_stickiness,170,choose_blue,0.5237179487179487
M3_block_alpha_stickiness,170,stay_rate,0.6179702650290886
M3_block_alpha_stickiness,170,switch_after_loss,0.4506138392857143
M3_block_alpha_stickiness,170,switch_after_no_loss,0.32281377981209347
M3_block_alpha_stickiness,171,optimal_choice,0.5921137685843568
M3_block_alpha_stickiness,171,choose_blue,0.5275641025641026
M3_block_alpha_stickiness,171,stay_rate,0.6178409825468649
M3_block_alpha_stickiness,171,switch_after_loss,0.45703014933784164
M3_block_alpha_stickiness,171,switch_after_no_loss,0.31868131868131866
M3_block_alpha_stickiness,172,optimal_choice,0.5891402714932127
M3_block_alpha_stickiness,172,choose_blue,0.5155128205128205
M3_block_alpha_stickiness,172,stay_rate,0.5918552036199095
M3_block_alpha_stickiness,172,switch_after_loss,0.4689344953612595
M3_block_alpha_stickiness,172,switch_after_no_loss,0.3563906175203447
M3_block_alpha_stickiness,173,optimal_choice,0.6037491919844861
M3_block_alpha_stickiness,173,choose_blue,0.5196153846153846
M3_block_alpha_stickiness,173,stay_rate,0.6064641241111829
M3_block_alpha_stickiness,173,switch_after_loss,0.4609571788413098
M3_block_alpha_stickiness,173,switch_after_no_loss,0.33565593464680443
M3_block_alpha_stickiness,174,optimal_choice,0.6024563671622495
M3_block_alpha_stickiness,174,choose_blue,0.5235897435897436
M3_block_alpha_stickiness,174,stay_rate,0.6118939883645766
M3_block_alpha_stickiness,174,switch_after_loss,0.46374709976798145
M3_block_alpha_stickiness,174,switch_after_no_loss,0.3272684861208304
M3_block_alpha_stickiness,175,optimal_choice,0.5980607627666451
M3_block_alpha_stickiness,175,choose_blue,0.5180769230769231
M3_block_alpha_stickiness,175,stay_rate,0.6134453781512605
M3_block_alpha_stickiness,175,switch_after_loss,0.45673758865248226
M3_block_alpha_stickiness,175,switch_after_no_loss,0.32779097387173395
M3_block_alpha_stickiness,176,optimal_choice,0.6031027795733678
M3_block_alpha_stickiness,176,choose_blue,0.5346153846153846
M3_block_alpha_stickiness,176,stay_rate,0.6034906270200388
M3_block_alpha_stickiness,176,switch_after_loss,0.46262219666474985
M3_block_alpha_stickiness,176,switch_after_no_loss,0.34249471458773784
M3_block_alpha_stickiness,177,optimal_choice,0.6016806722689075
M3_block_alpha_stickiness,177,choose_blue,0.5319230769230769
M3_block_alpha_stickiness,177,stay_rate,0.6059469941822883
M3_block_alpha_stickiness,177,switch_after_loss,0.4674036281179138
M3_block_alpha_stickiness,177,switch_after_no_loss,0.33254100309008794
M3_block_alpha_stickiness,178,optimal_choice,0.584873949579832
M3_block_alpha_stickiness,178,choose_blue,0.5197435897435897
M3_block_alpha_stickiness,178,stay_rate,0.6190045248868778
M3_block_alpha_stickiness,178,switch_after_loss,0.44667223614592033
M3_block_alpha_stickiness,178,switch_after_no_loss,0.32408301158301156
M3_block_alpha_stickiness,179,optimal_choice,0.6016806722689075
M3_block_alpha_stickiness,179,choose_blue,0.5297435897435897
M3_block_alpha_stickiness,179,stay_rate,0.604912734324499
M3_block_alpha_stickiness,179,switch_after_loss,0.46679853065837806
M3_block_alpha_stickiness,179,switch_after_no_loss,0.334604385128694
M3_block_alpha_stickiness,180,optimal_choice,0.5918552036199095
M3_block_alpha_stickiness,180,choose_blue,0.5160256410256411
M3_block_alpha_stickiness,180,stay_rate,0.6130575307045896
M3_block_alpha_stickiness,180,switch_after_loss,0.4530600941567433
M3_block_alpha_stickiness,180,switch_after_no_loss,0.3290494665373424
M3_block_alpha_stickiness,181,optimal_choice,0.6047834518422753
M3_block_alpha_stickiness,181,choose_blue,0.5188461538461538
M3_block_alpha_stickiness,181,stay_rate,0.6196509372979961
M3_block_alpha_stickiness,181,switch_after_loss,0.4646005117998294
M3_block_alpha_stickiness,181,switch_after_no_loss,0.310099573257468
M3_block_alpha_stickiness,182,optimal_choice,0.6071105365223012
M3_block_alpha_stickiness,182,choose_blue,0.5292307692307693
M3_block_alpha_stickiness,182,stay_rate,0.6059469941822883
M3_block_alpha_stickiness,182,switch_after_loss,0.4715470403202745
M3_block_alpha_stickiness,182,switch_after_no_loss,0.3301085417649835
M3_block_alpha_stickiness,183,optimal_choice,0.5936651583710407
M3_block_alpha_stickiness,183,choose_blue,0.5276923076923077
M3_block_alpha_stickiness,183,stay_rate,0.6104718810601164
M3_block_alpha_stickiness,183,switch_after_loss,0.4568006843455945
M3_block_alpha_stickiness,183,switch_after_no_loss,0.3337275307473983
M3_block_alpha_stickiness,184,optimal_choice,0.5882352941176471
M3_block_alpha_stickiness,184,choose_blue,0.5215384615384615
M3_block_alpha_stickiness,184,stay_rate,0.612152553329024
M3_block_alpha_stickiness,184,switch_after_loss,0.4568245125348189
M3_block_alpha_stickiness,184,switch_after_no_loss,0.3281061519903498
M3_block_alpha_stickiness,185,optimal_choice,0.5987071751777634
M3_block_alpha_stickiness,185,choose_blue,0.5176923076923077
M3_block_alpha_stickiness,185,stay_rate,0.617065287653523
M3_block_alpha_stickiness,185,switch_after_loss,0.4558782069354384
M3_block_alpha_stickiness,185,switch_after_no_loss,0.3211556829035339
M3_block_alpha_stickiness,186,optimal_choice,0.604912734324499
M3_block_alpha_stickiness,186,choose_blue,0.5214102564102564
M3_block_alpha_stickiness,186,stay_rate,0.6165481577246283
M3_block_alpha_stickiness,186,switch_after_loss,0.456150506512301
M3_block_alpha_stickiness,186,switch_after_no_loss,0.3247663551401869
M3_block_alpha_stickiness,187,optimal_choice,0.5954751131221719
M3_block_alpha_stickiness,187,choose_blue,0.5176923076923077
M3_block_alpha_stickiness,187,stay_rate,0.6072398190045248
M3_block_alpha_stickiness,187,switch_after_loss,0.4558740865654862
M3_block_alpha_stickiness,187,switch_after_no_loss,0.33899928178118266
M3_block_alpha_stickiness,188,optimal_choice,0.5914673561732385
M3_block_alpha_stickiness,188,choose_blue,0.5232051282051282
M3_block_alpha_stickiness,188,stay_rate,0.6231415643180349
M3_block_alpha_stickiness,188,switch_after_loss,0.4360692350642099
M3_block_alpha_stickiness,188,switch_after_no_loss,0.32578858656392967
M3_block_alpha_stickiness,189,optimal_choice,0.6073691014867485
M3_block_alpha_stickiness,189,choose_blue,0.5344871794871795
M3_block_alpha_stickiness,189,stay_rate,0.6118939883645766
M3_block_alpha_stickiness,189,switch_after_loss,0.4557321225879682
M3_block_alpha_stickiness,189,switch_after_no_loss,0.33151270482070766
M3_block_alpha_stickiness,190,optimal_choice,0.5884938590820944
M3_block_alpha_stickiness,190,choose_blue,0.5242307692307693
M3_block_alpha_stickiness,190,stay_rate,0.6106011635423401
M3_block_alpha_stickiness,190,switch_after_loss,0.4557459960663108
M3_block_alpha_stickiness,190,switch_after_no_loss,0.3328544061302682
M3_block_alpha_stickiness,191,optimal_choice,0.5997414350355527
M3_block_alpha_stickiness,191,choose_blue,0.5325641025641026
M3_block_alpha_stickiness,191,stay_rate,0.6236586942469295
M3_block_alpha_stickiness,191,switch_after_loss,0.4414338131526955
M3_block_alpha_stickiness,191,switch_after_no_loss,0.3213263358778626
M3_block_alpha_stickiness,192,optimal_choice,0.6029734970911441
M3_block_alpha_stickiness,192,choose_blue,0.525
M3_block_alpha_stickiness,192,stay_rate,0.6068519715578539
M3_block_alpha_stickiness,192,switch_after_loss,0.46386222473178995
M3_block_alpha_stickiness,192,switch_after_no_loss,0.3334128309086573
M3_block_alpha_stickiness,193,optimal_choice,0.6046541693600517
M3_block_alpha_stickiness,193,choose_blue,0.5223076923076924
M3_block_alpha_stickiness,193,stay_rate,0.6063348416289592
M3_block_alpha_stickiness,193,switch_after_loss,0.46933033202025887
M3_block_alpha_stickiness,193,switch_after_no_loss,0.32934704616120547
M3_block_alpha_stickiness,194,optimal_choice,0.6033613445378151
M3_block_alpha_stickiness,194,choose_blue,0.5266666666666666
M3_block_alpha_stickiness,194,stay_rate,0.6148674854557208
M3_block_alpha_stickiness,194,switch_after_loss,0.4564791491743633
M3_block_alpha_stickiness,194,switch_after_no_loss,0.32388274867851996
M3_block_alpha_stickiness,195,optimal_choice,0.5912087912087912
M3_block_alpha_stickiness,195,choose_blue,0.522051282051282
M3_block_alpha_stickiness,195,stay_rate,0.6148674854557208
M3_block_alpha_stickiness,195,switch_after_loss,0.4415907207953604
M3_block_alpha_stickiness,195,switch_after_no_loss,0.3354399611084103
M3_block_alpha_stickiness,196,optimal_choice,0.6014221073044602
M3_block_alpha_stickiness,196,choose_blue,0.5301282051282051
M3_block_alpha_stickiness,196,stay_rate,0.6175824175824176
M3_block_alpha_stickiness,196,switch_after_loss,0.46588235294117647
M3_block_alpha_stickiness,196,switch_after_no_loss,0.3169550173010381
M3_block_alpha_stickiness,197,optimal_choice,0.6151260504201681
M3_block_alpha_stickiness,197,choose_blue,0.5187179487179487
M3_block_alpha_stickiness,197,stay_rate,0.6120232708468003
M3_block_alpha_stickiness,197,switch_after_loss,0.46571018651362983
M3_block_alpha_stickiness,197,switch_after_no_loss,0.32423529411764707
M3_block_alpha_stickiness,198,optimal_choice,0.6027149321266968
M3_block_alpha_stickiness,198,choose_blue,0.526025641025641
M3_block_alpha_stickiness,198,stay_rate,0.6106011635423401
M3_block_alpha_stickiness,198,switch_after_loss,0.45768025078369906
M3_block_alpha_stickiness,198,switch_after_no_loss,0.33270231897775676
M3_block_alpha_stickiness,199,optimal_choice,0.5930187459599224
M3_block_alpha_stickiness,199,choose_blue,0.517948717948718
M3_block_alpha_stickiness,199,stay_rate,0.6186166774402069
M3_block_alpha_stickiness,199,switch_after_loss,0.44297994269340973
M3_block_alpha_stickiness,199,switch_after_no_loss,0.33074204946996466
M3_block_alpha_stickiness,200,optimal_choice,0.6056884292178409
M3_block_alpha_stickiness,200,choose_blue,0.5256410256410257
M3_block_alpha_stickiness,200,stay_rate,0.6059469941822883
M3_block_alpha_stickiness,200,switch_after_loss,0.4754888070274865
M3_block_alpha_stickiness,200,switch_after_no_loss,0.3257251545411317
M3_block_alpha_stickiness,201,optimal_choice,0.584873949579832
M3_block_alpha_stickiness,201,choose_blue,0.5332051282051282
M3_block_alpha_stickiness,201,stay_rate,0.6165481577246283
M3_block_alpha_stickiness,201,switch_after_loss,0.4352009054895303
M3_block_alpha_stickiness,201,switch_after_no_loss,0.339919066888836
M3_block_alpha_stickiness,202,optimal_choice,0.5971557853910795
M3_block_alpha_stickiness,202,choose_blue,0.5193589743589744
M3_block_alpha_stickiness,202,stay_rate,0.612152553329024
M3_block_alpha_stickiness,202,switch_after_loss,0.4497755331088664
M3_block_alpha_stickiness,202,switch_after_no_loss,0.3349316710620954
M3_block_alpha_stickiness,203,optimal_choice,0.593923723335488
M3_block_alpha_stickiness,203,choose_blue,0.5293589743589744
M3_block_alpha_stickiness,203,stay_rate,0.6011635423400129
M3_block_alpha_stickiness,203,switch_after_loss,0.46744384418538526
M3_block_alpha_stickiness,203,switch_after_no_loss,0.34163110478899955
M3_block_alpha_stickiness,204,optimal_choice,0.5980607627666451
M3_block_alpha_stickiness,204,choose_blue,0.5376923076923077
M3_block_alpha_stickiness,204,stay_rate,0.6195216548157725
M3_block_alpha_stickiness,204,switch_after_loss,0.44457142857142856
M3_block_alpha_stickiness,204,switch_after_no_loss,0.32750885478158204
M3_block_alpha_stickiness,205,optimal_choice,0.5954751131221719
M3_block_alpha_stickiness,205,choose_blue,0.5253846153846153
M3_block_alpha_stickiness,205,stay_rate,0.6161603102779574
M3_block_alpha_stickiness,205,switch_after_loss,0.449528563505269
M3_block_alpha_stickiness,205,switch_after_no_loss,0.3264713005570356
M3_block_alpha_stickiness,206,optimal_choice,0.5846153846153846
M3_block_alpha_stickiness,206,choose_blue,0.5279487179487179
M3_block_alpha_stickiness,206,stay_rate,0.6093083387201034
M3_block_alpha_stickiness,206,switch_after_loss,0.4494658997534922
M3_block_alpha_stickiness,206,switch_after_no_loss,0.3381488736532811
M3_block_alpha_stickiness,207,optimal_choice,0.6080155138978668
M3_block_alpha_stickiness,207,choose_blue,0.5232051282051282
M3_block_alpha_stickiness,207,stay_rate,0.6190045248868778
M3_block_alpha_stickiness,207,switch_after_loss,0.45498301245753114
M3_block_alpha_stickiness,207,switch_after_no_loss,0.31881989055436594
M3_block_alpha_stickiness,208,optimal_choice,0.6010342598577892
M3_block_alpha_stickiness,208,choose_blue,0.5274358974358975
M3_block_alpha_stickiness,208,stay_rate,0.6078862314156431
M3_block_alpha_stickiness,208,switch_after_loss,0.46622401847575057
M3_block_alpha_stickiness,208,switch_after_no_loss,0.33200655584172323
M3_block_alpha_stickiness,209,optimal_choice,0.6084033613445378
M3_block_alpha_stickiness,209,choose_blue,0.5194871794871795
M3_block_alpha_stickiness,209,stay_rate,0.6204266321913381
M3_block_alpha_stickiness,209,switch_after_loss,0.45718349928876245
M3_block_alpha_stickiness,209,switch_after_no_loss,0.31492890995260664
M3_block_alpha_stickiness,210,optimal_choice,0.5944408532643827
M3_block_alpha_stickiness,210,choose_blue,0.5262820512820513
M3_block_alpha_stickiness,210,stay_rate,0.6129282482223659
M3_block_alpha_stickiness,210,switch_after_loss,0.4542905215928211
M3_block_alpha_stickiness,210,switch_after_no_loss,0.32957543775485726
M3_block_alpha_stickiness,211,optimal_choice,0.6094376212023271
M3_block_alpha_stickiness,211,choose_blue,0.522948717948718
M3_block_alpha_stickiness,211,stay_rate,0.6081447963800904
M3_block_alpha_stickiness,211,switch_after_loss,0.4646840148698885
M3_block_alpha_stickiness,211,switch_after_no_loss,0.3317602642756017
M3_block_alpha_stickiness,212,optimal_choice,0.5958629605688429
M3_block_alpha_stickiness,212,choose_blue,0.5223076923076924
M3_block_alpha_stickiness,212,stay_rate,0.621590174531351
M3_block_alpha_stickiness,212,switch_after_loss,0.44682048396173324
M3_block_alpha_stickiness,212,switch_after_no_loss,0.3202583114087539
M3_block_alpha_stickiness,213,optimal_choice,0.5895281189398837
M3_block_alpha_stickiness,213,choose_blue,0.5293589743589744
M3_block_alpha_stickiness,213,stay_rate,0.6106011635423401
M3_block_alpha_stickiness,213,switch_after_loss,0.4526668528344038
M3_block_alpha_stickiness,213,switch_after_no_loss,0.33485796822339914
M3_block_alpha_stickiness,214,optimal_choice,0.604137039431157
M3_block_alpha_stickiness,214,choose_blue,0.5230769230769231
M3_block_alpha_stickiness,214,stay_rate,0.6124111182934713
M3_block_alpha_stickiness,214,switch_after_loss,0.4632862288722638
M3_block_alpha_stickiness,214,switch_after_no_loss,0.3213766359670383
M3_block_alpha_stickiness,215,optimal_choice,0.6029734970911441
M3_block_alpha_stickiness,215,choose_blue,0.5303846153846153
M3_block_alpha_stickiness,215,stay_rate,0.6059469941822883
M3_block_alpha_stickiness,215,switch_after_loss,0.46934097421203436
M3_block_alpha_stickiness,215,switch_after_no_loss,0.3321554770318021
M3_block_alpha_stickiness,216,optimal_choice,0.6072398190045248
M3_block_alpha_stickiness,216,choose_blue,0.5271794871794871
M3_block_alpha_stickiness,216,stay_rate,0.6094376212023271
M3_block_alpha_stickiness,216,switch_after_loss,0.47017045454545453
M3_block_alpha_stickiness,216,switch_after_no_loss,0.3240806642941874
M3_block_alpha_stickiness,217,optimal_choice,0.609049773755656
M3_block_alpha_stickiness,217,choose_blue,0.5379487179487179
M3_block_alpha_stickiness,217,stay_rate,0.6047834518422753
M3_block_alpha_stickiness,217,switch_after_loss,0.46960227272727273
M3_block_alpha_stickiness,217,switch_after_no_loss,0.3330960854092527
M3_block_alpha_stickiness,218,optimal_choice,0.5930187459599224
M3_block_alpha_stickiness,218,choose_blue,0.5153846153846153
M3_block_alpha_stickiness,218,stay_rate,0.61590174531351
M3_block_alpha_stickiness,218,switch_after_loss,0.44397759103641454
M3_block_alpha_stickiness,218,switch_after_no_loss,0.33277310924369746
M3_block_alpha_stickiness,219,optimal_choice,0.595087265675501
M3_block_alpha_stickiness,219,choose_blue,0.5191025641025641
M3_block_alpha_stickiness,219,stay_rate,0.6093083387201034
M3_block_alpha_stickiness,219,switch_after_loss,0.46171107994389904
M3_block_alpha_stickiness,219,switch_after_no_loss,0.3299760191846523
M3_block_alpha_stickiness,220,optimal_choice,0.5941822882999354
M3_block_alpha_stickiness,220,choose_blue,0.5307692307692308
M3_block_alpha_stickiness,220,stay_rate,0.6157724628312864
M3_block_alpha_stickiness,220,switch_after_loss,0.4521985815602837
M3_block_alpha_stickiness,220,switch_after_no_loss,0.3273159144893112
M3_block_alpha_stickiness,221,optimal_choice,0.5983193277310924
M3_block_alpha_stickiness,221,choose_blue,0.5146153846153846
M3_block_alpha_stickiness,221,stay_rate,0.6131868131868132
M3_block_alpha_stickiness,221,switch_after_loss,0.4450305385896724
M3_block_alpha_stickiness,221,switch_after_no_loss,0.33607548995886766
M3_block_alpha_stickiness,222,optimal_choice,0.5906916612798966
M3_block_alpha_stickiness,222,choose_blue,0.5191025641025641
M3_block_alpha_stickiness,222,stay_rate,0.611764705882353
M3_block_alpha_stickiness,222,switch_after_loss,0.455205135361429
M3_block_alpha_stickiness,222,switch_after_no_loss,0.3304431599229287
M3_block_alpha_stickiness,223,optimal_choice,0.5887524240465417
M3_block_alpha_stickiness,223,choose_blue,0.522051282051282
M3_block_alpha_stickiness,223,stay_rate,0.6177117000646413
M3_block_alpha_stickiness,223,switch_after_loss,0.44956691813355687
M3_block_alpha_stickiness,223,switch_after_no_loss,0.32435033686236764
M3_block_alpha_stickiness,224,optimal_choice,0.6077569489334195
M3_block_alpha_stickiness,224,choose_blue,0.5185897435897436
M3_block_alpha_stickiness,224,stay_rate,0.6076276664511958
M3_block_alpha_stickiness,224,switch_after_loss,0.45760776477305165
M3_block_alpha_stickiness,224,switch_after_no_loss,0.3383742911153119
M3_block_alpha_stickiness,225,optimal_choice,0.6058177117000646
M3_block_alpha_stickiness,225,choose_blue,0.5226923076923077
M3_block_alpha_stickiness,225,stay_rate,0.6222365869424693
M3_block_alpha_stickiness,225,switch_after_loss,0.456459874786568
M3_block_alpha_stickiness,225,switch_after_no_loss,0.3122482823975361
M3_block_alpha_stickiness,226,optimal_choice,0.5905623787976729
M3_block_alpha_stickiness,226,choose_blue,0.5158974358974359
M3_block_alpha_stickiness,226,stay_rate,0.5932773109243697
M3_block_alpha_stickiness,226,switch_after_loss,0.4752475247524752
M3_block_alpha_stickiness,226,switch_after_no_loss,0.34593803366674797
M3_block_alpha_stickiness,227,optimal_choice,0.6076276664511958
M3_block_alpha_stickiness,227,choose_blue,0.5271794871794871
M3_block_alpha_stickiness,227,stay_rate,0.5990950226244344
M3_block_alpha_stickiness,227,switch_after_loss,0.4747725392886683
M3_block_alpha_stickiness,227,switch_after_no_loss,0.3356864654333009
M3_block_alpha_stickiness,228,optimal_choice,0.5909502262443439
M3_block_alpha_stickiness,228,choose_blue,0.5228205128205128
M3_block_alpha_stickiness,228,stay_rate,0.5930187459599224
M3_block_alpha_stickiness,228,switch_after_loss,0.47474460839954596
M3_block_alpha_stickiness,228,switch_after_no_loss,0.35027309427689385
M3_block_alpha_stickiness,229,optimal_choice,0.6012928248222366
M3_block_alpha_stickiness,229,choose_blue,0.5215384615384615
M3_block_alpha_stickiness,229,stay_rate,0.6139625080801552
M3_block_alpha_stickiness,229,switch_after_loss,0.45639288738357325
M3_block_alpha_stickiness,229,switch_after_no_loss,0.32657442748091603
M3_block_alpha_stickiness,230,optimal_choice,0.609049773755656
M3_block_alpha_stickiness,230,choose_blue,0.5261538461538462
M3_block_alpha_stickiness,230,stay_rate,0.5913380736910149
M3_block_alpha_stickiness,230,switch_after_loss,0.4768663071246097
M3_block_alpha_stickiness,230,switch_after_no_loss,0.3516144349477683
M3_block_alpha_stickiness,231,optimal_choice,0.5921137685843568
M3_block_alpha_stickiness,231,choose_blue,0.5356410256410257
M3_block_alpha_stickiness,231,stay_rate,0.6094376212023271
M3_block_alpha_stickiness,231,switch_after_loss,0.45835662381218556
M3_block_alpha_stickiness,231,switch_after_no_loss,0.3322107288910272
M3_block_alpha_stickiness,232,optimal_choice,0.5983193277310924
M3_block_alpha_stickiness,232,choose_blue,0.5183333333333333
M3_block_alpha_stickiness,232,stay_rate,0.6071105365223012
M3_block_alpha_stickiness,232,switch_after_loss,0.4731152204836415
M3_block_alpha_stickiness,232,switch_after_no_loss,0.32606635071090045
M3_block_alpha_stickiness,233,optimal_choice,0.5952165481577246
M3_block_alpha_stickiness,233,choose_blue,0.5125641025641026
M3_block_alpha_stickiness,233,stay_rate,0.5913380736910149
M3_block_alpha_stickiness,233,switch_after_loss,0.47591362126245845
M3_block_alpha_stickiness,233,switch_after_no_loss,0.34974533106960953
M3_block_alpha_stickiness,234,optimal_choice,0.6002585649644473
M3_block_alpha_stickiness,234,choose_blue,0.536025641025641
M3_block_alpha_stickiness,234,stay_rate,0.6034906270200388
M3_block_alpha_stickiness,234,switch_after_loss,0.4680249009620826
M3_block_alpha_stickiness,234,switch_after_no_loss,0.3363484884551297
M3_block_alpha_stickiness,235,optimal_choice,0.6021978021978022
M3_block_alpha_stickiness,235,choose_blue,0.5226923076923077
M3_block_alpha_stickiness,235,stay_rate,0.6129282482223659
M3_block_alpha_stickiness,235,switch_after_loss,0.4576027594136246
M3_block_alpha_stickiness,235,switch_after_no_loss,0.3294172932330827
M3_block_alpha_stickiness,236,optimal_choice,0.6072398190045248
M3_block_alpha_stickiness,236,choose_blue,0.5224358974358975
M3_block_alpha_stickiness,236,stay_rate,0.6042663219133807
M3_block_alpha_stickiness,236,switch_after_loss,0.4769187199093741
M3_block_alpha_stickiness,236,switch_after_no_loss,0.3275451950523311
M3_block_alpha_stickiness,237,optimal_choice,0.58939883645766
M3_block_alpha_stickiness,237,choose_blue,0.5296153846153846
M3_block_alpha_stickiness,237,stay_rate,0.6068519715578539
M3_block_alpha_stickiness,237,switch_after_loss,0.4560224089635854
M3_block_alpha_stickiness,237,switch_after_no_loss,0.33925570228091234
M3_block_alpha_stickiness,238,optimal_choice,0.589786683904331
M3_block_alpha_stickiness,238,choose_blue,0.5180769230769231
M3_block_alpha_stickiness,238,stay_rate,0.598836457659987
M3_block_alpha_stickiness,238,switch_after_loss,0.47106288258208123
M3_block_alpha_stickiness,238,switch_after_no_loss,0.3404974643805844
M3_block_alpha_stickiness,239,optimal_choice,0.6023270846800258
M3_block_alpha_stickiness,239,choose_blue,0.513974358974359
M3_block_alpha_stickiness,239,stay_rate,0.6271493212669683
M3_block_alpha_stickiness,239,switch_after_loss,0.4314663664508866
M3_block_alpha_stickiness,239,switch_after_no_loss,0.3230511716881875
M3_block_alpha_stickiness,240,optimal_choice,0.6036199095022624
M3_block_alpha_stickiness,240,choose_blue,0.525
M3_block_alpha_stickiness,240,stay_rate,0.6063348416289592
M3_block_alpha_stickiness,240,switch_after_loss,0.4696180555555556
M3_block_alpha_stickiness,240,switch_after_no_loss,0.332320635662538
M3_block_alpha_stickiness,241,optimal_choice,0.6014221073044602
M3_block_alpha_stickiness,241,choose_blue,0.5314102564102564
M3_block_alpha_stickiness,241,stay_rate,0.5961215255332902
M3_block_alpha_stickiness,241,switch_after_loss,0.4705052215636466
M3_block_alpha_stickiness,241,switch_after_no_loss,0.3475667938931298
M3_block_alpha_stickiness,242,optimal_choice,0.6085326438267614
M3_block_alpha_stickiness,242,choose_blue,0.5133333333333333
M3_block_alpha_stickiness,242,stay_rate,0.6237879767291532
M3_block_alpha_stickiness,242,switch_after_loss,0.4511707595659623
M3_block_alpha_stickiness,242,switch_after_no_loss,0.3141979683439641
M3_block_alpha_stickiness,243,optimal_choice,0.5954751131221719
M3_block_alpha_stickiness,243,choose_blue,0.5088461538461538
M3_block_alpha_stickiness,243,stay_rate,0.5959922430510666
M3_block_alpha_stickiness,243,switch_after_loss,0.4739178690344062
M3_block_alpha_stickiness,243,switch_after_no_loss,0.3430162188332123
M3_block_alpha_stickiness,244,optimal_choice,0.5895281189398837
M3_block_alpha_stickiness,244,choose_blue,0.5269230769230769
M3_block_alpha_stickiness,244,stay_rate,0.6135746606334842
M3_block_alpha_stickiness,244,switch_after_loss,0.43862565807702963
M3_block_alpha_stickiness,244,switch_after_no_loss,0.34076587493940863
M3_block_alpha_stickiness,245,optimal_choice,0.6014221073044602
M3_block_alpha_stickiness,245,choose_blue,0.5212820512820513
M3_block_alpha_stickiness,245,stay_rate,0.6091790562378797
M3_block_alpha_stickiness,245,switch_after_loss,0.45740534521158127
M3_block_alpha_stickiness,245,switch_after_no_loss,0.333091962346126
M3_block_alpha_stickiness,246,optimal_choice,0.5959922430510666
M3_block_alpha_stickiness,246,choose_blue,0.5384615384615384
M3_block_alpha_stickiness,246,stay_rate,0.609049773755656
M3_block_alpha_stickiness,246,switch_after_loss,0.4612994350282486
M3_block_alpha_stickiness,246,switch_after_no_loss,0.33158522050059597
M3_block_alpha_stickiness,247,optimal_choice,0.6067226890756302
M3_block_alpha_stickiness,247,choose_blue,0.5367948717948718
M3_block_alpha_stickiness,247,stay_rate,0.5981900452488688
M3_block_alpha_stickiness,247,switch_after_loss,0.4894842984730625
M3_block_alpha_stickiness,247,switch_after_no_loss,0.3304409005628518
M3_block_alpha_stickiness,248,optimal_choice,0.5975436328377505
M3_block_alpha_stickiness,248,choose_blue,0.5255128205128206
M3_block_alpha_stickiness,248,stay_rate,0.6241758241758242
M3_block_alpha_stickiness,248,switch_after_loss,0.4507874015748031
M3_block_alpha_stickiness,248,switch_after_no_loss,0.3120363723378799
M3_block_alpha_stickiness,249,optimal_choice,0.5989657401422107
M3_block_alpha_stickiness,249,choose_blue,0.5111538461538462
M3_block_alpha_stickiness,249,stay_rate,0.6107304460245637
M3_block_alpha_stickiness,249,switch_after_loss,0.4507120915945267
M3_block_alpha_stickiness,249,switch_after_no_loss,0.3363023591718825
M3_block_alpha_stickiness,250,optimal_choice,0.590174531351002
M3_block_alpha_stickiness,250,choose_blue,0.5307692307692308
M3_block_alpha_stickiness,250,stay_rate,0.6094376212023271
M3_block_alpha_stickiness,250,switch_after_loss,0.46013986013986014
M3_block_alpha_stickiness,250,switch_after_no_loss,0.33076923076923076
M3_block_alpha_stickiness,251,optimal_choice,0.5967679379444085
M3_block_alpha_stickiness,251,choose_blue,0.5148717948717949
M3_block_alpha_stickiness,251,stay_rate,0.6096961861667745
M3_block_alpha_stickiness,251,switch_after_loss,0.4541399498187901
M3_block_alpha_stickiness,251,switch_after_no_loss,0.3351012536162006
M3_block_alpha_stickiness,252,optimal_choice,0.6059469941822883
M3_block_alpha_stickiness,252,choose_blue,0.5232051282051282
M3_block_alpha_stickiness,252,stay_rate,0.6102133160956691
M3_block_alpha_stickiness,252,switch_after_loss,0.4539928156949434
M3_block_alpha_stickiness,252,switch_after_no_loss,0.3333333333333333
M3_block_alpha_stickiness,253,optimal_choice,0.5997414350355527
M3_block_alpha_stickiness,253,choose_blue,0.53
M3_block_alpha_stickiness,253,stay_rate,0.6240465416936005
M3_block_alpha_stickiness,253,switch_after_loss,0.44519966015293116
M3_block_alpha_stickiness,253,switch_after_no_loss,0.31779257849666986
M3_block_alpha_stickiness,254,optimal_choice,0.6015513897866839
M3_block_alpha_stickiness,254,choose_blue,0.5117948717948718
M3_block_alpha_stickiness,254,stay_rate,0.6076276664511958
M3_block_alpha_stickiness,254,switch_after_loss,0.45988857938718664
M3_block_alpha_stickiness,254,switch_after_no_loss,0.3338962605548854
M3_block_alpha_stickiness,255,optimal_choice,0.5976729153199741
M3_block_alpha_stickiness,255,choose_blue,0.5174358974358975
M3_block_alpha_stickiness,255,stay_rate,0.6065934065934065
M3_block_alpha_stickiness,255,switch_after_loss,0.4689966178128523
M3_block_alpha_stickiness,255,switch_after_no_loss,0.32935275853833296
M3_block_alpha_stickiness,256,optimal_choice,0.5945701357466063
M3_block_alpha_stickiness,256,choose_blue,0.5224358974358975
M3_block_alpha_stickiness,256,stay_rate,0.604912734324499
M3_block_alpha_stickiness,256,switch_after_loss,0.4550235261555494
M3_block_alpha_stickiness,256,switch_after_no_loss,0.3425521591460456
M3_block_alpha_stickiness,257,optimal_choice,0.6005171299288946
M3_block_alpha_stickiness,257,choose_blue,0.5226923076923077
M3_block_alpha_stickiness,257,stay_rate,0.6126696832579186
M3_block_alpha_stickiness,257,switch_after_loss,0.4628311022500712
M3_block_alpha_stickiness,257,switch_after_no_loss,0.32457386363636365
M3_block_alpha_stickiness,258,optimal_choice,0.6024563671622495
M3_block_alpha_stickiness,258,choose_blue,0.5155128205128205
M3_block_alpha_stickiness,258,stay_rate,0.6169360051712993
M3_block_alpha_stickiness,258,switch_after_loss,0.4564489112227806
M3_block_alpha_stickiness,258,switch_after_no_loss,0.31976884180110765
M3_block_alpha_stickiness,259,optimal_choice,0.6021978021978022
M3_block_alpha_stickiness,259,choose_blue,0.5278205128205128
M3_block_alpha_stickiness,259,stay_rate,0.6108597285067874
M3_block_alpha_stickiness,259,switch_after_loss,0.4721254355400697
M3_block_alpha_stickiness,259,switch_after_no_loss,0.3225355395012818
M3_block_alpha_stickiness,260,optimal_choice,0.5984486102133161
M3_block_alpha_stickiness,260,choose_blue,0.5311538461538462
M3_block_alpha_stickiness,260,stay_rate,0.611376858435682
M3_block_alpha_stickiness,260,switch_after_loss,0.45082433200682204
M3_block_alpha_stickiness,260,switch_after_no_loss,0.3367322741285274
M3_block_alpha_stickiness,261,optimal_choice,0.5949579831932773
M3_block_alpha_stickiness,261,choose_blue,0.5273076923076923
M3_block_alpha_stickiness,261,stay_rate,0.6144796380090498
M3_block_alpha_stickiness,261,switch_after_loss,0.45646661031276414
M3_block_alpha_stickiness,261,switch_after_no_loss,0.325370281892021
M3_block_alpha_stickiness,262,optimal_choice,0.6021978021978022
M3_block_alpha_stickiness,262,choose_blue,0.5252564102564102
M3_block_alpha_stickiness,262,stay_rate,0.6130575307045896
M3_block_alpha_stickiness,262,switch_after_loss,0.45247359644246804
M3_block_alpha_stickiness,262,switch_after_no_loss,0.3299492385786802
M3_block_alpha_stickiness,263,optimal_choice,0.5925016160310278
M3_block_alpha_stickiness,263,choose_blue,0.5232051282051282
M3_block_alpha_stickiness,263,stay_rate,0.6020685197155785
M3_block_alpha_stickiness,263,switch_after_loss,0.4688026981450253
M3_block_alpha_stickiness,263,switch_after_no_loss,0.33756284414651666
M3_block_alpha_stickiness,264,optimal_choice,0.6028442146089205
M3_block_alpha_stickiness,264,choose_blue,0.5284615384615384
M3_block_alpha_stickiness,264,stay_rate,0.6077569489334195
M3_block_alpha_stickiness,264,switch_after_loss,0.4661016949152542
M3_block_alpha_stickiness,264,switch_after_no_loss,0.3299165673420739
M3_block_alpha_stickiness,265,optimal_choice,0.6037491919844861
M3_block_alpha_stickiness,265,choose_blue,0.5288461538461539
M3_block_alpha_stickiness,265,stay_rate,0.6175824175824176
M3_block_alpha_stickiness,265,switch_after_loss,0.4453498173644282
M3_block_alpha_stickiness,265,switch_after_no_loss,0.3287835249042146
M3_block_alpha_stickiness,266,optimal_choice,0.5937944408532644
M3_block_alpha_stickiness,266,choose_blue,0.5221794871794871
M3_block_alpha_stickiness,266,stay_rate,0.6089204912734324
M3_block_alpha_stickiness,266,switch_after_loss,0.45623784384551264
M3_block_alpha_stickiness,266,switch_after_no_loss,0.33438104448742745
M3_block_alpha_stickiness,267,optimal_choice,0.6021978021978022
M3_block_alpha_stickiness,267,choose_blue,0.5297435897435897
M3_block_alpha_stickiness,267,stay_rate,0.612152553329024
M3_block_alpha_stickiness,267,switch_after_loss,0.46489241223103056
M3_block_alpha_stickiness,267,switch_after_no_loss,0.3231025458006186
M3_block_alpha_stickiness,268,optimal_choice,0.6005171299288946
M3_block_alpha_stickiness,268,choose_blue,0.5208974358974359
M3_block_alpha_stickiness,268,stay_rate,0.617453135100194
M3_block_alpha_stickiness,268,switch_after_loss,0.4573888091822095
M3_block_alpha_stickiness,268,switch_after_no_loss,0.3211764705882353
M3_block_alpha_stickiness,269,optimal_choice,0.5930187459599224
M3_block_alpha_stickiness,269,choose_blue,0.5212820512820513
M3_block_alpha_stickiness,269,stay_rate,0.6073691014867485
M3_block_alpha_stickiness,269,switch_after_loss,0.47013432409259787
M3_block_alpha_stickiness,269,switch_after_no_loss,0.3286118980169972
M3_block_alpha_stickiness,270,optimal_choice,0.6050420168067226
M3_block_alpha_stickiness,270,choose_blue,0.5208974358974359
M3_block_alpha_stickiness,270,stay_rate,0.6054298642533936
M3_block_alpha_stickiness,270,switch_after_loss,0.4646840148698885
M3_block_alpha_stickiness,270,switch_after_no_loss,0.33671543180745633
M3_block_alpha_stickiness,271,optimal_choice,0.5927601809954751
M3_block_alpha_stickiness,271,choose_blue,0.5212820512820513
M3_block_alpha_stickiness,271,stay_rate,0.6250808015513898
M3_block_alpha_stickiness,271,switch_after_loss,0.44031311154598823
M3_block_alpha_stickiness,271,switch_after_no_loss,0.31866281866281865
M3_block_alpha_stickiness,272,optimal_choice,0.6014221073044602
M3_block_alpha_stickiness,272,choose_blue,0.5208974358974359
M3_block_alpha_stickiness,272,stay_rate,0.6081447963800904
M3_block_alpha_stickiness,272,switch_after_loss,0.46138669673055244
M3_block_alpha_stickiness,272,switch_after_no_loss,0.3329352758538333
M3_block_alpha_stickiness,273,optimal_choice,0.5983193277310924
M3_block_alpha_stickiness,273,choose_blue,0.5252564102564102
M3_block_alpha_stickiness,273,stay_rate,0.6042663219133807
M3_block_alpha_stickiness,273,switch_after_loss,0.4609769792251544
M3_block_alpha_stickiness,273,switch_after_no_loss,0.3400431344356578
M3_block_alpha_stickiness,274,optimal_choice,0.5860374919198449
M3_block_alpha_stickiness,274,choose_blue,0.518974358974359
M3_block_alpha_stickiness,274,stay_rate,0.6180995475113122
M3_block_alpha_stickiness,274,switch_after_loss,0.4437587657784011
M3_block_alpha_stickiness,274,switch_after_no_loss,0.3290167865707434
M3_block_alpha_stickiness,275,optimal_choice,0.6036199095022624
M3_block_alpha_stickiness,275,choose_blue,0.5276923076923077
M3_block_alpha_stickiness,275,stay_rate,0.6133160956690369
M3_block_alpha_stickiness,275,switch_after_loss,0.4631519274376417
M3_block_alpha_stickiness,275,switch_after_no_loss,0.3225576420251961
M3_block_alpha_stickiness,276,optimal_choice,0.5958629605688429
M3_block_alpha_stickiness,276,choose_blue,0.535
M3_block_alpha_stickiness,276,stay_rate,0.6262443438914027
M3_block_alpha_stickiness,276,switch_after_loss,0.4487542468856172
M3_block_alpha_stickiness,276,switch_after_no_loss,0.31073043064477757
M3_block_alpha_stickiness,277,optimal_choice,0.6011635423400129
M3_block_alpha_stickiness,277,choose_blue,0.5341025641025641
M3_block_alpha_stickiness,277,stay_rate,0.6142210730446025
M3_block_alpha_stickiness,277,switch_after_loss,0.45801309422146314
M3_block_alpha_stickiness,277,switch_after_no_loss,0.3256750355281857
M3_block_alpha_stickiness,278,optimal_choice,0.6021978021978022
M3_block_alpha_stickiness,278,choose_blue,0.5282051282051282
M3_block_alpha_stickiness,278,stay_rate,0.6102133160956691
M3_block_alpha_stickiness,278,switch_after_loss,0.450731981981982
M3_block_alpha_stickiness,278,switch_after_no_loss,0.3380349031795362
M3_block_alpha_stickiness,279,optimal_choice,0.5953458306399483
M3_block_alpha_stickiness,279,choose_blue,0.5221794871794871
M3_block_alpha_stickiness,279,stay_rate,0.6096961861667745
M3_block_alpha_stickiness,279,switch_after_loss,0.4563324908733502
M3_block_alpha_stickiness,279,switch_after_no_loss,0.33397220891231433
M3_block_alpha_stickiness,280,optimal_choice,0.5968972204266322
M3_block_alpha_stickiness,280,choose_blue,0.5152564102564102
M3_block_alpha_stickiness,280,stay_rate,0.6213316095669037
M3_block_alpha_stickiness,280,switch_after_loss,0.43525077925758004
M3_block_alpha_stickiness,280,switch_after_no_loss,0.3311935330480266
M3_block_alpha_stickiness,281,optimal_choice,0.6019392372333549
M3_block_alpha_stickiness,281,choose_blue,0.5153846153846153
M3_block_alpha_stickiness,281,stay_rate,0.6197802197802198
M3_block_alpha_stickiness,281,switch_after_loss,0.4671015314804311
M3_block_alpha_stickiness,281,switch_after_no_loss,0.30743644571157047
M3_block_alpha_stickiness,282,optimal_choice,0.594311570782159
M3_block_alpha_stickiness,282,choose_blue,0.54
M3_block_alpha_stickiness,282,stay_rate,0.6043956043956044
M3_block_alpha_stickiness,282,switch_after_loss,0.4634146341463415
M3_block_alpha_stickiness,282,switch_after_no_loss,0.33757197696737046
M3_block_alpha_stickiness,283,optimal_choice,0.6063348416289592
M3_block_alpha_stickiness,283,choose_blue,0.5085897435897436
M3_block_alpha_stickiness,283,stay_rate,0.6171945701357466
M3_block_alpha_stickiness,283,switch_after_loss,0.45172219085262566
M3_block_alpha_stickiness,283,switch_after_no_loss,0.32458860004769857
M3_block_alpha_stickiness,284,optimal_choice,0.5940530058177117
M3_block_alpha_stickiness,284,choose_blue,0.5166666666666667
M3_block_alpha_stickiness,284,stay_rate,0.6168067226890757
M3_block_alpha_stickiness,284,switch_after_loss,0.4418278665545276
M3_block_alpha_stickiness,284,switch_after_no_loss,0.3330134357005758
M3_block_alpha_stickiness,285,optimal_choice,0.5928894634776988
M3_block_alpha_stickiness,285,choose_blue,0.5234615384615384
M3_block_alpha_stickiness,285,stay_rate,0.6085326438267614
M3_block_alpha_stickiness,285,switch_after_loss,0.45481682496607867
M3_block_alpha_stickiness,285,switch_after_no_loss,0.33382716049382716
M3_block_alpha_stickiness,286,optimal_choice,0.6095669036845508
M3_block_alpha_stickiness,286,choose_blue,0.5178205128205128
M3_block_alpha_stickiness,286,stay_rate,0.6095669036845508
M3_block_alpha_stickiness,286,switch_after_loss,0.4660388127853881
M3_block_alpha_stickiness,286,switch_after_no_loss,0.3278184826282203
M3_block_alpha_stickiness,287,optimal_choice,0.6029734970911441
M3_block_alpha_stickiness,287,choose_blue,0.5271794871794871
M3_block_alpha_stickiness,287,stay_rate,0.6131868131868132
M3_block_alpha_stickiness,287,switch_after_loss,0.46017699115044247
M3_block_alpha_stickiness,287,switch_after_no_loss,0.32608695652173914
M3_block_alpha_stickiness,288,optimal_choice,0.5970265029088558
M3_block_alpha_stickiness,288,choose_blue,0.5164102564102564
M3_block_alpha_stickiness,288,stay_rate,0.6111182934712347
M3_block_alpha_stickiness,288,switch_after_loss,0.46123595505617976
M3_block_alpha_stickiness,288,switch_after_no_loss,0.32718562874251494
M3_block_alpha_stickiness,289,optimal_choice,0.5978021978021978
M3_block_alpha_stickiness,289,choose_blue,0.5319230769230769
M3_block_alpha_stickiness,289,stay_rate,0.6193923723335488
M3_block_alpha_stickiness,289,switch_after_loss,0.45285714285714285
M3_block_alpha_stickiness,289,switch_after_no_loss,0.3208972845336482
M3_block_alpha_stickiness,290,optimal_choice,0.5891402714932127
M3_block_alpha_stickiness,290,choose_blue,0.5253846153846153
M3_block_alpha_stickiness,290,stay_rate,0.6202973497091144
M3_block_alpha_stickiness,290,switch_after_loss,0.44175158358578903
M3_block_alpha_stickiness,290,switch_after_no_loss,0.3248050682261209
M3_block_alpha_stickiness,291,optimal_choice,0.5965093729799612
M3_block_alpha_stickiness,291,choose_blue,0.5173076923076924
M3_block_alpha_stickiness,291,stay_rate,0.6
M3_block_alpha_stickiness,291,switch_after_loss,0.4561640140275155
M3_block_alpha_stickiness,291,switch_after_no_loss,0.3483118172790467
M3_block_alpha_stickiness,292,optimal_choice,0.5824175824175825
M3_block_alpha_stickiness,292,choose_blue,0.5235897435897436
M3_block_alpha_stickiness,292,stay_rate,0.6259857789269554
M3_block_alpha_stickiness,292,switch_after_loss,0.43249299719887957
M3_block_alpha_stickiness,292,switch_after_no_loss,0.3238895558223289
M3_block_alpha_stickiness,293,optimal_choice,0.6098254686489981
M3_block_alpha_stickiness,293,choose_blue,0.5371794871794872
M3_block_alpha_stickiness,293,stay_rate,0.617453135100194
M3_block_alpha_stickiness,293,switch_after_loss,0.4637096774193548
M3_block_alpha_stickiness,293,switch_after_no_loss,0.3164438189068731
M3_block_alpha_stickiness,294,optimal_choice,0.6151260504201681
M3_block_alpha_stickiness,294,choose_blue,0.5205128205128206
M3_block_alpha_stickiness,294,stay_rate,0.6011635423400129
M3_block_alpha_stickiness,294,switch_after_loss,0.4720782959124928
M3_block_alpha_stickiness,294,switch_after_no_loss,0.3391222717671908
M3_block_alpha_stickiness,295,optimal_choice,0.58939883645766
M3_block_alpha_stickiness,295,choose_blue,0.5280769230769231
M3_block_alpha_stickiness,295,stay_rate,0.6055591467356173
M3_block_alpha_stickiness,295,switch_after_loss,0.445125348189415
M3_block_alpha_stickiness,295,switch_after_no_loss,0.3505428226779252
M3_block_alpha_stickiness,296,optimal_choice,0.5895281189398837
M3_block_alpha_stickiness,296,choose_blue,0.5208974358974359
M3_block_alpha_stickiness,296,stay_rate,0.6072398190045248
M3_block_alpha_stickiness,296,switch_after_loss,0.4469675990030462
M3_block_alpha_stickiness,296,switch_after_no_loss,0.3452958292919496
M3_block_alpha_stickiness,297,optimal_choice,0.5917259211376859
M3_block_alpha_stickiness,297,choose_blue,0.5135897435897436
M3_block_alpha_stickiness,297,stay_rate,0.6094376212023271
M3_block_alpha_stickiness,297,switch_after_loss,0.4492273730684327
M3_block_alpha_stickiness,297,switch_after_no_loss,0.3388469958647531
M3_block_alpha_stickiness,298,optimal_choice,0.616289592760181
M3_block_alpha_stickiness,298,choose_blue,0.5301282051282051
M3_block_alpha_stickiness,298,stay_rate,0.6129282482223659
M3_block_alpha_stickiness,298,switch_after_loss,0.46338639652677277
M3_block_alpha_stickiness,298,switch_after_no_loss,0.3254672897196262
M3_block_alpha_stickiness,299,optimal_choice,0.5905623787976729
M3_block_alpha_stickiness,299,choose_blue,0.5279487179487179
M3_block_alpha_stickiness,299,stay_rate,0.6205559146735617
M3_block_alpha_stickiness,299,switch_after_loss,0.44526166902404524
M3_block_alpha_stickiness,299,switch_after_no_loss,0.32404761904761903
M3_block_alpha_stickiness,300,optimal_choice,0.6047834518422753
M3_block_alpha_stickiness,300,choose_blue,0.5244871794871795
M3_block_alpha_stickiness,300,stay_rate,0.6175824175824176
M3_block_alpha_stickiness,300,switch_after_loss,0.44797525309336333
M3_block_alpha_stickiness,300,switch_after_no_loss,0.32663316582914576
M4_block_alpha_full_response,1,optimal_choice,0.6029734970911441
M4_block_alpha_full_response,1,choose_blue,0.5264102564102564
M4_block_alpha_full_response,1,stay_rate,0.6169360051712993
M4_block_alpha_full_response,1,switch_after_loss,0.4574318628828323
M4_block_alpha_full_response,1,switch_after_no_loss,0.319683908045977
M4_block_alpha_full_response,2,optimal_choice,0.5984486102133161
M4_block_alpha_full_response,2,choose_blue,0.5184615384615384
M4_block_alpha_full_response,2,stay_rate,0.6072398190045248
M4_block_alpha_full_response,2,switch_after_loss,0.4668002289639382
M4_block_alpha_full_response,2,switch_after_no_loss,0.33176137703371844
M4_block_alpha_full_response,3,optimal_choice,0.6081447963800904
M4_block_alpha_full_response,3,choose_blue,0.5353846153846153
M4_block_alpha_full_response,3,stay_rate,0.611376858435682
M4_block_alpha_full_response,3,switch_after_loss,0.4624676445211389
M4_block_alpha_full_response,3,switch_after_no_loss,0.32832315641146076
M4_block_alpha_full_response,4,optimal_choice,0.5968972204266322
M4_block_alpha_full_response,4,choose_blue,0.5133333333333333
M4_block_alpha_full_response,4,stay_rate,0.6081447963800904
M4_block_alpha_full_response,4,switch_after_loss,0.4623900085154698
M4_block_alpha_full_response,4,switch_after_no_loss,0.3328584995251662
M4_block_alpha_full_response,5,optimal_choice,0.6021978021978022
M4_block_alpha_full_response,5,choose_blue,0.5212820512820513
M4_block_alpha_full_response,5,stay_rate,0.6074983839689722
M4_block_alpha_full_response,5,switch_after_loss,0.4615602836879433
M4_block_alpha_full_response,5,switch_after_no_loss,0.33467933491686463
M4_block_alpha_full_response,6,optimal_choice,0.6015513897866839
M4_block_alpha_full_response,6,choose_blue,0.5278205128205128
M4_block_alpha_full_response,6,stay_rate,0.6130575307045896
M4_block_alpha_full_response,6,switch_after_loss,0.4528781038374718
M4_block_alpha_full_response,6,switch_after_no_loss,0.3311858744929611
M4_block_alpha_full_response,7,optimal_choice,0.5970265029088558
M4_block_alpha_full_response,7,choose_blue,0.5174358974358975
M4_block_alpha_full_response,7,stay_rate,0.6104718810601164
M4_block_alpha_full_response,7,switch_after_loss,0.4533106960950764
M4_block_alpha_full_response,7,switch_after_no_loss,0.33587241133063556
M4_block_alpha_full_response,8,optimal_choice,0.5915966386554622
M4_block_alpha_full_response,8,choose_blue,0.5191025641025641
M4_block_alpha_full_response,8,stay_rate,0.5967679379444085
M4_block_alpha_full_response,8,switch_after_loss,0.46552675124103693
M4_block_alpha_full_response,8,switch_after_no_loss,0.34825991725480654
M4_block_alpha_full_response,9,optimal_choice,0.5914673561732385
M4_block_alpha_full_response,9,choose_blue,0.5306410256410257
M4_block_alpha_full_response,9,stay_rate,0.6139625080801552
M4_block_alpha_full_response,9,switch_after_loss,0.44951856946354884
M4_block_alpha_full_response,9,switch_after_no_loss,0.3297560975609756
M4_block_alpha_full_response,10,optimal_choice,0.6028442146089205
M4_block_alpha_full_response,10,choose_blue,0.5297435897435897
M4_block_alpha_full_response,10,stay_rate,0.5968972204266322
M4_block_alpha_full_response,10,switch_after_loss,0.47050601062342745
M4_block_alpha_full_response,10,switch_after_no_loss,0.3451178451178451
M4_block_alpha_full_response,11,optimal_choice,0.6133160956690369
M4_block_alpha_full_response,11,choose_blue,0.5296153846153846
M4_block_alpha_full_response,11,stay_rate,0.611376858435682
M4_block_alpha_full_response,11,switch_after_loss,0.4634216589861751
M4_block_alpha_full_response,11,switch_after_no_loss,0.3277034951911799
M4_block_alpha_full_response,12,optimal_choice,0.5965093729799612
M4_block_alpha_full_response,12,choose_blue,0.5302564102564102
M4_block_alpha_full_response,12,stay_rate,0.6112475759534584
M4_block_alpha_full_response,12,switch_after_loss,0.4575218741179791
M4_block_alpha_full_response,12,switch_after_no_loss,0.3306297709923664
M4_block_alpha_full_response,13,optimal_choice,0.5879767291531998
M4_block_alpha_full_response,13,choose_blue,0.5243589743589744
M4_block_alpha_full_response,13,stay_rate,0.6120232708468003
M4_block_alpha_full_response,13,switch_after_loss,0.44662123793299263
M4_block_alpha_full_response,13,switch_after_no_loss,0.33895086636600996
M4_block_alpha_full_response,14,optimal_choice,0.5949579831932773
M4_block_alpha_full_response,14,choose_blue,0.5280769230769231
M4_block_alpha_full_response,14,stay_rate,0.6287007110536522
M4_block_alpha_full_response,14,switch_after_loss,0.42975893599334997
M4_block_alpha_full_response,14,switch_after_no_loss,0.32016480853126517
M4_block_alpha_full_response,15,optimal_choice,0.6038784744667097
M4_block_alpha_full_response,15,choose_blue,0.5223076923076924
M4_block_alpha_full_response,15,stay_rate,0.6068519715578539
M4_block_alpha_full_response,15,switch_after_loss,0.47174034695019584
M4_block_alpha_full_response,15,switch_after_no_loss,0.3256428743090603
M4_block_alpha_full_response,16,optimal_choice,0.5927601809954751
M4_block_alpha_full_response,16,choose_blue,0.5221794871794871
M4_block_alpha_full_response,16,stay_rate,0.6248222365869425
M4_block_alpha_full_response,16,switch_after_loss,0.44083592205591643
M4_block_alpha_full_response,16,switch_after_no_loss,0.3197424892703863
M4_block_alpha_full_response,17,optimal_choice,0.6073691014867485
M4_block_alpha_full_response,17,choose_blue,0.5330769230769231
M4_block_alpha_full_response,17,stay_rate,0.6081447963800904
M4_block_alpha_full_response,17,switch_after_loss,0.46846590909090907
M4_block_alpha_full_response,17,switch_after_no_loss,0.32787663107947806
M4_block_alpha_full_response,18,optimal_choice,0.598836457659987
M4_block_alpha_full_response,18,choose_blue,0.5203846153846153
M4_block_alpha_full_response,18,stay_rate,0.6046541693600517
M4_block_alpha_full_response,18,switch_after_loss,0.4648318042813456
M4_block_alpha_full_response,18,switch_after_no_loss,0.3349444175930401
M4_block_alpha_full_response,19,optimal_choice,0.5983193277310924
M4_block_alpha_full_response,19,choose_blue,0.5314102564102564
M4_block_alpha_full_response,19,stay_rate,0.6081447963800904
M4_block_alpha_full_response,19,switch_after_loss,0.46118980169971674
M4_block_alpha_full_response,19,switch_after_no_loss,0.3336504161712247
M4_block_alpha_full_response,20,optimal_choice,0.6043956043956044
M4_block_alpha_full_response,20,choose_blue,0.5305128205128206
M4_block_alpha_full_response,20,stay_rate,0.6138332255979315
M4_block_alpha_full_response,20,switch_after_loss,0.4533106960950764
M4_block_alpha_full_response,20,switch_after_no_loss,0.32968340871221136
M4_block_alpha_full_response,21,optimal_choice,0.6010342598577892
M4_block_alpha_full_response,21,choose_blue,0.5212820512820513
M4_block_alpha_full_response,21,stay_rate,0.6106011635423401
M4_block_alpha_full_response,21,switch_after_loss,0.46826074580130944
M4_block_alpha_full_response,21,switch_after_no_loss,0.3237801989578399
M4_block_alpha_full_response,22,optimal_choice,0.5905623787976729
M4_block_alpha_full_response,22,choose_blue,0.5307692307692308
M4_block_alpha_full_response,22,stay_rate,0.617065287653523
M4_block_alpha_full_response,22,switch_after_loss,0.45012860817376393
M4_block_alpha_full_response,22,switch_after_no_loss,0.3274315391879131
M4_block_alpha_full_response,23,optimal_choice,0.6011635423400129
M4_block_alpha_full_response,23,choose_blue,0.5273076923076923
M4_block_alpha_full_response,23,stay_rate,0.6012928248222366
M4_block_alpha_full_response,23,switch_after_loss,0.4686263425664217
M4_block_alpha_full_response,23,switch_after_no_loss,0.33976649988086727
M4_block_alpha_full_response,24,optimal_choice,0.6033613445378151
M4_block_alpha_full_response,24,choose_blue,0.5241025641025641
M4_block_alpha_full_response,24,stay_rate,0.6127989657401423
M4_block_alpha_full_response,24,switch_after_loss,0.46624350836699363
M4_block_alpha_full_response,24,switch_after_no_loss,0.32302646989927386
M4_block_alpha_full_response,25,optimal_choice,0.6033613445378151
M4_block_alpha_full_response,25,choose_blue,0.5242307692307693
M4_block_alpha_full_response,25,stay_rate,0.6103425985778927
M4_block_alpha_full_response,25,switch_after_loss,0.46452513966480447
M4_block_alpha_full_response,25,switch_after_no_loss,0.32515042117930204
M4_block_alpha_full_response,26,optimal_choice,0.5944408532643827
M4_block_alpha_full_response,26,choose_blue,0.5294871794871795
M4_block_alpha_full_response,26,stay_rate,0.6019392372333549
M4_block_alpha_full_response,26,switch_after_loss,0.46482758620689657
M4_block_alpha_full_response,26,switch_after_no_loss,0.3391727493917275
M4_block_alpha_full_response,27,optimal_choice,0.595087265675501
M4_block_alpha_full_response,27,choose_blue,0.517948717948718
M4_block_alpha_full_response,27,stay_rate,0.6139625080801552
M4_block_alpha_full_response,27,switch_after_loss,0.4655123474311666
M4_block_alpha_full_response,27,switch_after_no_loss,0.31956315289648624
M4_block_alpha_full_response,28,optimal_choice,0.6072398190045248
M4_block_alpha_full_response,28,choose_blue,0.5296153846153846
M4_block_alpha_full_response,28,stay_rate,0.616677440206852
M4_block_alpha_full_response,28,switch_after_loss,0.4708417121516805
M4_block_alpha_full_response,28,switch_after_no_loss,0.31170662905500707
M4_block_alpha_full_response,29,optimal_choice,0.5971557853910795
M4_block_alpha_full_response,29,choose_blue,0.522051282051282
M4_block_alpha_full_response,29,stay_rate,0.6046541693600517
M4_block_alpha_full_response,29,switch_after_loss,0.45345516847515704
M4_block_alpha_full_response,29,switch_after_no_loss,0.34727143869596033
M4_block_alpha_full_response,30,optimal_choice,0.5935358758888171
M4_block_alpha_full_response,30,choose_blue,0.5308974358974359
M4_block_alpha_full_response,30,stay_rate,0.6236586942469295
M4_block_alpha_full_response,30,switch_after_loss,0.43655673560648406
M4_block_alpha_full_response,30,switch_after_no_loss,0.3245128698580707
M4_block_alpha_full_response,31,optimal_choice,0.5959922430510666
M4_block_alpha_full_response,31,choose_blue,0.5252564102564102
M4_block_alpha_full_response,31,stay_rate,0.6204266321913381
M4_block_alpha_full_response,31,switch_after_loss,0.44324772162386084
M4_block_alpha_full_response,31,switch_after_no_loss,0.3235294117647059
M4_block_alpha_full_response,32,optimal_choice,0.6001292824822236
M4_block_alpha_full_response,32,choose_blue,0.535
M4_block_alpha_full_response,32,stay_rate,0.6096961861667745
M4_block_alpha_full_response,32,switch_after_loss,0.4614723574906903
M4_block_alpha_full_response,32,switch_after_no_loss,0.33176248821866167
M4_block_alpha_full_response,33,optimal_choice,0.5956043956043956
M4_block_alpha_full_response,33,choose_blue,0.5432051282051282
M4_block_alpha_full_response,33,stay_rate,0.6055591467356173
M4_block_alpha_full_response,33,switch_after_loss,0.46344238975817925
M4_block_alpha_full_response,33,switch_after_no_loss,0.33696682464454975
M4_block_alpha_full_response,34,optimal_choice,0.5906916612798966
M4_block_alpha_full_response,34,choose_blue,0.5283333333333333
M4_block_alpha_full_response,34,stay_rate,0.599612152553329
M4_block_alpha_full_response,34,switch_after_loss,0.4679886685552408
M4_block_alpha_full_response,34,switch_after_no_loss,0.3436385255648038
M4_block_alpha_full_response,35,optimal_choice,0.6025856496444731
M4_block_alpha_full_response,35,choose_blue,0.5308974358974359
M4_block_alpha_full_response,35,stay_rate,0.6089204912734324
M4_block_alpha_full_response,35,switch_after_loss,0.4671388101983003
M4_block_alpha_full_response,35,switch_after_no_loss,0.3272294887039239
M4_block_alpha_full_response,36,optimal_choice,0.595087265675501
M4_block_alpha_full_response,36,choose_blue,0.5266666666666666
M4_block_alpha_full_response,36,stay_rate,0.6074983839689722
M4_block_alpha_full_response,36,switch_after_loss,0.4646860986547085
M4_block_alpha_full_response,36,switch_after_no_loss,0.3306935445164387
M4_block_alpha_full_response,37,optimal_choice,0.6002585649644473
M4_block_alpha_full_response,37,choose_blue,0.5388461538461539
M4_block_alpha_full_response,37,stay_rate,0.5980607627666451
M4_block_alpha_full_response,37,switch_after_loss,0.46799550814149354
M4_block_alpha_full_response,37,switch_after_no_loss,0.34555475676971004
M4_block_alpha_full_response,38,optimal_choice,0.5984486102133161
M4_block_alpha_full_response,38,choose_blue,0.5224358974358975
M4_block_alpha_full_response,38,stay_rate,0.6130575307045896
M4_block_alpha_full_response,38,switch_after_loss,0.44985994397759105
M4_block_alpha_full_response,38,switch_after_no_loss,0.33301320528211287
M4_block_alpha_full_response,39,optimal_choice,0.6025856496444731
M4_block_alpha_full_response,39,choose_blue,0.527051282051282
M4_block_alpha_full_response,39,stay_rate,0.6135746606334842
M4_block_alpha_full_response,39,switch_after_loss,0.4681400688863375
M4_block_alpha_full_response,39,switch_after_no_loss,0.31945424605975065
M4_block_alpha_full_response,40,optimal_choice,0.5967679379444085
M4_block_alpha_full_response,40,choose_blue,0.5188461538461538
M4_block_alpha_full_response,40,stay_rate,0.6034906270200388
M4_block_alpha_full_response,40,switch_after_loss,0.4720201454952434
M4_block_alpha_full_response,40,switch_after_no_loss,0.3316510454217736
M4_block_alpha_full_response,41,optimal_choice,0.5941822882999354
M4_block_alpha_full_response,41,choose_blue,0.5324358974358975
M4_block_alpha_full_response,41,stay_rate,0.6023270846800258
M4_block_alpha_full_response,41,switch_after_loss,0.464184997179921
M4_block_alpha_full_response,41,switch_after_no_loss,0.34137025543089045
M4_block_alpha_full_response,42,optimal_choice,0.604524886877828
M4_block_alpha_full_response,42,choose_blue,0.5265384615384615
M4_block_alpha_full_response,42,stay_rate,0.6125404007756949
M4_block_alpha_full_response,42,switch_after_loss,0.4659447135936164
M4_block_alpha_full_response,42,switch_after_no_loss,0.322290582110743
M4_block_alpha_full_response,43,optimal_choice,0.5910795087265676
M4_block_alpha_full_response,43,choose_blue,0.5174358974358975
M4_block_alpha_full_response,43,stay_rate,0.6214608920491274
M4_block_alpha_full_response,43,switch_after_loss,0.4360255342769914
M4_block_alpha_full_response,43,switch_after_no_loss,0.32841239109390125
M4_block_alpha_full_response,44,optimal_choice,0.5884938590820944
M4_block_alpha_full_response,44,choose_blue,0.5175641025641026
M4_block_alpha_full_response,44,stay_rate,0.6011635423400129
M4_block_alpha_full_response,44,switch_after_loss,0.4683684794672586
M4_block_alpha_full_response,44,switch_after_no_loss,0.3381747760832728
M4_block_alpha_full_response,45,optimal_choice,0.6006464124111183
M4_block_alpha_full_response,45,choose_blue,0.5256410256410257
M4_block_alpha_full_response,45,stay_rate,0.60530058177117
M4_block_alpha_full_response,45,switch_after_loss,0.46633277685030605
M4_block_alpha_full_response,45,switch_after_no_loss,0.3325283747886984
M4_block_alpha_full_response,46,optimal_choice,0.6078862314156431
M4_block_alpha_full_response,46,choose_blue,0.513974358974359
M4_block_alpha_full_response,46,stay_rate,0.6151260504201681
M4_block_alpha_full_response,46,switch_after_loss,0.45665548098434006
M4_block_alpha_full_response,46,switch_after_no_loss,0.3231546044722289
M4_block_alpha_full_response,47,optimal_choice,0.593923723335488
M4_block_alpha_full_response,47,choose_blue,0.5244871794871795
M4_block_alpha_full_response,47,stay_rate,0.5952165481577246
M4_block_alpha_full_response,47,switch_after_loss,0.4720044792833147
M4_block_alpha_full_response,47,switch_after_no_loss,0.34710545279846267
M4_block_alpha_full_response,48,optimal_choice,0.6
M4_block_alpha_full_response,48,choose_blue,0.5371794871794872
M4_block_alpha_full_response,48,stay_rate,0.6240465416936005
M4_block_alpha_full_response,48,switch_after_loss,0.4345609065155807
M4_block_alpha_full_response,48,switch_after_no_loss,0.3267538644470868
M4_block_alpha_full_response,49,optimal_choice,0.5931480284421461
M4_block_alpha_full_response,49,choose_blue,0.5273076923076923
M4_block_alpha_full_response,49,stay_rate,0.6168067226890757
M4_block_alpha_full_response,49,switch_after_loss,0.4538703227649243
M4_block_alpha_full_response,49,switch_after_no_loss,0.32475200755786493
M4_block_alpha_full_response,50,optimal_choice,0.5966386554621849
M4_block_alpha_full_response,50,choose_blue,0.5314102564102564
M4_block_alpha_full_response,50,stay_rate,0.6069812540400775
M4_block_alpha_full_response,50,switch_after_loss,0.4576080853453116
M4_block_alpha_full_response,50,switch_after_no_loss,0.3378864126527678
M4_block_alpha_full_response,51,optimal_choice,0.5865546218487395
M4_block_alpha_full_response,51,choose_blue,0.5380769230769231
M4_block_alpha_full_response,51,stay_rate,0.6043956043956044
M4_block_alpha_full_response,51,switch_after_loss,0.4684431977559607
M4_block_alpha_full_response,51,switch_after_no_loss,0.3333333333333333
M4_block_alpha_full_response,52,optimal_choice,0.5945701357466063
M4_block_alpha_full_response,52,choose_blue,0.5287179487179487
M4_block_alpha_full_response,52,stay_rate,0.6107304460245637
M4_block_alpha_full_response,52,switch_after_loss,0.4566312255176273
M4_block_alpha_full_response,52,switch_after_no_loss,0.33141071857726506
M4_block_alpha_full_response,53,optimal_choice,0.5866839043309632
M4_block_alpha_full_response,53,choose_blue,0.5105128205128205
M4_block_alpha_full_response,53,stay_rate,0.6020685197155785
M4_block_alpha_full_response,53,switch_after_loss,0.46071529146719237
M4_block_alpha_full_response,53,switch_after_no_loss,0.34464627151051624
M4_block_alpha_full_response,54,optimal_choice,0.584486102133161
M4_block_alpha_full_response,54,choose_blue,0.5273076923076923
M4_block_alpha_full_response,54,stay_rate,0.6106011635423401
M4_block_alpha_full_response,54,switch_after_loss,0.459375
M4_block_alpha_full_response,54,switch_after_no_loss,0.3309608540925267
M4_block_alpha_full_response,55,optimal_choice,0.6033613445378151
M4_block_alpha_full_response,55,choose_blue,0.527051282051282
M4_block_alpha_full_response,55,stay_rate,0.6081447963800904
M4_block_alpha_full_response,55,switch_after_loss,0.4661377160668745
M4_block_alpha_full_response,55,switch_after_no_loss,0.32952924393723254
M4_block_alpha_full_response,56,optimal_choice,0.5984486102133161
M4_block_alpha_full_response,56,choose_blue,0.5224358974358975
M4_block_alpha_full_response,56,stay_rate,0.604137039431157
M4_block_alpha_full_response,56,switch_after_loss,0.4615812917594655
M4_block_alpha_full_response,56,switch_after_no_loss,0.3388848660391021
M4_block_alpha_full_response,57,optimal_choice,0.6104718810601164
M4_block_alpha_full_response,57,choose_blue,0.5276923076923077
M4_block_alpha_full_response,57,stay_rate,0.6157724628312864
M4_block_alpha_full_response,57,switch_after_loss,0.4584035975267004
M4_block_alpha_full_response,57,switch_after_no_loss,0.3210438113478573
M4_block_alpha_full_response,58,optimal_choice,0.6156431803490627
M4_block_alpha_full_response,58,choose_blue,0.5303846153846153
M4_block_alpha_full_response,58,stay_rate,0.6087912087912087
M4_block_alpha_full_response,58,switch_after_loss,0.4790011350737798
M4_block_alpha_full_response,58,switch_after_no_loss,0.31773925433388744
M4_block_alpha_full_response,59,optimal_choice,0.5861667744020685
M4_block_alpha_full_response,59,choose_blue,0.5344871794871795
M4_block_alpha_full_response,59,stay_rate,0.6118939883645766
M4_block_alpha_full_response,59,switch_after_loss,0.45308607805148077
M4_block_alpha_full_response,59,switch_after_no_loss,0.3311499272197962
M4_block_alpha_full_response,60,optimal_choice,0.5985778926955397
M4_block_alpha_full_response,60,choose_blue,0.5346153846153846
M4_block_alpha_full_response,60,stay_rate,0.6137039431157079
M4_block_alpha_full_response,60,switch_after_loss,0.46624533180120653
M4_block_alpha_full_response,60,switch_after_no_loss,0.32087447108603667
M4_block_alpha_full_response,61,optimal_choice,0.5985778926955397
M4_block_alpha_full_response,61,choose_blue,0.5334615384615384
M4_block_alpha_full_response,61,stay_rate,0.6029734970911441
M4_block_alpha_full_response,61,switch_after_loss,0.4638369170622731
M4_block_alpha_full_response,61,switch_after_no_loss,0.33943187289359655
M4_block_alpha_full_response,62,optimal_choice,0.59469941822883
M4_block_alpha_full_response,62,choose_blue,0.51
M4_block_alpha_full_response,62,stay_rate,0.6190045248868778
M4_block_alpha_full_response,62,switch_after_loss,0.4441356309060589
M4_block_alpha_full_response,62,switch_after_no_loss,0.3260817017162195
M4_block_alpha_full_response,63,optimal_choice,0.5949579831932773
M4_block_alpha_full_response,63,choose_blue,0.5175641025641026
M4_block_alpha_full_response,63,stay_rate,0.6103425985778927
M4_block_alpha_full_response,63,switch_after_loss,0.45434236246858417
M4_block_alpha_full_response,63,switch_after_no_loss,0.3338950409244102
M4_block_alpha_full_response,64,optimal_choice,0.5843568196509373
M4_block_alpha_full_response,64,choose_blue,0.5216666666666666
M4_block_alpha_full_response,64,stay_rate,0.6193923723335488
M4_block_alpha_full_response,64,switch_after_loss,0.4430693069306931
M4_block_alpha_full_response,64,switch_after_no_loss,0.3252012686020981
M4_block_alpha_full_response,65,optimal_choice,0.6135746606334842
M4_block_alpha_full_response,65,choose_blue,0.528974358974359
M4_block_alpha_full_response,65,stay_rate,0.6206851971557854
M4_block_alpha_full_response,65,switch_after_loss,0.45411036036036034
M4_block_alpha_full_response,65,switch_after_no_loss,0.3158020559407124
M4_block_alpha_full_response,66,optimal_choice,0.5998707175177763
M4_block_alpha_full_response,66,choose_blue,0.5352564102564102
M4_block_alpha_full_response,66,stay_rate,0.5974143503555268
M4_block_alpha_full_response,66,switch_after_loss,0.4770348837209302
M4_block_alpha_full_response,66,switch_after_no_loss,0.3429569266589057
M4_block_alpha_full_response,67,optimal_choice,0.6014221073044602
M4_block_alpha_full_response,67,choose_blue,0.5161538461538462
M4_block_alpha_full_response,67,stay_rate,0.610989010989011
M4_block_alpha_full_response,67,switch_after_loss,0.4579938184883394
M4_block_alpha_full_response,67,switch_after_no_loss,0.33022030651340994
M4_block_alpha_full_response,68,optimal_choice,0.5941822882999354
M4_block_alpha_full_response,68,choose_blue,0.5228205128205128
M4_block_alpha_full_response,68,stay_rate,0.6094376212023271
M4_block_alpha_full_response,68,switch_after_loss,0.4551532033426184
M4_block_alpha_full_response,68,switch_after_no_loss,0.33462002412545233
M4_block_alpha_full_response,69,optimal_choice,0.60530058177117
M4_block_alpha_full_response,69,choose_blue,0.536923076923077
M4_block_alpha_full_response,69,stay_rate,0.6227537168713639
M4_block_alpha_full_response,69,switch_after_loss,0.45380281690140845
M4_block_alpha_full_response,69,switch_after_no_loss,0.3123058542413381
M4_block_alpha_full_response,70,optimal_choice,0.5997414350355527
M4_block_alpha_full_response,70,choose_blue,0.5282051282051282
M4_block_alpha_full_response,70,stay_rate,0.6069812540400775
M4_block_alpha_full_response,70,switch_after_loss,0.4719387755102041
M4_block_alpha_full_response,70,switch_after_no_loss,0.3268362253387212
M4_block_alpha_full_response,71,optimal_choice,0.6027149321266968
M4_block_alpha_full_response,71,choose_blue,0.5224358974358975
M4_block_alpha_full_response,71,stay_rate,0.6002585649644473
M4_block_alpha_full_response,71,switch_after_loss,0.4651360544217687
M4_block_alpha_full_response,71,switch_after_no_loss,0.34490135488471596
M4_block_alpha_full_response,72,optimal_choice,0.6054298642533936
M4_block_alpha_full_response,72,choose_blue,0.5285897435897436
M4_block_alpha_full_response,72,stay_rate,0.6094376212023271
M4_block_alpha_full_response,72,switch_after_loss,0.4592990390050876
M4_block_alpha_full_response,72,switch_after_no_loss,0.332618537050274
M4_block_alpha_full_response,73,optimal_choice,0.5906916612798966
M4_block_alpha_full_response,73,choose_blue,0.5307692307692308
M4_block_alpha_full_response,73,stay_rate,0.6108597285067874
M4_block_alpha_full_response,73,switch_after_loss,0.45949760090318936
M4_block_alpha_full_response,73,switch_after_no_loss,0.32967557251908397
M4_block_alpha_full_response,74,optimal_choice,0.5934065934065934
M4_block_alpha_full_response,74,choose_blue,0.5132051282051282
M4_block_alpha_full_response,74,stay_rate,0.6143503555268262
M4_block_alpha_full_response,74,switch_after_loss,0.461322869955157
M4_block_alpha_full_response,74,switch_after_no_loss,0.3208543316534677
M4_block_alpha_full_response,75,optimal_choice,0.5912087912087912
M4_block_alpha_full_response,75,choose_blue,0.5357692307692308
M4_block_alpha_full_response,75,stay_rate,0.6038784744667097
M4_block_alpha_full_response,75,switch_after_loss,0.457286432160804
M4_block_alpha_full_response,75,switch_after_no_loss,0.3433662412713701
M4_block_alpha_full_response,76,optimal_choice,0.6047834518422753
M4_block_alpha_full_response,76,choose_blue,0.5256410256410257
M4_block_alpha_full_response,76,stay_rate,0.6124111182934713
M4_block_alpha_full_response,76,switch_after_loss,0.4547227640011145
M4_block_alpha_full_response,76,switch_after_no_loss,0.32947419199228173
M4_block_alpha_full_response,77,optimal_choice,0.5978021978021978
M4_block_alpha_full_response,77,choose_blue,0.515
M4_block_alpha_full_response,77,stay_rate,0.6122818358112476
M4_block_alpha_full_response,77,switch_after_loss,0.44323873121869783
M4_block_alpha_full_response,77,switch_after_no_loss,0.3395315141270225
M4_block_alpha_full_response,78,optimal_choice,0.5979314802844214
M4_block_alpha_full_response,78,choose_blue,0.5203846153846153
M4_block_alpha_full_response,78,stay_rate,0.61590174531351
M4_block_alpha_full_response,78,switch_after_loss,0.4528514963297572
M4_block_alpha_full_response,78,switch_after_no_loss,0.3260195564035297
M4_block_alpha_full_response,79,optimal_choice,0.5990950226244344
M4_block_alpha_full_response,79,choose_blue,0.532051282051282
M4_block_alpha_full_response,79,stay_rate,0.6068519715578539
M4_block_alpha_full_response,79,switch_after_loss,0.45641169853768276
M4_block_alpha_full_response,79,switch_after_no_loss,0.33931562574778656
M4_block_alpha_full_response,80,optimal_choice,0.595087265675501
M4_block_alpha_full_response,80,choose_blue,0.5293589743589744
M4_block_alpha_full_response,80,stay_rate,0.6138332255979315
M4_block_alpha_full_response,80,switch_after_loss,0.4410198935275988
M4_block_alpha_full_response,80,switch_after_no_loss,0.33917426788286126
M4_block_alpha_full_response,81,optimal_choice,0.595087265675501
M4_block_alpha_full_response,81,choose_blue,0.5261538461538462
M4_block_alpha_full_response,81,stay_rate,0.6144796380090498
M4_block_alpha_full_response,81,switch_after_loss,0.4574829931972789
M4_block_alpha_full_response,81,switch_after_no_loss,0.3251723318279059
M4_block_alpha_full_response,82,optimal_choice,0.5949579831932773
M4_block_alpha_full_response,82,choose_blue,0.5257692307692308
M4_block_alpha_full_response,82,stay_rate,0.6084033613445378
M4_block_alpha_full_response,82,switch_after_loss,0.464041095890411
M4_block_alpha_full_response,82,switch_after_no_loss,0.3316000945402978
M4_block_alpha_full_response,83,optimal_choice,0.5981900452488688
M4_block_alpha_full_response,83,choose_blue,0.5428205128205128
M4_block_alpha_full_response,83,stay_rate,0.6195216548157725
M4_block_alpha_full_response,83,switch_after_loss,0.4431528210944145
M4_block_alpha_full_response,83,switch_after_no_loss,0.3279467680608365
M4_block_alpha_full_response,84,optimal_choice,0.5990950226244344
M4_block_alpha_full_response,84,choose_blue,0.5265384615384615
M4_block_alpha_full_response,84,stay_rate,0.6107304460245637
M4_block_alpha_full_response,84,switch_after_loss,0.4534492428491307
M4_block_alpha_full_response,84,switch_after_no_loss,0.3343727512592948
M4_block_alpha_full_response,85,optimal_choice,0.5997414350355527
M4_block_alpha_full_response,85,choose_blue,0.512948717948718
M4_block_alpha_full_response,85,stay_rate,0.6080155138978668
M4_block_alpha_full_response,85,switch_after_loss,0.4476454293628809
M4_block_alpha_full_response,85,switch_after_no_loss,0.3432727272727273
M4_block_alpha_full_response,86,optimal_choice,0.599224305106658
M4_block_alpha_full_response,86,choose_blue,0.5365384615384615
M4_block_alpha_full_response,86,stay_rate,0.6134453781512605
M4_block_alpha_full_response,86,switch_after_loss,0.4614518851997749
M4_block_alpha_full_response,86,switch_after_no_loss,0.3228892609423583
M4_block_alpha_full_response,87,optimal_choice,0.5971557853910795
M4_block_alpha_full_response,87,choose_blue,0.518974358974359
M4_block_alpha_full_response,87,stay_rate,0.610989010989011
M4_block_alpha_full_response,87,switch_after_loss,0.46162624821683307
M4_block_alpha_full_response,87,switch_after_no_loss,0.3288416075650118
M4_block_alpha_full_response,88,optimal_choice,0.5872010342598578
M4_block_alpha_full_response,88,choose_blue,0.5305128205128206
M4_block_alpha_full_response,88,stay_rate,0.6067226890756302
M4_block_alpha_full_response,88,switch_after_loss,0.4488652283552816
M4_block_alpha_full_response,88,switch_after_no_loss,0.3456553048487758
M4_block_alpha_full_response,89,optimal_choice,0.6033613445378151
M4_block_alpha_full_response,89,choose_blue,0.5266666666666666
M4_block_alpha_full_response,89,stay_rate,0.6058177117000646
M4_block_alpha_full_response,89,switch_after_loss,0.4672789896670494
M4_block_alpha_full_response,89,switch_after_no_loss,0.33427428840272877
M4_block_alpha_full_response,90,optimal_choice,0.60530058177117
M4_block_alpha_full_response,90,choose_blue,0.5257692307692308
M4_block_alpha_full_response,90,stay_rate,0.6202973497091144
M4_block_alpha_full_response,90,switch_after_loss,0.45491212906943246
M4_block_alpha_full_response,90,switch_after_no_loss,0.31848030018761725
M4_block_alpha_full_response,91,optimal_choice,0.6020685197155785
M4_block_alpha_full_response,91,choose_blue,0.526025641025641
M4_block_alpha_full_response,91,stay_rate,0.609049773755656
M4_block_alpha_full_response,91,switch_after_loss,0.4579701996064099
M4_block_alpha_full_response,91,switch_after_no_loss,0.33389181426519865
M4_block_alpha_full_response,92,optimal_choice,0.5976729153199741
M4_block_alpha_full_response,92,choose_blue,0.5266666666666666
M4_block_alpha_full_response,92,stay_rate,0.5965093729799612
M4_block_alpha_full_response,92,switch_after_loss,0.45808052950910094
M4_block_alpha_full_response,92,switch_after_no_loss,0.3553175955220248
M4_block_alpha_full_response,93,optimal_choice,0.5997414350355527
M4_block_alpha_full_response,93,choose_blue,0.5233333333333333
M4_block_alpha_full_response,93,stay_rate,0.6161603102779574
M4_block_alpha_full_response,93,switch_after_loss,0.45300592718035565
M4_block_alpha_full_response,93,switch_after_no_loss,0.32538167938931295
M4_block_alpha_full_response,94,optimal_choice,0.60530058177117
M4_block_alpha_full_response,94,choose_blue,0.522051282051282
M4_block_alpha_full_response,94,stay_rate,0.6138332255979315
M4_block_alpha_full_response,94,switch_after_loss,0.46293666571996595
M4_block_alpha_full_response,94,switch_after_no_loss,0.3220218319886094
M4_block_alpha_full_response,95,optimal_choice,0.6193923723335488
M4_block_alpha_full_response,95,choose_blue,0.5197435897435897
M4_block_alpha_full_response,95,stay_rate,0.61590174531351
M4_block_alpha_full_response,95,switch_after_loss,0.4643891140706427
M4_block_alpha_full_response,95,switch_after_no_loss,0.3193179163746788
M4_block_alpha_full_response,96,optimal_choice,0.58939883645766
M4_block_alpha_full_response,96,choose_blue,0.535
M4_block_alpha_full_response,96,stay_rate,0.6168067226890757
M4_block_alpha_full_response,96,switch_after_loss,0.4423076923076923
M4_block_alpha_full_response,96,switch_after_no_loss,0.3320472630817458
M4_block_alpha_full_response,97,optimal_choice,0.5980607627666451
M4_block_alpha_full_response,97,choose_blue,0.5385897435897435
M4_block_alpha_full_response,97,stay_rate,0.6095669036845508
M4_block_alpha_full_response,97,switch_after_loss,0.46087199552822805
M4_block_alpha_full_response,97,switch_after_no_loss,0.3298051479432283
M4_block_alpha_full_response,98,optimal_choice,0.6032320620555914
M4_block_alpha_full_response,98,choose_blue,0.528974358974359
M4_block_alpha_full_response,98,stay_rate,0.5976729153199741
M4_block_alpha_full_response,98,switch_after_loss,0.48555078683834046
M4_block_alpha_full_response,98,switch_after_no_loss,0.33372641509433965
M4_block_alpha_full_response,99,optimal_choice,0.5948287007110536
M4_block_alpha_full_response,99,choose_blue,0.5247435897435897
M4_block_alpha_full_response,99,stay_rate,0.6139625080801552
M4_block_alpha_full_response,99,switch_after_loss,0.4425319267073848
M4_block_alpha_full_response,99,switch_after_no_loss,0.3368013549479797
M4_block_alpha_full_response,100,optimal_choice,0.6023270846800258
M4_block_alpha_full_response,100,choose_blue,0.5361538461538462
M4_block_alpha_full_response,100,stay_rate,0.6243051066580478
M4_block_alpha_full_response,100,switch_after_loss,0.43505039193729006
M4_block_alpha_full_response,100,switch_after_no_loss,0.3247657938986308
M4_block_alpha_full_response,101,optimal_choice,0.6028442146089205
M4_block_alpha_full_response,101,choose_blue,0.525
M4_block_alpha_full_response,101,stay_rate,0.6218487394957983
M4_block_alpha_full_response,101,switch_after_loss,0.4406490179333903
M4_block_alpha_full_response,101,switch_after_no_loss,0.32614874467077215
M4_block_alpha_full_response,102,optimal_choice,0.5998707175177763
M4_block_alpha_full_response,102,choose_blue,0.5266666666666666
M4_block_alpha_full_response,102,stay_rate,0.6085326438267614
M4_block_alpha_full_response,102,switch_after_loss,0.4628684807256236
M4_block_alpha_full_response,102,switch_after_no_loss,0.3315902067981935
M4_block_alpha_full_response,103,optimal_choice,0.5984486102133161
M4_block_alpha_full_response,103,choose_blue,0.5248717948717949
M4_block_alpha_full_response,103,stay_rate,0.6015513897866839
M4_block_alpha_full_response,103,switch_after_loss,0.474979032708974
M4_block_alpha_full_response,103,switch_after_no_loss,0.33261183261183264
M4_block_alpha_full_response,104,optimal_choice,0.5998707175177763
M4_block_alpha_full_response,104,choose_blue,0.5193589743589744
M4_block_alpha_full_response,104,stay_rate,0.6106011635423401
M4_block_alpha_full_response,104,switch_after_loss,0.4614512471655329
M4_block_alpha_full_response,104,switch_after_no_loss,0.3289755169954837
M4_block_alpha_full_response,105,optimal_choice,0.5997414350355527
M4_block_alpha_full_response,105,choose_blue,0.538974358974359
M4_block_alpha_full_response,105,stay_rate,0.6116354234001293
M4_block_alpha_full_response,105,switch_after_loss,0.4653325817361894
M4_block_alpha_full_response,105,switch_after_no_loss,0.3231430618581323
M4_block_alpha_full_response,106,optimal_choice,0.599612152553329
M4_block_alpha_full_response,106,choose_blue,0.5347435897435897
M4_block_alpha_full_response,106,stay_rate,0.6069812540400775
M4_block_alpha_full_response,106,switch_after_loss,0.47052121902591854
M4_block_alpha_full_response,106,switch_after_no_loss,0.32859848484848486
M4_block_alpha_full_response,107,optimal_choice,0.6068519715578539
M4_block_alpha_full_response,107,choose_blue,0.5212820512820513
M4_block_alpha_full_response,107,stay_rate,0.6064641241111829
M4_block_alpha_full_response,107,switch_after_loss,0.4694460308395203
M4_block_alpha_full_response,107,switch_after_no_loss,0.3307347035199622
M4_block_alpha_full_response,108,optimal_choice,0.5913380736910149
M4_block_alpha_full_response,108,choose_blue,0.5132051282051282
M4_block_alpha_full_response,108,stay_rate,0.5963800904977375
M4_block_alpha_full_response,108,switch_after_loss,0.4671201814058957
M4_block_alpha_full_response,108,switch_after_no_loss,0.3503684335631091
M4_block_alpha_full_response,109,optimal_choice,0.6028442146089205
M4_block_alpha_full_response,109,choose_blue,0.5292307692307693
M4_block_alpha_full_response,109,stay_rate,0.6142210730446025
M4_block_alpha_full_response,109,switch_after_loss,0.45434236246858417
M4_block_alpha_full_response,109,switch_after_no_loss,0.32667308618199326
M4_block_alpha_full_response,110,optimal_choice,0.604912734324499
M4_block_alpha_full_response,110,choose_blue,0.518974358974359
M4_block_alpha_full_response,110,stay_rate,0.6228829993535876
M4_block_alpha_full_response,110,switch_after_loss,0.45257142857142857
M4_block_alpha_full_response,110,switch_after_no_loss,0.31475796930342387
M4_block_alpha_full_response,111,optimal_choice,0.5957336780866193
M4_block_alpha_full_response,111,choose_blue,0.5164102564102564
M4_block_alpha_full_response,111,stay_rate,0.6060762766645119
M4_block_alpha_full_response,111,switch_after_loss,0.4484780787489528
M4_block_alpha_full_response,111,switch_after_no_loss,0.3468945594607607
M4_block_alpha_full_response,112,optimal_choice,0.5883645765998707
M4_block_alpha_full_response,112,choose_blue,0.5194871794871795
M4_block_alpha_full_response,112,stay_rate,0.6164188752424047
M4_block_alpha_full_response,112,switch_after_loss,0.4404001111419839
M4_block_alpha_full_response,112,switch_after_no_loss,0.3341392649903288
M4_block_alpha_full_response,113,optimal_choice,0.6029734970911441
M4_block_alpha_full_response,113,choose_blue,0.5321794871794872
M4_block_alpha_full_response,113,stay_rate,0.62120232708468
M4_block_alpha_full_response,113,switch_after_loss,0.44961896697713805
M4_block_alpha_full_response,113,switch_after_no_loss,0.3189408396946565
M4_block_alpha_full_response,114,optimal_choice,0.6014221073044602
M4_block_alpha_full_response,114,choose_blue,0.5175641025641026
M4_block_alpha_full_response,114,stay_rate,0.6206851971557854
M4_block_alpha_full_response,114,switch_after_loss,0.43965031020868584
M4_block_alpha_full_response,114,switch_after_no_loss,0.32824063022201
M4_block_alpha_full_response,115,optimal_choice,0.6060762766645119
M4_block_alpha_full_response,115,choose_blue,0.5306410256410257
M4_block_alpha_full_response,115,stay_rate,0.5978021978021978
M4_block_alpha_full_response,115,switch_after_loss,0.4784853700516351
M4_block_alpha_full_response,115,switch_after_no_loss,0.33960931983996234
M4_block_alpha_full_response,116,optimal_choice,0.604137039431157
M4_block_alpha_full_response,116,choose_blue,0.525
M4_block_alpha_full_response,116,stay_rate,0.611376858435682
M4_block_alpha_full_response,116,switch_after_loss,0.46003953685399607
M4_block_alpha_full_response,116,switch_after_no_loss,0.3283261802575107
M4_block_alpha_full_response,117,optimal_choice,0.6046541693600517
M4_block_alpha_full_response,117,choose_blue,0.5319230769230769
M4_block_alpha_full_response,117,stay_rate,0.6177117000646413
M4_block_alpha_full_response,117,switch_after_loss,0.4539249146757679
M4_block_alpha_full_response,117,switch_after_no_loss,0.32258829106423326
M4_block_alpha_full_response,118,optimal_choice,0.5856496444731739
M4_block_alpha_full_response,118,choose_blue,0.5138461538461538
M4_block_alpha_full_response,118,stay_rate,0.6040077569489334
M4_block_alpha_full_response,118,switch_after_loss,0.4557100027255383
M4_block_alpha_full_response,118,switch_after_no_loss,0.34210526315789475
M4_block_alpha_full_response,119,optimal_choice,0.5963800904977375
M4_block_alpha_full_response,119,choose_blue,0.5224358974358975
M4_block_alpha_full_response,119,stay_rate,0.6142210730446025
M4_block_alpha_full_response,119,switch_after_loss,0.4563945388687657
M4_block_alpha_full_response,119,switch_after_no_loss,0.3246502653159672
M4_block_alpha_full_response,120,optimal_choice,0.6115061409179057
M4_block_alpha_full_response,120,choose_blue,0.5093589743589744
M4_block_alpha_full_response,120,stay_rate,0.604137039431157
M4_block_alpha_full_response,120,switch_after_loss,0.4611705120990433
M4_block_alpha_full_response,120,switch_after_no_loss,0.3403491987562784
M4_block_alpha_full_response,121,optimal_choice,0.6028442146089205
M4_block_alpha_full_response,121,choose_blue,0.5265384615384615
M4_block_alpha_full_response,121,stay_rate,0.6051712992889463
M4_block_alpha_full_response,121,switch_after_loss,0.46102263202011734
M4_block_alpha_full_response,121,switch_after_no_loss,0.33782483156881615
M4_block_alpha_full_response,122,optimal_choice,0.600387847446671
M4_block_alpha_full_response,122,choose_blue,0.522948717948718
M4_block_alpha_full_response,122,stay_rate,0.6168067226890757
M4_block_alpha_full_response,122,switch_after_loss,0.44650900900900903
M4_block_alpha_full_response,122,switch_after_no_loss,0.32942863973224956
M4_block_alpha_full_response,123,optimal_choice,0.6011635423400129
M4_block_alpha_full_response,123,choose_blue,0.5306410256410257
M4_block_alpha_full_response,123,stay_rate,0.6165481577246283
M4_block_alpha_full_response,123,switch_after_loss,0.4440677966101695
M4_block_alpha_full_response,123,switch_after_no_loss,0.332300357568534
M4_block_alpha_full_response,124,optimal_choice,0.6037491919844861
M4_block_alpha_full_response,124,choose_blue,0.5406410256410257
M4_block_alpha_full_response,124,stay_rate,0.5974143503555268
M4_block_alpha_full_response,124,switch_after_loss,0.479806598407281
M4_block_alpha_full_response,124,switch_after_no_loss,0.3382318084854231
M4_block_alpha_full_response,125,optimal_choice,0.5925016160310278
M4_block_alpha_full_response,125,choose_blue,0.5184615384615384
M4_block_alpha_full_response,125,stay_rate,0.616289592760181
M4_block_alpha_full_response,125,switch_after_loss,0.45054945054945056
M4_block_alpha_full_response,125,switch_after_no_loss,0.3270425226946966
M4_block_alpha_full_response,126,optimal_choice,0.6019392372333549
M4_block_alpha_full_response,126,choose_blue,0.5257692307692308
M4_block_alpha_full_response,126,stay_rate,0.6019392372333549
M4_block_alpha_full_response,126,switch_after_loss,0.46562760924018926
M4_block_alpha_full_response,126,switch_after_no_loss,0.3394495412844037
M4_block_alpha_full_response,127,optimal_choice,0.6023270846800258
M4_block_alpha_full_response,127,choose_blue,0.5280769230769231
M4_block_alpha_full_response,127,stay_rate,0.6084033613445378
M4_block_alpha_full_response,127,switch_after_loss,0.4699040418726374
M4_block_alpha_full_response,127,switch_after_no_loss,0.32891061452513964
M4_block_alpha_full_response,128,optimal_choice,0.60530058177117
M4_block_alpha_full_response,128,choose_blue,0.5234615384615384
M4_block_alpha_full_response,128,stay_rate,0.6142210730446025
M4_block_alpha_full_response,128,switch_after_loss,0.45655926352128884
M4_block_alpha_full_response,128,switch_after_no_loss,0.32801127025123267
M4_block_alpha_full_response,129,optimal_choice,0.6054298642533936
M4_block_alpha_full_response,129,choose_blue,0.5212820512820513
M4_block_alpha_full_response,129,stay_rate,0.6104718810601164
M4_block_alpha_full_response,129,switch_after_loss,0.46579167830215024
M4_block_alpha_full_response,129,switch_after_no_loss,0.32378430428502647
M4_block_alpha_full_response,130,optimal_choice,0.6034906270200388
M4_block_alpha_full_response,130,choose_blue,0.5347435897435897
M4_block_alpha_full_response,130,stay_rate,0.6290885585003232
M4_block_alpha_full_response,130,switch_after_loss,0.44900890548692907
M4_block_alpha_full_response,130,switch_after_no_loss,0.307005171603197
M4_block_alpha_full_response,131,optimal_choice,0.6071105365223012
M4_block_alpha_full_response,131,choose_blue,0.5278205128205128
M4_block_alpha_full_response,131,stay_rate,0.6144796380090498
M4_block_alpha_full_response,131,switch_after_loss,0.4665532879818594
M4_block_alpha_full_response,131,switch_after_no_loss,0.3175659614927502
M4_block_alpha_full_response,132,optimal_choice,0.5928894634776988
M4_block_alpha_full_response,132,choose_blue,0.5211538461538462
M4_block_alpha_full_response,132,stay_rate,0.6091790562378797
M4_block_alpha_full_response,132,switch_after_loss,0.4602066461882156
M4_block_alpha_full_response,132,switch_after_no_loss,0.3310062590274434
M4_block_alpha_full_response,133,optimal_choice,0.5945701357466063
M4_block_alpha_full_response,133,choose_blue,0.5223076923076924
M4_block_alpha_full_response,133,stay_rate,0.6094376212023271
M4_block_alpha_full_response,133,switch_after_loss,0.45060173523649594
M4_block_alpha_full_response,133,switch_after_no_loss,0.33901970206631427
M4_block_alpha_full_response,134,optimal_choice,0.5967679379444085
M4_block_alpha_full_response,134,choose_blue,0.5251282051282051
M4_block_alpha_full_response,134,stay_rate,0.6093083387201034
M4_block_alpha_full_response,134,switch_after_loss,0.46354609929078017
M4_block_alpha_full_response,134,switch_after_no_loss,0.32969121140142515
M4_block_alpha_full_response,135,optimal_choice,0.6067226890756302
M4_block_alpha_full_response,135,choose_blue,0.5308974358974359
M4_block_alpha_full_response,135,stay_rate,0.6177117000646413
M4_block_alpha_full_response,135,switch_after_loss,0.46166902404526167
M4_block_alpha_full_response,135,switch_after_no_loss,0.31547619047619047
M4_block_alpha_full_response,136,optimal_choice,0.6050420168067226
M4_block_alpha_full_response,136,choose_blue,0.5202564102564102
M4_block_alpha_full_response,136,stay_rate,0.6148674854557208
M4_block_alpha_full_response,136,switch_after_loss,0.44611948632049137
M4_block_alpha_full_response,136,switch_after_no_loss,0.3325307006982904
M4_block_alpha_full_response,137,optimal_choice,0.5981900452488688
M4_block_alpha_full_response,137,choose_blue,0.5283333333333333
M4_block_alpha_full_response,137,stay_rate,0.6059469941822883
M4_block_alpha_full_response,137,switch_after_loss,0.4575090554471998
M4_block_alpha_full_response,137,switch_after_no_loss,0.33912204534491075
M4_block_alpha_full_response,138,optimal_choice,0.604137039431157
M4_block_alpha_full_response,138,choose_blue,0.5198717948717949
M4_block_alpha_full_response,138,stay_rate,0.6179702650290886
M4_block_alpha_full_response,138,switch_after_loss,0.444731553258685
M4_block_alpha_full_response,138,switch_after_no_loss,0.3306679209783631
M4_block_alpha_full_response,139,optimal_choice,0.5963800904977375
M4_block_alpha_full_response,139,choose_blue,0.5317948717948718
M4_block_alpha_full_response,139,stay_rate,0.6153846153846154
M4_block_alpha_full_response,139,switch_after_loss,0.45589072282299375
M4_block_alpha_full_response,139,switch_after_no_loss,0.32527837005448945
M4_block_alpha_full_response,140,optimal_choice,0.6021978021978022
M4_block_alpha_full_response,140,choose_blue,0.5198717948717949
M4_block_alpha_full_response,140,stay_rate,0.6195216548157725
M4_block_alpha_full_response,140,switch_after_loss,0.45363192650014356
M4_block_alpha_full_response,140,switch_after_no_loss,0.32055503292568205
M4_block_alpha_full_response,141,optimal_choice,0.5922430510665805
M4_block_alpha_full_response,141,choose_blue,0.5393589743589744
M4_block_alpha_full_response,141,stay_rate,0.6056884292178409
M4_block_alpha_full_response,141,switch_after_loss,0.4623593885203346
M4_block_alpha_full_response,141,switch_after_no_loss,0.33903467666354264
M4_block_alpha_full_response,142,optimal_choice,0.6130575307045896
M4_block_alpha_full_response,142,choose_blue,0.5215384615384615
M4_block_alpha_full_response,142,stay_rate,0.6095669036845508
M4_block_alpha_full_response,142,switch_after_loss,0.4576988155668359
M4_block_alpha_full_response,142,switch_after_no_loss,0.33349248030556217
M4_block_alpha_full_response,143,optimal_choice,0.58939883645766
M4_block_alpha_full_response,143,choose_blue,0.5258974358974359
M4_block_alpha_full_response,143,stay_rate,0.5998707175177763
M4_block_alpha_full_response,143,switch_after_loss,0.4596153846153846
M4_block_alpha_full_response,143,switch_after_no_loss,0.34725274725274724
M4_block_alpha_full_response,144,optimal_choice,0.604912734324499
M4_block_alpha_full_response,144,choose_blue,0.5371794871794872
M4_block_alpha_full_response,144,stay_rate,0.6139625080801552
M4_block_alpha_full_response,144,switch_after_loss,0.4536723163841808
M4_block_alpha_full_response,144,switch_after_no_loss,0.3289630512514899
M4_block_alpha_full_response,145,optimal_choice,0.5959922430510666
M4_block_alpha_full_response,145,choose_blue,0.5161538461538462
M4_block_alpha_full_response,145,stay_rate,0.6144796380090498
M4_block_alpha_full_response,145,switch_after_loss,0.4420454545454545
M4_block_alpha_full_response,145,switch_after_no_loss,0.3383155397390273
M4_block_alpha_full_response,146,optimal_choice,0.5934065934065934
M4_block_alpha_full_response,146,choose_blue,0.5156410256410257
M4_block_alpha_full_response,146,stay_rate,0.6118939883645766
M4_block_alpha_full_response,146,switch_after_loss,0.45611111111111113
M4_block_alpha_full_response,146,switch_after_no_loss,0.32889963724304716
M4_block_alpha_full_response,147,optimal_choice,0.6072398190045248
M4_block_alpha_full_response,147,choose_blue,0.5303846153846153
M4_block_alpha_full_response,147,stay_rate,0.612152553329024
M4_block_alpha_full_response,147,switch_after_loss,0.4629524886877828
M4_block_alpha_full_response,147,switch_after_no_loss,0.3246010954989283
M4_block_alpha_full_response,148,optimal_choice,0.6077569489334195
M4_block_alpha_full_response,148,choose_blue,0.541923076923077
M4_block_alpha_full_response,148,stay_rate,0.6143503555268262
M4_block_alpha_full_response,148,switch_after_loss,0.44472361809045224
M4_block_alpha_full_response,148,switch_after_no_loss,0.33469780881290634
M4_block_alpha_full_response,149,optimal_choice,0.6023270846800258
M4_block_alpha_full_response,149,choose_blue,0.5256410256410257
M4_block_alpha_full_response,149,stay_rate,0.6146089204912735
M4_block_alpha_full_response,149,switch_after_loss,0.4540901502504174
M4_block_alpha_full_response,149,switch_after_no_loss,0.3257667230137648
M4_block_alpha_full_response,150,optimal_choice,0.5856496444731739
M4_block_alpha_full_response,150,choose_blue,0.5278205128205128
M4_block_alpha_full_response,150,stay_rate,0.6100840336134454
M4_block_alpha_full_response,150,switch_after_loss,0.4453967376278684
M4_block_alpha_full_response,150,switch_after_no_loss,0.3411850412821758
M4_block_alpha_full_response,151,optimal_choice,0.5965093729799612
M4_block_alpha_full_response,151,choose_blue,0.5401282051282051
M4_block_alpha_full_response,151,stay_rate,0.6152553329023918
M4_block_alpha_full_response,151,switch_after_loss,0.44895624821275376
M4_block_alpha_full_response,151,switch_after_no_loss,0.3317602642756017
M4_block_alpha_full_response,152,optimal_choice,0.6034906270200388
M4_block_alpha_full_response,152,choose_blue,0.5234615384615384
M4_block_alpha_full_response,152,stay_rate,0.6112475759534584
M4_block_alpha_full_response,152,switch_after_loss,0.45664575014261266
M4_block_alpha_full_response,152,switch_after_no_loss,0.33246630409080163
M4_block_alpha_full_response,153,optimal_choice,0.6056884292178409
M4_block_alpha_full_response,153,choose_blue,0.5279487179487179
M4_block_alpha_full_response,153,stay_rate,0.6043956043956044
M4_block_alpha_full_response,153,switch_after_loss,0.46713483146067414
M4_block_alpha_full_response,153,switch_after_no_loss,0.33461077844311377
M4_block_alpha_full_response,154,optimal_choice,0.6021978021978022
M4_block_alpha_full_response,154,choose_blue,0.5178205128205128
M4_block_alpha_full_response,154,stay_rate,0.5993535875888817
M4_block_alpha_full_response,154,switch_after_loss,0.4630721707385566
M4_block_alpha_full_response,154,switch_after_no_loss,0.3473885960709152
M4_block_alpha_full_response,155,optimal_choice,0.5931480284421461
M4_block_alpha_full_response,155,choose_blue,0.5180769230769231
M4_block_alpha_full_response,155,stay_rate,0.6246929541047188
M4_block_alpha_full_response,155,switch_after_loss,0.43709541232761046
M4_block_alpha_full_response,155,switch_after_no_loss,0.32281205164992827
M4_block_alpha_full_response,156,optimal_choice,0.5903038138332256
M4_block_alpha_full_response,156,choose_blue,0.5221794871794871
M4_block_alpha_full_response,156,stay_rate,0.6076276664511958
M4_block_alpha_full_response,156,switch_after_loss,0.45104510451045104
M4_block_alpha_full_response,156,switch_after_no_loss,0.34032690900219564
M4_block_alpha_full_response,157,optimal_choice,0.599612152553329
M4_block_alpha_full_response,157,choose_blue,0.522948717948718
M4_block_alpha_full_response,157,stay_rate,0.6
M4_block_alpha_full_response,157,switch_after_loss,0.467764443204019
M4_block_alpha_full_response,157,switch_after_no_loss,0.34152215799614644
M4_block_alpha_full_response,158,optimal_choice,0.6024563671622495
M4_block_alpha_full_response,158,choose_blue,0.5153846153846153
M4_block_alpha_full_response,158,stay_rate,0.621590174531351
M4_block_alpha_full_response,158,switch_after_loss,0.45225843339050886
M4_block_alpha_full_response,158,switch_after_no_loss,0.3174415860278499
M4_block_alpha_full_response,159,optimal_choice,0.6098254686489981
M4_block_alpha_full_response,159,choose_blue,0.5232051282051282
M4_block_alpha_full_response,159,stay_rate,0.604912734324499
M4_block_alpha_full_response,159,switch_after_loss,0.4768967484312607
M4_block_alpha_full_response,159,switch_after_no_loss,0.3272641286356113
M4_block_alpha_full_response,160,optimal_choice,0.59469941822883
M4_block_alpha_full_response,160,choose_blue,0.5265384615384615
M4_block_alpha_full_response,160,stay_rate,0.5980607627666451
M4_block_alpha_full_response,160,switch_after_loss,0.45793871866295266
M4_block_alpha_full_response,160,switch_after_no_loss,0.353437876960193
M4_block_alpha_full_response,161,optimal_choice,0.5968972204266322
M4_block_alpha_full_response,161,choose_blue,0.5237179487179487
M4_block_alpha_full_response,161,stay_rate,0.6173238526179703
M4_block_alpha_full_response,161,switch_after_loss,0.461038961038961
M4_block_alpha_full_response,161,switch_after_no_loss,0.3164798473646554
M4_block_alpha_full_response,162,optimal_choice,0.6093083387201034
M4_block_alpha_full_response,162,choose_blue,0.5302564102564102
M4_block_alpha_full_response,162,stay_rate,0.6011635423400129
M4_block_alpha_full_response,162,switch_after_loss,0.47619047619047616
M4_block_alpha_full_response,162,switch_after_no_loss,0.3346736045411542
M4_block_alpha_full_response,163,optimal_choice,0.6050420168067226
M4_block_alpha_full_response,163,choose_blue,0.5283333333333333
M4_block_alpha_full_response,163,stay_rate,0.6081447963800904
M4_block_alpha_full_response,163,switch_after_loss,0.45604703247480405
M4_block_alpha_full_response,163,switch_after_no_loss,0.3367763631996157
M4_block_alpha_full_response,164,optimal_choice,0.6007756948933419
M4_block_alpha_full_response,164,choose_blue,0.5216666666666666
M4_block_alpha_full_response,164,stay_rate,0.6077569489334195
M4_block_alpha_full_response,164,switch_after_loss,0.46798307475317347
M4_block_alpha_full_response,164,switch_after_no_loss,0.32816229116945106
M4_block_alpha_full_response,165,optimal_choice,0.6009049773755656
M4_block_alpha_full_response,165,choose_blue,0.5273076923076923
M4_block_alpha_full_response,165,stay_rate,0.6125404007756949
M4_block_alpha_full_response,165,switch_after_loss,0.4567901234567901
M4_block_alpha_full_response,165,switch_after_no_loss,0.3282186526012947
M4_block_alpha_full_response,166,optimal_choice,0.5914673561732385
M4_block_alpha_full_response,166,choose_blue,0.5176923076923077
M4_block_alpha_full_response,166,stay_rate,0.604912734324499
M4_block_alpha_full_response,166,switch_after_loss,0.4551991150442478
M4_block_alpha_full_response,166,switch_after_no_loss,0.34231609613983977
M4_block_alpha_full_response,167,optimal_choice,0.6056884292178409
M4_block_alpha_full_response,167,choose_blue,0.5211538461538462
M4_block_alpha_full_response,167,stay_rate,0.6021978021978022
M4_block_alpha_full_response,167,switch_after_loss,0.46937623482924073
M4_block_alpha_full_response,167,switch_after_no_loss,0.3373091603053435
M4_block_alpha_full_response,168,optimal_choice,0.6
M4_block_alpha_full_response,168,choose_blue,0.528974358974359
M4_block_alpha_full_response,168,stay_rate,0.6147382029734971
M4_block_alpha_full_response,168,switch_after_loss,0.4582379862700229
M4_block_alpha_full_response,168,switch_after_no_loss,0.32507666902571364
M4_block_alpha_full_response,169,optimal_choice,0.6029734970911441
M4_block_alpha_full_response,169,choose_blue,0.525
M4_block_alpha_full_response,169,stay_rate,0.6076276664511958
M4_block_alpha_full_response,169,switch_after_loss,0.47127393838467946
M4_block_alpha_full_response,169,switch_after_no_loss,0.32357212003872216
M4_block_alpha_full_response,170,optimal_choice,0.6046541693600517
M4_block_alpha_full_response,170,choose_blue,0.5329487179487179
M4_block_alpha_full_response,170,stay_rate,0.6042663219133807
M4_block_alpha_full_response,170,switch_after_loss,0.4553621560920831
M4_block_alpha_full_response,170,switch_after_no_loss,0.3448358495087467
M4_block_alpha_full_response,171,optimal_choice,0.6029734970911441
M4_block_alpha_full_response,171,choose_blue,0.531025641025641
M4_block_alpha_full_response,171,stay_rate,0.6197802197802198
M4_block_alpha_full_response,171,switch_after_loss,0.44889779559118237
M4_block_alpha_full_response,171,switch_after_no_loss,0.32366808109382367
M4_block_alpha_full_response,172,optimal_choice,0.60530058177117
M4_block_alpha_full_response,172,choose_blue,0.536025641025641
M4_block_alpha_full_response,172,stay_rate,0.6024563671622495
M4_block_alpha_full_response,172,switch_after_loss,0.4817581154840563
M4_block_alpha_full_response,172,switch_after_no_loss,0.32863187588152326
M4_block_alpha_full_response,173,optimal_choice,0.5941822882999354
M4_block_alpha_full_response,173,choose_blue,0.5338461538461539
M4_block_alpha_full_response,173,stay_rate,0.6099547511312218
M4_block_alpha_full_response,173,switch_after_loss,0.4644456886898096
M4_block_alpha_full_response,173,switch_after_no_loss,0.326207062214749
M4_block_alpha_full_response,174,optimal_choice,0.6037491919844861
M4_block_alpha_full_response,174,choose_blue,0.5308974358974359
M4_block_alpha_full_response,174,stay_rate,0.6064641241111829
M4_block_alpha_full_response,174,switch_after_loss,0.46543385490753914
M4_block_alpha_full_response,174,switch_after_no_loss,0.33364928909952607
M4_block_alpha_full_response,175,optimal_choice,0.5997414350355527
M4_block_alpha_full_response,175,choose_blue,0.5221794871794871
M4_block_alpha_full_response,175,stay_rate,0.6130575307045896
M4_block_alpha_full_response,175,switch_after_loss,0.45516074450084604
M4_block_alpha_full_response,175,switch_after_no_loss,0.32919551205538317
M4_block_alpha_full_response,176,optimal_choice,0.6095669036845508
M4_block_alpha_full_response,176,choose_blue,0.5248717948717949
M4_block_alpha_full_response,176,stay_rate,0.6183581124757596
M4_block_alpha_full_response,176,switch_after_loss,0.4566145092460882
M4_block_alpha_full_response,176,switch_after_no_loss,0.3191943127962085
M4_block_alpha_full_response,177,optimal_choice,0.6036199095022624
M4_block_alpha_full_response,177,choose_blue,0.5193589743589744
M4_block_alpha_full_response,177,stay_rate,0.616677440206852
M4_block_alpha_full_response,177,switch_after_loss,0.46408529741863075
M4_block_alpha_full_response,177,switch_after_no_loss,0.3143131143610645
M4_block_alpha_full_response,178,optimal_choice,0.5970265029088558
M4_block_alpha_full_response,178,choose_blue,0.5358974358974359
M4_block_alpha_full_response,178,stay_rate,0.6009049773755656
M4_block_alpha_full_response,178,switch_after_loss,0.45896482699456675
M4_block_alpha_full_response,178,switch_after_no_loss,0.3496932515337423
M4_block_alpha_full_response,179,optimal_choice,0.6010342598577892
M4_block_alpha_full_response,179,choose_blue,0.5341025641025641
M4_block_alpha_full_response,179,stay_rate,0.6065934065934065
M4_block_alpha_full_response,179,switch_after_loss,0.4585067998889814
M4_block_alpha_full_response,179,switch_after_no_loss,0.3366408518877057
M4_block_alpha_full_response,180,optimal_choice,0.6064641241111829
M4_block_alpha_full_response,180,choose_blue,0.5267948717948718
M4_block_alpha_full_response,180,stay_rate,0.6195216548157725
M4_block_alpha_full_response,180,switch_after_loss,0.45851033701500993
M4_block_alpha_full_response,180,switch_after_no_loss,0.3149381541389153
M4_block_alpha_full_response,181,optimal_choice,0.5896574014221073
M4_block_alpha_full_response,181,choose_blue,0.5153846153846153
M4_block_alpha_full_response,181,stay_rate,0.6244343891402715
M4_block_alpha_full_response,181,switch_after_loss,0.43869891576313597
M4_block_alpha_full_response,181,switch_after_no_loss,0.3206863218946351
M4_block_alpha_full_response,182,optimal_choice,0.5935358758888171
M4_block_alpha_full_response,182,choose_blue,0.5444871794871795
M4_block_alpha_full_response,182,stay_rate,0.6146089204912735
M4_block_alpha_full_response,182,switch_after_loss,0.4465233175090757
M4_block_alpha_full_response,182,switch_after_no_loss,0.33269138180067404
M4_block_alpha_full_response,183,optimal_choice,0.6
M4_block_alpha_full_response,183,choose_blue,0.5221794871794871
M4_block_alpha_full_response,183,stay_rate,0.5987071751777634
M4_block_alpha_full_response,183,switch_after_loss,0.47199317600227464
M4_block_alpha_full_response,183,switch_after_no_loss,0.34234234234234234
M4_block_alpha_full_response,184,optimal_choice,0.600387847446671
M4_block_alpha_full_response,184,choose_blue,0.5196153846153846
M4_block_alpha_full_response,184,stay_rate,0.6178409825468649
M4_block_alpha_full_response,184,switch_after_loss,0.44590438915292147
M4_block_alpha_full_response,184,switch_after_no_loss,0.32732082732082735
M4_block_alpha_full_response,185,optimal_choice,0.6012928248222366
M4_block_alpha_full_response,185,choose_blue,0.5355128205128206
M4_block_alpha_full_response,185,stay_rate,0.6197802197802198
M4_block_alpha_full_response,185,switch_after_loss,0.4521838424207822
M4_block_alpha_full_response,185,switch_after_no_loss,0.32065217391304346
M4_block_alpha_full_response,186,optimal_choice,0.5971557853910795
M4_block_alpha_full_response,186,choose_blue,0.5248717948717949
M4_block_alpha_full_response,186,stay_rate,0.6118939883645766
M4_block_alpha_full_response,186,switch_after_loss,0.4449815183394939
M4_block_alpha_full_response,186,switch_after_no_loss,0.3406827880512091
M4_block_alpha_full_response,187,optimal_choice,0.6131868131868132
M4_block_alpha_full_response,187,choose_blue,0.5346153846153846
M4_block_alpha_full_response,187,stay_rate,0.6091790562378797
M4_block_alpha_full_response,187,switch_after_loss,0.4649148137453075
M4_block_alpha_full_response,187,switch_after_no_loss,0.33075842696629215
M4_block_alpha_full_response,188,optimal_choice,0.5975436328377505
M4_block_alpha_full_response,188,choose_blue,0.5262820512820513
M4_block_alpha_full_response,188,stay_rate,0.6063348416289592
M4_block_alpha_full_response,188,switch_after_loss,0.45459657014337923
M4_block_alpha_full_response,188,switch_after_no_loss,0.3417903303015797
M4_block_alpha_full_response,189,optimal_choice,0.6112475759534584
M4_block_alpha_full_response,189,choose_blue,0.5343589743589744
M4_block_alpha_full_response,189,stay_rate,0.6184873949579832
M4_block_alpha_full_response,189,switch_after_loss,0.45790080738177624
M4_block_alpha_full_response,189,switch_after_no_loss,0.3194281696742442
M4_block_alpha_full_response,190,optimal_choice,0.6055591467356173
M4_block_alpha_full_response,190,choose_blue,0.5225641025641026
M4_block_alpha_full_response,190,stay_rate,0.6065934065934065
M4_block_alpha_full_response,190,switch_after_loss,0.4735945485519591
M4_block_alpha_full_response,190,switch_after_no_loss,0.3263707571801567
M4_block_alpha_full_response,191,optimal_choice,0.5941822882999354
M4_block_alpha_full_response,191,choose_blue,0.5241025641025641
M4_block_alpha_full_response,191,stay_rate,0.5954751131221719
M4_block_alpha_full_response,191,switch_after_loss,0.4723298284449364
M4_block_alpha_full_response,191,switch_after_no_loss,0.3450618781849066
M4_block_alpha_full_response,192,optimal_choice,0.6020685197155785
M4_block_alpha_full_response,192,choose_blue,0.5325641025641026
M4_block_alpha_full_response,192,stay_rate,0.5990950226244344
M4_block_alpha_full_response,192,switch_after_loss,0.4697357203751066
M4_block_alpha_full_response,192,switch_after_no_loss,0.34345351043643263
M4_block_alpha_full_response,193,optimal_choice,0.5948287007110536
M4_block_alpha_full_response,193,choose_blue,0.5312820512820513
M4_block_alpha_full_response,193,stay_rate,0.6078862314156431
M4_block_alpha_full_response,193,switch_after_loss,0.4637722018607274
M4_block_alpha_full_response,193,switch_after_no_loss,0.3314231136580707
M4_block_alpha_full_response,194,optimal_choice,0.5981900452488688
M4_block_alpha_full_response,194,choose_blue,0.5348717948717949
M4_block_alpha_full_response,194,stay_rate,0.6153846153846154
M4_block_alpha_full_response,194,switch_after_loss,0.46182231053079764
M4_block_alpha_full_response,194,switch_after_no_loss,0.3200379867046534
M4_block_alpha_full_response,195,optimal_choice,0.60530058177117
M4_block_alpha_full_response,195,choose_blue,0.5235897435897436
M4_block_alpha_full_response,195,stay_rate,0.6138332255979315
M4_block_alpha_full_response,195,switch_after_loss,0.45755930265790223
M4_block_alpha_full_response,195,switch_after_no_loss,0.3271954674220963
M4_block_alpha_full_response,196,optimal_choice,0.5978021978021978
M4_block_alpha_full_response,196,choose_blue,0.52
M4_block_alpha_full_response,196,stay_rate,0.61590174531351
M4_block_alpha_full_response,196,switch_after_loss,0.4439799331103679
M4_block_alpha_full_response,196,switch_after_no_loss,0.3322884012539185
M4_block_alpha_full_response,197,optimal_choice,0.5989657401422107
M4_block_alpha_full_response,197,choose_blue,0.5301282051282051
M4_block_alpha_full_response,197,stay_rate,0.6086619263089851
M4_block_alpha_full_response,197,switch_after_loss,0.46609195402298853
M4_block_alpha_full_response,197,switch_after_no_loss,0.3301997649823737
M4_block_alpha_full_response,198,optimal_choice,0.5949579831932773
M4_block_alpha_full_response,198,choose_blue,0.5188461538461538
M4_block_alpha_full_response,198,stay_rate,0.6214608920491274
M4_block_alpha_full_response,198,switch_after_loss,0.4533780011166946
M4_block_alpha_full_response,198,switch_after_no_loss,0.31398988682879847
M4_block_alpha_full_response,199,optimal_choice,0.6034906270200388
M4_block_alpha_full_response,199,choose_blue,0.5191025641025641
M4_block_alpha_full_response,199,stay_rate,0.6084033613445378
M4_block_alpha_full_response,199,switch_after_loss,0.4600056132472635
M4_block_alpha_full_response,199,switch_after_no_loss,0.33317353787152443
M4_block_alpha_full_response,200,optimal_choice,0.5984486102133161
M4_block_alpha_full_response,200,choose_blue,0.5247435897435897
M4_block_alpha_full_response,200,stay_rate,0.6111182934712347
M4_block_alpha_full_response,200,switch_after_loss,0.45454545454545453
M4_block_alpha_full_response,200,switch_after_no_loss,0.3318028032866119
M4_block_alpha_full_response,201,optimal_choice,0.5975436328377505
M4_block_alpha_full_response,201,choose_blue,0.5166666666666667
M4_block_alpha_full_response,201,stay_rate,0.6197802197802198
M4_block_alpha_full_response,201,switch_after_loss,0.4506278538812785
M4_block_alpha_full_response,201,switch_after_no_loss,0.32190971401559915
M4_block_alpha_full_response,202,optimal_choice,0.5975436328377505
M4_block_alpha_full_response,202,choose_blue,0.5248717948717949
M4_block_alpha_full_response,202,stay_rate,0.6188752424046542
M4_block_alpha_full_response,202,switch_after_loss,0.4398528163034249
M4_block_alpha_full_response,202,switch_after_no_loss,0.33174678724416945
M4_block_alpha_full_response,203,optimal_choice,0.604524886877828
M4_block_alpha_full_response,203,choose_blue,0.5242307692307693
M4_block_alpha_full_response,203,stay_rate,0.6033613445378151
M4_block_alpha_full_response,203,switch_after_loss,0.47475616752725186
M4_block_alpha_full_response,203,switch_after_no_loss,0.3325488350200047
M4_block_alpha_full_response,204,optimal_choice,0.5970265029088558
M4_block_alpha_full_response,204,choose_blue,0.5255128205128206
M4_block_alpha_full_response,204,stay_rate,0.6202973497091144
M4_block_alpha_full_response,204,switch_after_loss,0.45081289611463216
M4_block_alpha_full_response,204,switch_after_no_loss,0.31685338528981977
M4_block_alpha_full_response,205,optimal_choice,0.6082740788623141
M4_block_alpha_full_response,205,choose_blue,0.5246153846153846
M4_block_alpha_full_response,205,stay_rate,0.6021978021978022
M4_block_alpha_full_response,205,switch_after_loss,0.47425320056899006
M4_block_alpha_full_response,205,switch_after_no_loss,0.3341232227488152
M4_block_alpha_full_response,206,optimal_choice,0.6063348416289592
M4_block_alpha_full_response,206,choose_blue,0.5225641025641026
M4_block_alpha_full_response,206,stay_rate,0.6125404007756949
M4_block_alpha_full_response,206,switch_after_loss,0.4600056931397666
M4_block_alpha_full_response,206,switch_after_no_loss,0.32709616295594507
M4_block_alpha_full_response,207,optimal_choice,0.5962508080155139
M4_block_alpha_full_response,207,choose_blue,0.5176923076923077
M4_block_alpha_full_response,207,stay_rate,0.616289592760181
M4_block_alpha_full_response,207,switch_after_loss,0.4485170677112479
M4_block_alpha_full_response,207,switch_after_no_loss,0.3280461427541456
M4_block_alpha_full_response,208,optimal_choice,0.6027149321266968
M4_block_alpha_full_response,208,choose_blue,0.5330769230769231
M4_block_alpha_full_response,208,stay_rate,0.6016806722689075
M4_block_alpha_full_response,208,switch_after_loss,0.4749573136027319
M4_block_alpha_full_response,208,switch_after_no_loss,0.33451788675669275
M4_block_alpha_full_response,209,optimal_choice,0.5953458306399483
M4_block_alpha_full_response,209,choose_blue,0.5215384615384615
M4_block_alpha_full_response,209,stay_rate,0.6068519715578539
M4_block_alpha_full_response,209,switch_after_loss,0.45745288406624784
M4_block_alpha_full_response,209,switch_after_no_loss,0.3399480274037326
M4_block_alpha_full_response,210,optimal_choice,0.5909502262443439
M4_block_alpha_full_response,210,choose_blue,0.5276923076923077
M4_block_alpha_full_response,210,stay_rate,0.6093083387201034
M4_block_alpha_full_response,210,switch_after_loss,0.45894134477825466
M4_block_alpha_full_response,210,switch_after_no_loss,0.33443396226415095
M4_block_alpha_full_response,211,optimal_choice,0.5865546218487395
M4_block_alpha_full_response,211,choose_blue,0.5346153846153846
M4_block_alpha_full_response,211,stay_rate,0.6201680672268908
M4_block_alpha_full_response,211,switch_after_loss,0.4359538207806487
M4_block_alpha_full_response,211,switch_after_no_loss,0.32999755918965096
M4_block_alpha_full_response,212,optimal_choice,0.5974143503555268
M4_block_alpha_full_response,212,choose_blue,0.5316666666666666
M4_block_alpha_full_response,212,stay_rate,0.5961215255332902
M4_block_alpha_full_response,212,switch_after_loss,0.4693080357142857
M4_block_alpha_full_response,212,switch_after_no_loss,0.3473861720067454
M4_block_alpha_full_response,213,optimal_choice,0.5978021978021978
M4_block_alpha_full_response,213,choose_blue,0.5196153846153846
M4_block_alpha_full_response,213,stay_rate,0.6169360051712993
M4_block_alpha_full_response,213,switch_after_loss,0.45505460655278634
M4_block_alpha_full_response,213,switch_after_no_loss,0.32132564841498557
M4_block_alpha_full_response,214,optimal_choice,0.611764705882353
M4_block_alpha_full_response,214,choose_blue,0.5343589743589744
M4_block_alpha_full_response,214,stay_rate,0.6093083387201034
M4_block_alpha_full_response,214,switch_after_loss,0.463323782234957
M4_block_alpha_full_response,214,switch_after_no_loss,0.3309776207302709
M4_block_alpha_full_response,215,optimal_choice,0.5972850678733032
M4_block_alpha_full_response,215,choose_blue,0.5274358974358975
M4_block_alpha_full_response,215,stay_rate,0.6177117000646413
M4_block_alpha_full_response,215,switch_after_loss,0.4508736751647093
M4_block_alpha_full_response,215,switch_after_no_loss,0.32587181903864276
M4_block_alpha_full_response,216,optimal_choice,0.590174531351002
M4_block_alpha_full_response,216,choose_blue,0.5316666666666666
M4_block_alpha_full_response,216,stay_rate,0.6071105365223012
M4_block_alpha_full_response,216,switch_after_loss,0.46303611738148986
M4_block_alpha_full_response,216,switch_after_no_loss,0.33357193987115247
M4_block_alpha_full_response,217,optimal_choice,0.6076276664511958
M4_block_alpha_full_response,217,choose_blue,0.522948717948718
M4_block_alpha_full_response,217,stay_rate,0.594311570782159
M4_block_alpha_full_response,217,switch_after_loss,0.4785100286532951
M4_block_alpha_full_response,217,switch_after_no_loss,0.3458186101295642
M4_block_alpha_full_response,218,optimal_choice,0.5958629605688429
M4_block_alpha_full_response,218,choose_blue,0.5253846153846153
M4_block_alpha_full_response,218,stay_rate,0.6178409825468649
M4_block_alpha_full_response,218,switch_after_loss,0.45049365303244004
M4_block_alpha_full_response,218,switch_after_no_loss,0.32434367541766107
M4_block_alpha_full_response,219,optimal_choice,0.599224305106658
M4_block_alpha_full_response,219,choose_blue,0.5078205128205128
M4_block_alpha_full_response,219,stay_rate,0.6059469941822883
M4_block_alpha_full_response,219,switch_after_loss,0.45582551076753175
M4_block_alpha_full_response,219,switch_after_no_loss,0.3396547532214928
M4_block_alpha_full_response,220,optimal_choice,0.5958629605688429
M4_block_alpha_full_response,220,choose_blue,0.5252564102564102
M4_block_alpha_full_response,220,stay_rate,0.6187459599224305
M4_block_alpha_full_response,220,switch_after_loss,0.44384418538527154
M4_block_alpha_full_response,220,switch_after_no_loss,0.32906590801327645
M4_block_alpha_full_response,221,optimal_choice,0.6043956043956044
M4_block_alpha_full_response,221,choose_blue,0.5337179487179488
M4_block_alpha_full_response,221,stay_rate,0.61590174531351
M4_block_alpha_full_response,221,switch_after_loss,0.4707386363636364
M4_block_alpha_full_response,221,switch_after_no_loss,0.3117437722419929
M4_block_alpha_full_response,222,optimal_choice,0.6020685197155785
M4_block_alpha_full_response,222,choose_blue,0.5305128205128206
M4_block_alpha_full_response,222,stay_rate,0.6122818358112476
M4_block_alpha_full_response,222,switch_after_loss,0.4461581604038138
M4_block_alpha_full_response,222,switch_after_no_loss,0.33773087071240104
M4_block_alpha_full_response,223,optimal_choice,0.5972850678733032
M4_block_alpha_full_response,223,choose_blue,0.5278205128205128
M4_block_alpha_full_response,223,stay_rate,0.6129282482223659
M4_block_alpha_full_response,223,switch_after_loss,0.45960301928990777
M4_block_alpha_full_response,223,switch_after_no_loss,0.3246753246753247
M4_block_alpha_full_response,224,optimal_choice,0.5990950226244344
M4_block_alpha_full_response,224,choose_blue,0.5325641025641026
M4_block_alpha_full_response,224,stay_rate,0.6175824175824176
M4_block_alpha_full_response,224,switch_after_loss,0.44210821418559015
M4_block_alpha_full_response,224,switch_after_no_loss,0.33133397312859886
M4_block_alpha_full_response,225,optimal_choice,0.6080155138978668
M4_block_alpha_full_response,225,choose_blue,0.5328205128205128
M4_block_alpha_full_response,225,stay_rate,0.6099547511312218
M4_block_alpha_full_response,225,switch_after_loss,0.46775580395528804
M4_block_alpha_full_response,225,switch_after_no_loss,0.326189354686764
M4_block_alpha_full_response,226,optimal_choice,0.5891402714932127
M4_block_alpha_full_response,226,choose_blue,0.5274358974358975
M4_block_alpha_full_response,226,stay_rate,0.6184873949579832
M4_block_alpha_full_response,226,switch_after_loss,0.44718909710391824
M4_block_alpha_full_response,226,switch_after_no_loss,0.32660811773083315
M4_block_alpha_full_response,227,optimal_choice,0.6016806722689075
M4_block_alpha_full_response,227,choose_blue,0.5275641025641026
M4_block_alpha_full_response,227,stay_rate,0.6106011635423401
M4_block_alpha_full_response,227,switch_after_loss,0.4727015558698727
M4_block_alpha_full_response,227,switch_after_no_loss,0.3192857142857143
M4_block_alpha_full_response,228,optimal_choice,0.6073691014867485
M4_block_alpha_full_response,228,choose_blue,0.5305128205128206
M4_block_alpha_full_response,228,stay_rate,0.6037491919844861
M4_block_alpha_full_response,228,switch_after_loss,0.4700434153400868
M4_block_alpha_full_response,228,switch_after_no_loss,0.3366822429906542
M4_block_alpha_full_response,229,optimal_choice,0.6127989657401423
M4_block_alpha_full_response,229,choose_blue,0.5312820512820513
M4_block_alpha_full_response,229,stay_rate,0.6072398190045248
M4_block_alpha_full_response,229,switch_after_loss,0.4652025099828865
M4_block_alpha_full_response,229,switch_after_no_loss,0.33270276661149206
M4_block_alpha_full_response,230,optimal_choice,0.5985778926955397
M4_block_alpha_full_response,230,choose_blue,0.5167948717948718
M4_block_alpha_full_response,230,stay_rate,0.6064641241111829
M4_block_alpha_full_response,230,switch_after_loss,0.4628895184135977
M4_block_alpha_full_response,230,switch_after_no_loss,0.33531510107015455
M4_block_alpha_full_response,231,optimal_choice,0.6012928248222366
M4_block_alpha_full_response,231,choose_blue,0.5252564102564102
M4_block_alpha_full_response,231,stay_rate,0.6126696832579186
M4_block_alpha_full_response,231,switch_after_loss,0.44413012729844414
M4_block_alpha_full_response,231,switch_after_no_loss,0.3395238095238095
M4_block_alpha_full_response,232,optimal_choice,0.6001292824822236
M4_block_alpha_full_response,232,choose_blue,0.5144871794871795
M4_block_alpha_full_response,232,stay_rate,0.6021978021978022
M4_block_alpha_full_response,232,switch_after_loss,0.47092688543465744
M4_block_alpha_full_response,232,switch_after_no_loss,0.33818352499413284
M4_block_alpha_full_response,233,optimal_choice,0.6029734970911441
M4_block_alpha_full_response,233,choose_blue,0.5275641025641026
M4_block_alpha_full_response,233,stay_rate,0.6108597285067874
M4_block_alpha_full_response,233,switch_after_loss,0.46269078575466366
M4_block_alpha_full_response,233,switch_after_no_loss,0.3271384322134858
M4_block_alpha_full_response,234,optimal_choice,0.5815126050420169
M4_block_alpha_full_response,234,choose_blue,0.5228205128205128
M4_block_alpha_full_response,234,stay_rate,0.6065934065934065
M4_block_alpha_full_response,234,switch_after_loss,0.4526692350027518
M4_block_alpha_full_response,234,switch_after_no_loss,0.3408924652523775
M4_block_alpha_full_response,235,optimal_choice,0.5958629605688429
M4_block_alpha_full_response,235,choose_blue,0.5178205128205128
M4_block_alpha_full_response,235,stay_rate,0.6072398190045248
M4_block_alpha_full_response,235,switch_after_loss,0.45044543429844097
M4_block_alpha_full_response,235,switch_after_no_loss,0.3427468018344195
M4_block_alpha_full_response,236,optimal_choice,0.5910795087265676
M4_block_alpha_full_response,236,choose_blue,0.5291025641025641
M4_block_alpha_full_response,236,stay_rate,0.627278603749192
M4_block_alpha_full_response,236,switch_after_loss,0.4445085038916114
M4_block_alpha_full_response,236,switch_after_no_loss,0.3143459915611814
M4_block_alpha_full_response,237,optimal_choice,0.6011635423400129
M4_block_alpha_full_response,237,choose_blue,0.5291025641025641
M4_block_alpha_full_response,237,stay_rate,0.6137039431157079
M4_block_alpha_full_response,237,switch_after_loss,0.4542372881355932
M4_block_alpha_full_response,237,switch_after_no_loss,0.3289630512514899
M4_block_alpha_full_response,238,optimal_choice,0.593923723335488
M4_block_alpha_full_response,238,choose_blue,0.5233333333333333
M4_block_alpha_full_response,238,stay_rate,0.5872010342598578
M4_block_alpha_full_response,238,switch_after_loss,0.4817192296957857
M4_block_alpha_full_response,238,switch_after_no_loss,0.35332369942196534
M4_block_alpha_full_response,239,optimal_choice,0.6031027795733678
M4_block_alpha_full_response,239,choose_blue,0.5176923076923077
M4_block_alpha_full_response,239,stay_rate,0.6221073044602456
M4_block_alpha_full_response,239,switch_after_loss,0.445823927765237
M4_block_alpha_full_response,239,switch_after_no_loss,0.32044858029109996
M4_block_alpha_full_response,240,optimal_choice,0.5978021978021978
M4_block_alpha_full_response,240,choose_blue,0.5228205128205128
M4_block_alpha_full_response,240,stay_rate,0.6002585649644473
M4_block_alpha_full_response,240,switch_after_loss,0.47303247110621904
M4_block_alpha_full_response,240,switch_after_no_loss,0.3347963911241161
M4_block_alpha_full_response,241,optimal_choice,0.6076276664511958
M4_block_alpha_full_response,241,choose_blue,0.536923076923077
M4_block_alpha_full_response,241,stay_rate,0.6077569489334195
M4_block_alpha_full_response,241,switch_after_loss,0.4670846394984326
M4_block_alpha_full_response,241,switch_after_no_loss,0.3300993847610033
M4_block_alpha_full_response,242,optimal_choice,0.5958629605688429
M4_block_alpha_full_response,242,choose_blue,0.5225641025641026
M4_block_alpha_full_response,242,stay_rate,0.6193923723335488
M4_block_alpha_full_response,242,switch_after_loss,0.45163120567375886
M4_block_alpha_full_response,242,switch_after_no_loss,0.32114014251781475
M4_block_alpha_full_response,243,optimal_choice,0.5944408532643827
M4_block_alpha_full_response,243,choose_blue,0.5225641025641026
M4_block_alpha_full_response,243,stay_rate,0.6018099547511312
M4_block_alpha_full_response,243,switch_after_loss,0.4582164890633763
M4_block_alpha_full_response,243,switch_after_no_loss,0.3468457663708323
M4_block_alpha_full_response,244,optimal_choice,0.5990950226244344
M4_block_alpha_full_response,244,choose_blue,0.5358974358974359
M4_block_alpha_full_response,244,stay_rate,0.6014221073044602
M4_block_alpha_full_response,244,switch_after_loss,0.4628122368790345
M4_block_alpha_full_response,244,switch_after_no_loss,0.34372003835091086
M4_block_alpha_full_response,245,optimal_choice,0.6016806722689075
M4_block_alpha_full_response,245,choose_blue,0.5352564102564102
M4_block_alpha_full_response,245,stay_rate,0.6074983839689722
M4_block_alpha_full_response,245,switch_after_loss,0.4520663480461063
M4_block_alpha_full_response,245,switch_after_no_loss,0.3417903303015797
M4_block_alpha_full_response,246,optimal_choice,0.5913380736910149
M4_block_alpha_full_response,246,choose_blue,0.5184615384615384
M4_block_alpha_full_response,246,stay_rate,0.6118939883645766
M4_block_alpha_full_response,246,switch_after_loss,0.44954904171364146
M4_block_alpha_full_response,246,switch_after_no_loss,0.3360401241939336
M4_block_alpha_full_response,247,optimal_choice,0.6021978021978022
M4_block_alpha_full_response,247,choose_blue,0.5256410256410257
M4_block_alpha_full_response,247,stay_rate,0.6127989657401423
M4_block_alpha_full_response,247,switch_after_loss,0.45317820658342794
M4_block_alpha_full_response,247,switch_after_no_loss,0.3319876513892187
M4_block_alpha_full_response,248,optimal_choice,0.6038784744667097
M4_block_alpha_full_response,248,choose_blue,0.5242307692307693
M4_block_alpha_full_response,248,stay_rate,0.6226244343891403
M4_block_alpha_full_response,248,switch_after_loss,0.44918872758326217
M4_block_alpha_full_response,248,switch_after_no_loss,0.317621980104216
M4_block_alpha_full_response,249,optimal_choice,0.6063348416289592
M4_block_alpha_full_response,249,choose_blue,0.533974358974359
M4_block_alpha_full_response,249,stay_rate,0.6050420168067226
M4_block_alpha_full_response,249,switch_after_loss,0.45963431786216596
M4_block_alpha_full_response,249,switch_after_no_loss,0.33995215311004784
M4_block_alpha_full_response,250,optimal_choice,0.5981900452488688
M4_block_alpha_full_response,250,choose_blue,0.5314102564102564
M4_block_alpha_full_response,250,stay_rate,0.6271493212669683
M4_block_alpha_full_response,250,switch_after_loss,0.4496739438616388
M4_block_alpha_full_response,250,switch_after_no_loss,0.30846007604562736
M4_block_alpha_full_response,251,optimal_choice,0.5985778926955397
M4_block_alpha_full_response,251,choose_blue,0.5267948717948718
M4_block_alpha_full_response,251,stay_rate,0.6147382029734971
M4_block_alpha_full_response,251,switch_after_loss,0.46195497292675974
M4_block_alpha_full_response,251,switch_after_no_loss,0.32158069096071934
M4_block_alpha_full_response,252,optimal_choice,0.609049773755656
M4_block_alpha_full_response,252,choose_blue,0.5242307692307693
M4_block_alpha_full_response,252,stay_rate,0.6135746606334842
M4_block_alpha_full_response,252,switch_after_loss,0.45326576576576577
M4_block_alpha_full_response,252,switch_after_no_loss,0.3296677026057853
M4_block_alpha_full_response,253,optimal_choice,0.6038784744667097
M4_block_alpha_full_response,253,choose_blue,0.522948717948718
M4_block_alpha_full_response,253,stay_rate,0.6184873949579832
M4_block_alpha_full_response,253,switch_after_loss,0.4560669456066946
M4_block_alpha_full_response,253,switch_after_no_loss,0.31710843373493974
M4_block_alpha_full_response,254,optimal_choice,0.6095669036845508
M4_block_alpha_full_response,254,choose_blue,0.5287179487179487
M4_block_alpha_full_response,254,stay_rate,0.6155138978668391
M4_block_alpha_full_response,254,switch_after_loss,0.46123147092360317
M4_block_alpha_full_response,254,switch_after_no_loss,0.3207948899929028
M4_block_alpha_full_response,255,optimal_choice,0.5954751131221719
M4_block_alpha_full_response,255,choose_blue,0.54
M4_block_alpha_full_response,255,stay_rate,0.6179702650290886
M4_block_alpha_full_response,255,switch_after_loss,0.45309835133598636
M4_block_alpha_full_response,255,switch_after_no_loss,0.3227412852738914
M4_block_alpha_full_response,256,optimal_choice,0.5979314802844214
M4_block_alpha_full_response,256,choose_blue,0.5452564102564103
M4_block_alpha_full_response,256,stay_rate,0.6129282482223659
M4_block_alpha_full_response,256,switch_after_loss,0.4609263995453254
M4_block_alpha_full_response,256,switch_after_no_loss,0.325426944971537
M4_block_alpha_full_response,257,optimal_choice,0.5966386554621849
M4_block_alpha_full_response,257,choose_blue,0.5124358974358975
M4_block_alpha_full_response,257,stay_rate,0.6146089204912735
M4_block_alpha_full_response,257,switch_after_loss,0.4474708171206226
M4_block_alpha_full_response,257,switch_after_no_loss,0.331399564902103
M4_block_alpha_full_response,258,optimal_choice,0.5903038138332256
M4_block_alpha_full_response,258,choose_blue,0.5233333333333333
M4_block_alpha_full_response,258,stay_rate,0.6050420168067226
M4_block_alpha_full_response,258,switch_after_loss,0.4561841375485302
M4_block_alpha_full_response,258,switch_after_no_loss,0.3414870428675224
M4_block_alpha_full_response,259,optimal_choice,0.5910795087265676
M4_block_alpha_full_response,259,choose_blue,0.5315384615384615
M4_block_alpha_full_response,259,stay_rate,0.6093083387201034
M4_block_alpha_full_response,259,switch_after_loss,0.4521232306411324
M4_block_alpha_full_response,259,switch_after_no_loss,0.33712487899322363
M4_block_alpha_full_response,260,optimal_choice,0.6018099547511312
M4_block_alpha_full_response,260,choose_blue,0.5274358974358975
M4_block_alpha_full_response,260,stay_rate,0.6056884292178409
M4_block_alpha_full_response,260,switch_after_loss,0.4682245654032488
M4_block_alpha_full_response,260,switch_after_no_loss,0.33293894936109797
M4_block_alpha_full_response,261,optimal_choice,0.5976729153199741
M4_block_alpha_full_response,261,choose_blue,0.5064102564102564
M4_block_alpha_full_response,261,stay_rate,0.6043956043956044
M4_block_alpha_full_response,261,switch_after_loss,0.4673549107142857
M4_block_alpha_full_response,261,switch_after_no_loss,0.33365454107443987
M4_block_alpha_full_response,262,optimal_choice,0.6060762766645119
M4_block_alpha_full_response,262,choose_blue,0.5257692307692308
M4_block_alpha_full_response,262,stay_rate,0.6244343891402715
M4_block_alpha_full_response,262,switch_after_loss,0.44763801935116676
M4_block_alpha_full_response,262,switch_after_no_loss,0.31556503198294245
M4_block_alpha_full_response,263,optimal_choice,0.6012928248222366
M4_block_alpha_full_response,263,choose_blue,0.5261538461538462
M4_block_alpha_full_response,263,stay_rate,0.6111182934712347
M4_block_alpha_full_response,263,switch_after_loss,0.46897340577637975
M4_block_alpha_full_response,263,switch_after_no_loss,0.32279377064653136
M4_block_alpha_full_response,264,optimal_choice,0.5978021978021978
M4_block_alpha_full_response,264,choose_blue,0.5280769230769231
M4_block_alpha_full_response,264,stay_rate,0.6190045248868778
M4_block_alpha_full_response,264,switch_after_loss,0.43736141906873616
M4_block_alpha_full_response,264,switch_after_no_loss,0.3317179549309426
M4_block_alpha_full_response,265,optimal_choice,0.5959922430510666
M4_block_alpha_full_response,265,choose_blue,0.5319230769230769
M4_block_alpha_full_response,265,stay_rate,0.6120232708468003
M4_block_alpha_full_response,265,switch_after_loss,0.4603263927968486
M4_block_alpha_full_response,265,switch_after_no_loss,0.32647691939727336
M4_block_alpha_full_response,266,optimal_choice,0.6036199095022624
M4_block_alpha_full_response,266,choose_blue,0.5219230769230769
M4_block_alpha_full_response,266,stay_rate,0.6064641241111829
M4_block_alpha_full_response,266,switch_after_loss,0.46500559910414335
M4_block_alpha_full_response,266,switch_after_no_loss,0.3322123468652414
M4_block_alpha_full_response,267,optimal_choice,0.5915966386554622
M4_block_alpha_full_response,267,choose_blue,0.5264102564102564
M4_block_alpha_full_response,267,stay_rate,0.6077569489334195
M4_block_alpha_full_response,267,switch_after_loss,0.44481605351170567
M4_block_alpha_full_response,267,switch_after_no_loss,0.3467566915842778
M4_block_alpha_full_response,268,optimal_choice,0.6137039431157079
M4_block_alpha_full_response,268,choose_blue,0.5298717948717949
M4_block_alpha_full_response,268,stay_rate,0.6137039431157079
M4_block_alpha_full_response,268,switch_after_loss,0.4680115273775216
M4_block_alpha_full_response,268,switch_after_no_loss,0.3198124267291911
M4_block_alpha_full_response,269,optimal_choice,0.6037491919844861
M4_block_alpha_full_response,269,choose_blue,0.5396153846153846
M4_block_alpha_full_response,269,stay_rate,0.6108597285067874
M4_block_alpha_full_response,269,switch_after_loss,0.4488938672640717
M4_block_alpha_full_response,269,switch_after_no_loss,0.33789625360230546
M4_block_alpha_full_response,270,optimal_choice,0.5906916612798966
M4_block_alpha_full_response,270,choose_blue,0.5160256410256411
M4_block_alpha_full_response,270,stay_rate,0.6138332255979315
M4_block_alpha_full_response,270,switch_after_loss,0.4525776132156081
M4_block_alpha_full_response,270,switch_after_no_loss,0.3309659090909091
M4_block_alpha_full_response,271,optimal_choice,0.5949579831932773
M4_block_alpha_full_response,271,choose_blue,0.526025641025641
M4_block_alpha_full_response,271,stay_rate,0.617065287653523
M4_block_alpha_full_response,271,switch_after_loss,0.4499861457467442
M4_block_alpha_full_response,271,switch_after_no_loss,0.32428502181289387
M4_block_alpha_full_response,272,optimal_choice,0.5970265029088558
M4_block_alpha_full_response,272,choose_blue,0.5137179487179487
M4_block_alpha_full_response,272,stay_rate,0.6059469941822883
M4_block_alpha_full_response,272,switch_after_loss,0.46024164091036807
M4_block_alpha_full_response,272,switch_after_no_loss,0.33764367816091956
M4_block_alpha_full_response,273,optimal_choice,0.6033613445378151
M4_block_alpha_full_response,273,choose_blue,0.5347435897435897
M4_block_alpha_full_response,273,stay_rate,0.6074983839689722
M4_block_alpha_full_response,273,switch_after_loss,0.45861297539149887
M4_block_alpha_full_response,273,switch_after_no_loss,0.3356576100024044
M4_block_alpha_full_response,274,optimal_choice,0.5917259211376859
M4_block_alpha_full_response,274,choose_blue,0.5416666666666666
M4_block_alpha_full_response,274,stay_rate,0.6200387847446671
M4_block_alpha_full_response,274,switch_after_loss,0.4470291479820628
M4_block_alpha_full_response,274,switch_after_no_loss,0.32253419726421884
M4_block_alpha_full_response,275,optimal_choice,0.6074983839689722
M4_block_alpha_full_response,275,choose_blue,0.5228205128205128
M4_block_alpha_full_response,275,stay_rate,0.6046541693600517
M4_block_alpha_full_response,275,switch_after_loss,0.47306590257879655
M4_block_alpha_full_response,275,switch_after_no_loss,0.3314487632508834
M4_block_alpha_full_response,276,optimal_choice,0.599224305106658
M4_block_alpha_full_response,276,choose_blue,0.5219230769230769
M4_block_alpha_full_response,276,stay_rate,0.612152553329024
M4_block_alpha_full_response,276,switch_after_loss,0.46649558026803534
M4_block_alpha_full_response,276,switch_after_no_loss,0.3226111636707663
M4_block_alpha_full_response,277,optimal_choice,0.6065934065934065
M4_block_alpha_full_response,277,choose_blue,0.5216666666666666
M4_block_alpha_full_response,277,stay_rate,0.6125404007756949
M4_block_alpha_full_response,277,switch_after_loss,0.4600456621004566
M4_block_alpha_full_response,277,switch_after_no_loss,0.3273457811392106
M4_block_alpha_full_response,278,optimal_choice,0.6046541693600517
M4_block_alpha_full_response,278,choose_blue,0.525
M4_block_alpha_full_response,278,stay_rate,0.6063348416289592
M4_block_alpha_full_response,278,switch_after_loss,0.4509582863585118
M4_block_alpha_full_response,278,switch_after_no_loss,0.3451158347265345
M4_block_alpha_full_response,279,optimal_choice,0.5954751131221719
M4_block_alpha_full_response,279,choose_blue,0.5267948717948718
M4_block_alpha_full_response,279,stay_rate,0.6
M4_block_alpha_full_response,279,switch_after_loss,0.4609246009906439
M4_block_alpha_full_response,279,switch_after_no_loss,0.34601316752011707
M4_block_alpha_full_response,280,optimal_choice,0.6010342598577892
M4_block_alpha_full_response,280,choose_blue,0.525
M4_block_alpha_full_response,280,stay_rate,0.6055591467356173
M4_block_alpha_full_response,280,switch_after_loss,0.46420389461626577
M4_block_alpha_full_response,280,switch_after_no_loss,0.33702568937072824
M4_block_alpha_full_response,281,optimal_choice,0.5930187459599224
M4_block_alpha_full_response,281,choose_blue,0.5126923076923077
M4_block_alpha_full_response,281,stay_rate,0.6199095022624435
M4_block_alpha_full_response,281,switch_after_loss,0.44853983555429544
M4_block_alpha_full_response,281,switch_after_no_loss,0.32271863117870725
M4_block_alpha_full_response,282,optimal_choice,0.5990950226244344
M4_block_alpha_full_response,282,choose_blue,0.5294871794871795
M4_block_alpha_full_response,282,stay_rate,0.6086619263089851
M4_block_alpha_full_response,282,switch_after_loss,0.4692737430167598
M4_block_alpha_full_response,282,switch_after_no_loss,0.32418772563176895
M4_block_alpha_full_response,283,optimal_choice,0.5994828700711053
M4_block_alpha_full_response,283,choose_blue,0.5261538461538462
M4_block_alpha_full_response,283,stay_rate,0.6024563671622495
M4_block_alpha_full_response,283,switch_after_loss,0.46991643454038995
M4_block_alpha_full_response,283,switch_after_no_loss,0.3348612786489747
M4_block_alpha_full_response,284,optimal_choice,0.5967679379444085
M4_block_alpha_full_response,284,choose_blue,0.5284615384615384
M4_block_alpha_full_response,284,stay_rate,0.6031027795733678
M4_block_alpha_full_response,284,switch_after_loss,0.4700902934537246
M4_block_alpha_full_response,284,switch_after_no_loss,0.3350035790980673
M4_block_alpha_full_response,285,optimal_choice,0.5989657401422107
M4_block_alpha_full_response,285,choose_blue,0.52
M4_block_alpha_full_response,285,stay_rate,0.6262443438914027
M4_block_alpha_full_response,285,switch_after_loss,0.4333804809052334
M4_block_alpha_full_response,285,switch_after_no_loss,0.32357142857142857
M4_block_alpha_full_response,286,optimal_choice,0.6005171299288946
M4_block_alpha_full_response,286,choose_blue,0.5242307692307693
M4_block_alpha_full_response,286,stay_rate,0.6329670329670329
M4_block_alpha_full_response,286,switch_after_loss,0.4305633017289459
M4_block_alpha_full_response,286,switch_after_no_loss,0.3121234032296939
M4_block_alpha_full_response,287,optimal_choice,0.5879767291531998
M4_block_alpha_full_response,287,choose_blue,0.5211538461538462
M4_block_alpha_full_response,287,stay_rate,0.6224951519069166
M4_block_alpha_full_response,287,switch_after_loss,0.43397767492512934
M4_block_alpha_full_response,287,switch_after_no_loss,0.32644017725258495
M4_block_alpha_full_response,288,optimal_choice,0.5972850678733032
M4_block_alpha_full_response,288,choose_blue,0.5082051282051282
M4_block_alpha_full_response,288,stay_rate,0.6058177117000646
M4_block_alpha_full_response,288,switch_after_loss,0.45658185840707965
M4_block_alpha_full_response,288,switch_after_no_loss,0.3394027676620539
M4_block_alpha_full_response,289,optimal_choice,0.6020685197155785
M4_block_alpha_full_response,289,choose_blue,0.5252564102564102
M4_block_alpha_full_response,289,stay_rate,0.6218487394957983
M4_block_alpha_full_response,289,switch_after_loss,0.44609769792251547
M4_block_alpha_full_response,289,switch_after_no_loss,0.32015336688233886
M4_block_alpha_full_response,290,optimal_choice,0.6002585649644473
M4_block_alpha_full_response,290,choose_blue,0.5248717948717949
M4_block_alpha_full_response,290,stay_rate,0.6140917905623788
M4_block_alpha_full_response,290,switch_after_loss,0.4477983937967322
M4_block_alpha_full_response,290,switch_after_no_loss,0.3317167798254122
M4_block_alpha_full_response,291,optimal_choice,0.5993535875888817
M4_block_alpha_full_response,291,choose_blue,0.5247435897435897
M4_block_alpha_full_response,291,stay_rate,0.6078862314156431
M4_block_alpha_full_response,291,switch_after_loss,0.46901648664013645
M4_block_alpha_full_response,291,switch_after_no_loss,0.3279582641688404
M4_block_alpha_full_response,292,optimal_choice,0.5974143503555268
M4_block_alpha_full_response,292,choose_blue,0.5306410256410257
M4_block_alpha_full_response,292,stay_rate,0.6133160956690369
M4_block_alpha_full_response,292,switch_after_loss,0.45830985915492956
M4_block_alpha_full_response,292,switch_after_no_loss,0.32592592592592595
M4_block_alpha_full_response,293,optimal_choice,0.604912734324499
M4_block_alpha_full_response,293,choose_blue,0.5415384615384615
M4_block_alpha_full_response,293,stay_rate,0.6232708468002586
M4_block_alpha_full_response,293,switch_after_loss,0.4538096567122523
M4_block_alpha_full_response,293,switch_after_no_loss,0.31021194605009633
M4_block_alpha_full_response,294,optimal_choice,0.5981900452488688
M4_block_alpha_full_response,294,choose_blue,0.5243589743589744
M4_block_alpha_full_response,294,stay_rate,0.6151260504201681
M4_block_alpha_full_response,294,switch_after_loss,0.45032367013791164
M4_block_alpha_full_response,294,switch_after_no_loss,0.32926829268292684
M4_block_alpha_full_response,295,optimal_choice,0.599224305106658
M4_block_alpha_full_response,295,choose_blue,0.523974358974359
M4_block_alpha_full_response,295,stay_rate,0.6153846153846154
M4_block_alpha_full_response,295,switch_after_loss,0.4494569757727652
M4_block_alpha_full_response,295,switch_after_no_loss,0.3284266409266409
M4_block_alpha_full_response,296,optimal_choice,0.5944408532643827
M4_block_alpha_full_response,296,choose_blue,0.5317948717948718
M4_block_alpha_full_response,296,stay_rate,0.6
M4_block_alpha_full_response,296,switch_after_loss,0.4590486912468337
M4_block_alpha_full_response,296,switch_after_no_loss,0.3498326159732186
M4_block_alpha_full_response,297,optimal_choice,0.5975436328377505
M4_block_alpha_full_response,297,choose_blue,0.5275641025641026
M4_block_alpha_full_response,297,stay_rate,0.6209437621202327
M4_block_alpha_full_response,297,switch_after_loss,0.4484115827944897
M4_block_alpha_full_response,297,switch_after_no_loss,0.32000957395883195
M4_block_alpha_full_response,298,optimal_choice,0.6027149321266968
M4_block_alpha_full_response,298,choose_blue,0.5324358974358975
M4_block_alpha_full_response,298,stay_rate,0.6005171299288946
M4_block_alpha_full_response,298,switch_after_loss,0.47331656887398715
M4_block_alpha_full_response,298,switch_after_no_loss,0.33589990375360923
M4_block_alpha_full_response,299,optimal_choice,0.6095669036845508
M4_block_alpha_full_response,299,choose_blue,0.5132051282051282
M4_block_alpha_full_response,299,stay_rate,0.6063348416289592
M4_block_alpha_full_response,299,switch_after_loss,0.4757473209249859
M4_block_alpha_full_response,299,switch_after_no_loss,0.3241823824301743
M4_block_alpha_full_response,300,optimal_choice,0.5998707175177763
M4_block_alpha_full_response,300,choose_blue,0.5238461538461539
M4_block_alpha_full_response,300,stay_rate,0.5935358758888171
M4_block_alpha_full_response,300,switch_after_loss,0.4756575265808618
M4_block_alpha_full_response,300,switch_after_no_loss,0.3470319634703196
M7_single_alpha_full_response,1,optimal_choice,0.5979314802844214
M7_single_alpha_full_response,1,choose_blue,0.5308974358974359
M7_single_alpha_full_response,1,stay_rate,0.604912734324499
M7_single_alpha_full_response,1,switch_after_loss,0.4686533595726736
M7_single_alpha_full_response,1,switch_after_no_loss,0.3324557204404021
M7_single_alpha_full_response,2,optimal_choice,0.6023270846800258
M7_single_alpha_full_response,2,choose_blue,0.5284615384615384
M7_single_alpha_full_response,2,stay_rate,0.6074983839689722
M7_single_alpha_full_response,2,switch_after_loss,0.46708286038592506
M7_single_alpha_full_response,2,switch_after_no_loss,0.3300878651151745
M7_single_alpha_full_response,3,optimal_choice,0.5874595992243051
M7_single_alpha_full_response,3,choose_blue,0.5137179487179487
M7_single_alpha_full_response,3,stay_rate,0.5971557853910795
M7_single_alpha_full_response,3,switch_after_loss,0.4666114790286976
M7_single_alpha_full_response,3,switch_after_no_loss,0.34663099002675746
M7_single_alpha_full_response,4,optimal_choice,0.6051712992889463
M7_single_alpha_full_response,4,choose_blue,0.5296153846153846
M7_single_alpha_full_response,4,stay_rate,0.6340012928248222
M7_single_alpha_full_response,4,switch_after_loss,0.4449815183394939
M7_single_alpha_full_response,4,switch_after_no_loss,0.30014224751066854
M7_single_alpha_full_response,5,optimal_choice,0.5868131868131868
M7_single_alpha_full_response,5,choose_blue,0.5269230769230769
M7_single_alpha_full_response,5,stay_rate,0.6081447963800904
M7_single_alpha_full_response,5,switch_after_loss,0.45692567567567566
M7_single_alpha_full_response,5,switch_after_no_loss,0.3366005259383218
M7_single_alpha_full_response,6,optimal_choice,0.5972850678733032
M7_single_alpha_full_response,6,choose_blue,0.5307692307692308
M7_single_alpha_full_response,6,stay_rate,0.6153846153846154
M7_single_alpha_full_response,6,switch_after_loss,0.4589787722317843
M7_single_alpha_full_response,6,switch_after_no_loss,0.32360555424805837
M7_single_alpha_full_response,7,optimal_choice,0.5932773109243697
M7_single_alpha_full_response,7,choose_blue,0.5214102564102564
M7_single_alpha_full_response,7,stay_rate,0.6129282482223659
M7_single_alpha_full_response,7,switch_after_loss,0.45842760180995473
M7_single_alpha_full_response,7,switch_after_no_loss,0.3269826149083115
M7_single_alpha_full_response,8,optimal_choice,0.617065287653523
M7_single_alpha_full_response,8,choose_blue,0.5273076923076923
M7_single_alpha_full_response,8,stay_rate,0.6179702650290886
M7_single_alpha_full_response,8,switch_after_loss,0.4679431389614157
M7_single_alpha_full_response,8,switch_after_no_loss,0.31296641791044777
M7_single_alpha_full_response,9,optimal_choice,0.5970265029088558
M7_single_alpha_full_response,9,choose_blue,0.535
M7_single_alpha_full_response,9,stay_rate,0.6183581124757596
M7_single_alpha_full_response,9,switch_after_loss,0.4578619909502262
M7_single_alpha_full_response,9,switch_after_no_loss,0.31745653727077877
M7_single_alpha_full_response,10,optimal_choice,0.5934065934065934
M7_single_alpha_full_response,10,choose_blue,0.512051282051282
M7_single_alpha_full_response,10,stay_rate,0.6231415643180349
M7_single_alpha_full_response,10,switch_after_loss,0.44425770308123247
M7_single_alpha_full_response,10,switch_after_no_loss,0.3190876350540216
M7_single_alpha_full_response,11,optimal_choice,0.6050420168067226
M7_single_alpha_full_response,11,choose_blue,0.5226923076923077
M7_single_alpha_full_response,11,stay_rate,0.6224951519069166
M7_single_alpha_full_response,11,switch_after_loss,0.45524296675191817
M7_single_alpha_full_response,11,switch_after_no_loss,0.31261859582542695
M7_single_alpha_full_response,12,optimal_choice,0.6023270846800258
M7_single_alpha_full_response,12,choose_blue,0.5183333333333333
M7_single_alpha_full_response,12,stay_rate,0.6046541693600517
M7_single_alpha_full_response,12,switch_after_loss,0.46753614970229657
M7_single_alpha_full_response,12,switch_after_no_loss,0.3348384030418251
M7_single_alpha_full_response,13,optimal_choice,0.5963800904977375
M7_single_alpha_full_response,13,choose_blue,0.5174358974358975
M7_single_alpha_full_response,13,stay_rate,0.611376858435682
M7_single_alpha_full_response,13,switch_after_loss,0.45357941834451904
M7_single_alpha_full_response,13,switch_after_no_loss,0.3327723010339024
M7_single_alpha_full_response,14,optimal_choice,0.599224305106658
M7_single_alpha_full_response,14,choose_blue,0.5166666666666667
M7_single_alpha_full_response,14,stay_rate,0.6074983839689722
M7_single_alpha_full_response,14,switch_after_loss,0.4660519698239732
M7_single_alpha_full_response,14,switch_after_no_loss,0.329162656400385
M7_single_alpha_full_response,15,optimal_choice,0.6031027795733678
M7_single_alpha_full_response,15,choose_blue,0.5282051282051282
M7_single_alpha_full_response,15,stay_rate,0.6200387847446671
M7_single_alpha_full_response,15,switch_after_loss,0.45661331086773377
M7_single_alpha_full_response,15,switch_after_no_loss,0.31456636320076664
M7_single_alpha_full_response,16,optimal_choice,0.6050420168067226
M7_single_alpha_full_response,16,choose_blue,0.5188461538461538
M7_single_alpha_full_response,16,stay_rate,0.5997414350355527
M7_single_alpha_full_response,16,switch_after_loss,0.4765957446808511
M7_single_alpha_full_response,16,switch_after_no_loss,0.3363420427553444
M7_single_alpha_full_response,17,optimal_choice,0.6064641241111829
M7_single_alpha_full_response,17,choose_blue,0.5244871794871795
M7_single_alpha_full_response,17,stay_rate,0.6038784744667097
M7_single_alpha_full_response,17,switch_after_loss,0.4786179552534693
M7_single_alpha_full_response,17,switch_after_no_loss,0.3268315889628925
M7_single_alpha_full_response,18,optimal_choice,0.6005171299288946
M7_single_alpha_full_response,18,choose_blue,0.5252564102564102
M7_single_alpha_full_response,18,stay_rate,0.6055591467356173
M7_single_alpha_full_response,18,switch_after_loss,0.4650642817216322
M7_single_alpha_full_response,18,switch_after_no_loss,0.33365407745970654
M7_single_alpha_full_response,19,optimal_choice,0.6068519715578539
M7_single_alpha_full_response,19,choose_blue,0.5248717948717949
M7_single_alpha_full_response,19,stay_rate,0.60530058177117
M7_single_alpha_full_response,19,switch_after_loss,0.46774651889741403
M7_single_alpha_full_response,19,switch_after_no_loss,0.33372865275142316
M7_single_alpha_full_response,20,optimal_choice,0.6059469941822883
M7_single_alpha_full_response,20,choose_blue,0.523974358974359
M7_single_alpha_full_response,20,stay_rate,0.6230122818358113
M7_single_alpha_full_response,20,switch_after_loss,0.45410628019323673
M7_single_alpha_full_response,20,switch_after_no_loss,0.31261859582542695
M7_single_alpha_full_response,21,optimal_choice,0.6073691014867485
M7_single_alpha_full_response,21,choose_blue,0.5234615384615384
M7_single_alpha_full_response,21,stay_rate,0.612152553329024
M7_single_alpha_full_response,21,switch_after_loss,0.46500559910414335
M7_single_alpha_full_response,21,switch_after_no_loss,0.32164304588037473
M7_single_alpha_full_response,22,optimal_choice,0.6006464124111183
M7_single_alpha_full_response,22,choose_blue,0.528974358974359
M7_single_alpha_full_response,22,stay_rate,0.6197802197802198
M7_single_alpha_full_response,22,switch_after_loss,0.4599606631076145
M7_single_alpha_full_response,22,switch_after_no_loss,0.31226053639846746
M7_single_alpha_full_response,23,optimal_choice,0.6006464124111183
M7_single_alpha_full_response,23,choose_blue,0.5271794871794871
M7_single_alpha_full_response,23,stay_rate,0.6127989657401423
M7_single_alpha_full_response,23,switch_after_loss,0.45978971298664395
M7_single_alpha_full_response,23,switch_after_no_loss,0.32661290322580644
M7_single_alpha_full_response,24,optimal_choice,0.5949579831932773
M7_single_alpha_full_response,24,choose_blue,0.5192307692307693
M7_single_alpha_full_response,24,stay_rate,0.6126696832579186
M7_single_alpha_full_response,24,switch_after_loss,0.4577072899276572
M7_single_alpha_full_response,24,switch_after_no_loss,0.3262496981405458
M7_single_alpha_full_response,25,optimal_choice,0.5966386554621849
M7_single_alpha_full_response,25,choose_blue,0.5160256410256411
M7_single_alpha_full_response,25,stay_rate,0.6152553329023918
M7_single_alpha_full_response,25,switch_after_loss,0.4633129516397999
M7_single_alpha_full_response,25,switch_after_no_loss,0.3164128595600677
M7_single_alpha_full_response,26,optimal_choice,0.604912734324499
M7_single_alpha_full_response,26,choose_blue,0.5301282051282051
M7_single_alpha_full_response,26,stay_rate,0.6147382029734971
M7_single_alpha_full_response,26,switch_after_loss,0.47287496373658255
M7_single_alpha_full_response,26,switch_after_no_loss,0.3148320895522388
M7_single_alpha_full_response,27,optimal_choice,0.5954751131221719
M7_single_alpha_full_response,27,choose_blue,0.5216666666666666
M7_single_alpha_full_response,27,stay_rate,0.6169360051712993
M7_single_alpha_full_response,27,switch_after_loss,0.45930399769916597
M7_single_alpha_full_response,27,switch_after_no_loss,0.3208078910286519
M7_single_alpha_full_response,28,optimal_choice,0.5937944408532644
M7_single_alpha_full_response,28,choose_blue,0.5203846153846153
M7_single_alpha_full_response,28,stay_rate,0.6058177117000646
M7_single_alpha_full_response,28,switch_after_loss,0.47683453237410073
M7_single_alpha_full_response,28,switch_after_no_loss,0.3267605633802817
M7_single_alpha_full_response,29,optimal_choice,0.6024563671622495
M7_single_alpha_full_response,29,choose_blue,0.5164102564102564
M7_single_alpha_full_response,29,stay_rate,0.6102133160956691
M7_single_alpha_full_response,29,switch_after_loss,0.4701949860724234
M7_single_alpha_full_response,29,switch_after_no_loss,0.3201447527141134
M7_single_alpha_full_response,30,optimal_choice,0.5870717517776342
M7_single_alpha_full_response,30,choose_blue,0.5201282051282051
M7_single_alpha_full_response,30,stay_rate,0.6175824175824176
M7_single_alpha_full_response,30,switch_after_loss,0.4486349563748945
M7_single_alpha_full_response,30,switch_after_no_loss,0.32615973218555716
M7_single_alpha_full_response,31,optimal_choice,0.6047834518422753
M7_single_alpha_full_response,31,choose_blue,0.5223076923076924
M7_single_alpha_full_response,31,stay_rate,0.612152553329024
M7_single_alpha_full_response,31,switch_after_loss,0.4554003989740667
M7_single_alpha_full_response,31,switch_after_no_loss,0.3317557974443919
M7_single_alpha_full_response,32,optimal_choice,0.6031027795733678
M7_single_alpha_full_response,32,choose_blue,0.5212820512820513
M7_single_alpha_full_response,32,stay_rate,0.5971557853910795
M7_single_alpha_full_response,32,switch_after_loss,0.47794528196538244
M7_single_alpha_full_response,32,switch_after_no_loss,0.33806886588008667
M7_single_alpha_full_response,33,optimal_choice,0.6034906270200388
M7_single_alpha_full_response,33,choose_blue,0.5296153846153846
M7_single_alpha_full_response,33,stay_rate,0.611376858435682
M7_single_alpha_full_response,33,switch_after_loss,0.4641338247802665
M7_single_alpha_full_response,33,switch_after_no_loss,0.32533269961977185
M7_single_alpha_full_response,34,optimal_choice,0.600387847446671
M7_single_alpha_full_response,34,choose_blue,0.5293589743589744
M7_single_alpha_full_response,34,stay_rate,0.6089204912734324
M7_single_alpha_full_response,34,switch_after_loss,0.4730231230373965
M7_single_alpha_full_response,34,switch_after_no_loss,0.32325141776937616
M7_single_alpha_full_response,35,optimal_choice,0.609049773755656
M7_single_alpha_full_response,35,choose_blue,0.5352564102564102
M7_single_alpha_full_response,35,stay_rate,0.6139625080801552
M7_single_alpha_full_response,35,switch_after_loss,0.4671616219303255
M7_single_alpha_full_response,35,switch_after_no_loss,0.3189227498228207
M7_single_alpha_full_response,36,optimal_choice,0.6029734970911441
M7_single_alpha_full_response,36,choose_blue,0.538974358974359
M7_single_alpha_full_response,36,stay_rate,0.616677440206852
M7_single_alpha_full_response,36,switch_after_loss,0.45798917687268587
M7_single_alpha_full_response,36,switch_after_no_loss,0.3212594696969697
M7_single_alpha_full_response,37,optimal_choice,0.5961215255332902
M7_single_alpha_full_response,37,choose_blue,0.5197435897435897
M7_single_alpha_full_response,37,stay_rate,0.6152553329023918
M7_single_alpha_full_response,37,switch_after_loss,0.454957507082153
M7_single_alpha_full_response,37,switch_after_no_loss,0.3258026159334126
M7_single_alpha_full_response,38,optimal_choice,0.599224305106658
M7_single_alpha_full_response,38,choose_blue,0.5182051282051282
M7_single_alpha_full_response,38,stay_rate,0.617453135100194
M7_single_alpha_full_response,38,switch_after_loss,0.4520393811533052
M7_single_alpha_full_response,38,switch_after_no_loss,0.32344497607655504
M7_single_alpha_full_response,39,optimal_choice,0.5963800904977375
M7_single_alpha_full_response,39,choose_blue,0.5211538461538462
M7_single_alpha_full_response,39,stay_rate,0.6080155138978668
M7_single_alpha_full_response,39,switch_after_loss,0.46696781479390176
M7_single_alpha_full_response,39,switch_after_no_loss,0.32864297638922013
M7_single_alpha_full_response,40,optimal_choice,0.5967679379444085
M7_single_alpha_full_response,40,choose_blue,0.5243589743589744
M7_single_alpha_full_response,40,stay_rate,0.6175824175824176
M7_single_alpha_full_response,40,switch_after_loss,0.4622451909273615
M7_single_alpha_full_response,40,switch_after_no_loss,0.31702728127939794
M7_single_alpha_full_response,41,optimal_choice,0.5997414350355527
M7_single_alpha_full_response,41,choose_blue,0.5156410256410257
M7_single_alpha_full_response,41,stay_rate,0.6164188752424047
M7_single_alpha_full_response,41,switch_after_loss,0.4603355132214956
M7_single_alpha_full_response,41,switch_after_no_loss,0.31958274063537223
M7_single_alpha_full_response,42,optimal_choice,0.6007756948933419
M7_single_alpha_full_response,42,choose_blue,0.5307692307692308
M7_single_alpha_full_response,42,stay_rate,0.6173238526179703
M7_single_alpha_full_response,42,switch_after_loss,0.45544554455445546
M7_single_alpha_full_response,42,switch_after_no_loss,0.32142857142857145
M7_single_alpha_full_response,43,optimal_choice,0.600387847446671
M7_single_alpha_full_response,43,choose_blue,0.514102564102564
M7_single_alpha_full_response,43,stay_rate,0.6135746606334842
M7_single_alpha_full_response,43,switch_after_loss,0.4609263995453254
M7_single_alpha_full_response,43,switch_after_no_loss,0.32424098671726753
M7_single_alpha_full_response,44,optimal_choice,0.6002585649644473
M7_single_alpha_full_response,44,choose_blue,0.5153846153846153
M7_single_alpha_full_response,44,stay_rate,0.6144796380090498
M7_single_alpha_full_response,44,switch_after_loss,0.459695603156708
M7_single_alpha_full_response,44,switch_after_no_loss,0.32266539288273227
M7_single_alpha_full_response,45,optimal_choice,0.5941822882999354
M7_single_alpha_full_response,45,choose_blue,0.5276923076923077
M7_single_alpha_full_response,45,stay_rate,0.6187459599224305
M7_single_alpha_full_response,45,switch_after_loss,0.45384615384615384
M7_single_alpha_full_response,45,switch_after_no_loss,0.32094674556213015
M7_single_alpha_full_response,46,optimal_choice,0.6
M7_single_alpha_full_response,46,choose_blue,0.5284615384615384
M7_single_alpha_full_response,46,stay_rate,0.5963800904977375
M7_single_alpha_full_response,46,switch_after_loss,0.47719003638399105
M7_single_alpha_full_response,46,switch_after_no_loss,0.34046131667467566
M7_single_alpha_full_response,47,optimal_choice,0.60530058177117
M7_single_alpha_full_response,47,choose_blue,0.5226923076923077
M7_single_alpha_full_response,47,stay_rate,0.6036199095022624
M7_single_alpha_full_response,47,switch_after_loss,0.47125782583949916
M7_single_alpha_full_response,47,switch_after_no_loss,0.334044065387349
M7_single_alpha_full_response,48,optimal_choice,0.6037491919844861
M7_single_alpha_full_response,48,choose_blue,0.513974358974359
M7_single_alpha_full_response,48,stay_rate,0.5936651583710407
M7_single_alpha_full_response,48,switch_after_loss,0.48132780082987553
M7_single_alpha_full_response,48,switch_after_no_loss,0.34053398058252426
M7_single_alpha_full_response,49,optimal_choice,0.5959922430510666
M7_single_alpha_full_response,49,choose_blue,0.5266666666666666
M7_single_alpha_full_response,49,stay_rate,0.6199095022624435
M7_single_alpha_full_response,49,switch_after_loss,0.44387899349731413
M7_single_alpha_full_response,49,switch_after_no_loss,0.32634587898999523
M7_single_alpha_full_response,50,optimal_choice,0.6031027795733678
M7_single_alpha_full_response,50,choose_blue,0.5262820512820513
M7_single_alpha_full_response,50,stay_rate,0.6124111182934713
M7_single_alpha_full_response,50,switch_after_loss,0.46153846153846156
M7_single_alpha_full_response,50,switch_after_no_loss,0.3273921200750469
M7_single_alpha_full_response,51,optimal_choice,0.6074983839689722
M7_single_alpha_full_response,51,choose_blue,0.5125641025641026
M7_single_alpha_full_response,51,stay_rate,0.6266321913380737
M7_single_alpha_full_response,51,switch_after_loss,0.4409426462237365
M7_single_alpha_full_response,51,switch_after_no_loss,0.31687633515309754
M7_single_alpha_full_response,52,optimal_choice,0.6002585649644473
M7_single_alpha_full_response,52,choose_blue,0.512948717948718
M7_single_alpha_full_response,52,stay_rate,0.6074983839689722
M7_single_alpha_full_response,52,switch_after_loss,0.46080892608089263
M7_single_alpha_full_response,52,switch_after_no_loss,0.33349397590361446
M7_single_alpha_full_response,53,optimal_choice,0.6129282482223659
M7_single_alpha_full_response,53,choose_blue,0.5223076923076924
M7_single_alpha_full_response,53,stay_rate,0.6153846153846154
M7_single_alpha_full_response,53,switch_after_loss,0.4493329548680102
M7_single_alpha_full_response,53,switch_after_no_loss,0.33048433048433046
M7_single_alpha_full_response,54,optimal_choice,0.6024563671622495
M7_single_alpha_full_response,54,choose_blue,0.5253846153846153
M7_single_alpha_full_response,54,stay_rate,0.6156431803490627
M7_single_alpha_full_response,54,switch_after_loss,0.4473312623552669
M7_single_alpha_full_response,54,switch_after_no_loss,0.3311874105865522
M7_single_alpha_full_response,55,optimal_choice,0.593923723335488
M7_single_alpha_full_response,55,choose_blue,0.5317948717948718
M7_single_alpha_full_response,55,stay_rate,0.6036199095022624
M7_single_alpha_full_response,55,switch_after_loss,0.469828795958462
M7_single_alpha_full_response,55,switch_after_no_loss,0.3336529242569511
M7_single_alpha_full_response,56,optimal_choice,0.5956043956043956
M7_single_alpha_full_response,56,choose_blue,0.5441025641025641
M7_single_alpha_full_response,56,stay_rate,0.6184873949579832
M7_single_alpha_full_response,56,switch_after_loss,0.46010044642857145
M7_single_alpha_full_response,56,switch_after_no_loss,0.3136593591905565
M7_single_alpha_full_response,57,optimal_choice,0.6002585649644473
M7_single_alpha_full_response,57,choose_blue,0.5292307692307693
M7_single_alpha_full_response,57,stay_rate,0.6187459599224305
M7_single_alpha_full_response,57,switch_after_loss,0.4533333333333333
M7_single_alpha_full_response,57,switch_after_no_loss,0.3209026128266033
M7_single_alpha_full_response,58,optimal_choice,0.5925016160310278
M7_single_alpha_full_response,58,choose_blue,0.5302564102564102
M7_single_alpha_full_response,58,stay_rate,0.6149967679379444
M7_single_alpha_full_response,58,switch_after_loss,0.45383975602994175
M7_single_alpha_full_response,58,switch_after_no_loss,0.3248546511627907
M7_single_alpha_full_response,59,optimal_choice,0.5790562378797673
M7_single_alpha_full_response,59,choose_blue,0.5269230769230769
M7_single_alpha_full_response,59,stay_rate,0.617453135100194
M7_single_alpha_full_response,59,switch_after_loss,0.453504607651494
M7_single_alpha_full_response,59,switch_after_no_loss,0.32137698603755416
M7_single_alpha_full_response,60,optimal_choice,0.5934065934065934
M7_single_alpha_full_response,60,choose_blue,0.5212820512820513
M7_single_alpha_full_response,60,stay_rate,0.617065287653523
M7_single_alpha_full_response,60,switch_after_loss,0.44431977559607294
M7_single_alpha_full_response,60,switch_after_no_loss,0.3304556354916067
M7_single_alpha_full_response,61,optimal_choice,0.5937944408532644
M7_single_alpha_full_response,61,choose_blue,0.5351282051282051
M7_single_alpha_full_response,61,stay_rate,0.6102133160956691
M7_single_alpha_full_response,61,switch_after_loss,0.46698510817645406
M7_single_alpha_full_response,61,switch_after_no_loss,0.3239942528735632
M7_single_alpha_full_response,62,optimal_choice,0.5928894634776988
M7_single_alpha_full_response,62,choose_blue,0.5275641025641026
M7_single_alpha_full_response,62,stay_rate,0.6059469941822883
M7_single_alpha_full_response,62,switch_after_loss,0.46868911772891736
M7_single_alpha_full_response,62,switch_after_no_loss,0.32930951231289235
M7_single_alpha_full_response,63,optimal_choice,0.6001292824822236
M7_single_alpha_full_response,63,choose_blue,0.512948717948718
M7_single_alpha_full_response,63,stay_rate,0.6050420168067226
M7_single_alpha_full_response,63,switch_after_loss,0.4623442808607022
M7_single_alpha_full_response,63,switch_after_no_loss,0.33832976445396146
M7_single_alpha_full_response,64,optimal_choice,0.6055591467356173
M7_single_alpha_full_response,64,choose_blue,0.5261538461538462
M7_single_alpha_full_response,64,stay_rate,0.6023270846800258
M7_single_alpha_full_response,64,switch_after_loss,0.4770668176670442
M7_single_alpha_full_response,64,switch_after_no_loss,0.3309540804187485
M7_single_alpha_full_response,65,optimal_choice,0.5970265029088558
M7_single_alpha_full_response,65,choose_blue,0.5416666666666666
M7_single_alpha_full_response,65,stay_rate,0.6201680672268908
M7_single_alpha_full_response,65,switch_after_loss,0.44856084354516956
M7_single_alpha_full_response,65,switch_after_no_loss,0.3227638428774255
M7_single_alpha_full_response,66,optimal_choice,0.6020685197155785
M7_single_alpha_full_response,66,choose_blue,0.5247435897435897
M7_single_alpha_full_response,66,stay_rate,0.6279250161603103
M7_single_alpha_full_response,66,switch_after_loss,0.44735327963176064
M7_single_alpha_full_response,66,switch_after_no_loss,0.31063629960084527
M7_single_alpha_full_response,67,optimal_choice,0.6025856496444731
M7_single_alpha_full_response,67,choose_blue,0.5212820512820513
M7_single_alpha_full_response,67,stay_rate,0.6126696832579186
M7_single_alpha_full_response,67,switch_after_loss,0.46062118691070436
M7_single_alpha_full_response,67,switch_after_no_loss,0.32332283845967547
M7_single_alpha_full_response,68,optimal_choice,0.5952165481577246
M7_single_alpha_full_response,68,choose_blue,0.5182051282051282
M7_single_alpha_full_response,68,stay_rate,0.6020685197155785
M7_single_alpha_full_response,68,switch_after_loss,0.4583451805516065
M7_single_alpha_full_response,68,switch_after_no_loss,0.34755808440018965
M7_single_alpha_full_response,69,optimal_choice,0.6038784744667097
M7_single_alpha_full_response,69,choose_blue,0.5273076923076923
M7_single_alpha_full_response,69,stay_rate,0.6155138978668391
M7_single_alpha_full_response,69,switch_after_loss,0.458391706360325
M7_single_alpha_full_response,69,switch_after_no_loss,0.32117138742198753
M7_single_alpha_full_response,70,optimal_choice,0.6
M7_single_alpha_full_response,70,choose_blue,0.5243589743589744
M7_single_alpha_full_response,70,stay_rate,0.5987071751777634
M7_single_alpha_full_response,70,switch_after_loss,0.46524663677130046
M7_single_alpha_full_response,70,switch_after_no_loss,0.34653227741780657
M7_single_alpha_full_response,71,optimal_choice,0.6112475759534584
M7_single_alpha_full_response,71,choose_blue,0.5257692307692308
M7_single_alpha_full_response,71,stay_rate,0.6160310277957337
M7_single_alpha_full_response,71,switch_after_loss,0.4580589750930432
M7_single_alpha_full_response,71,switch_after_no_loss,0.32296086751532294
M7_single_alpha_full_response,72,optimal_choice,0.6115061409179057
M7_single_alpha_full_response,72,choose_blue,0.5201282051282051
M7_single_alpha_full_response,72,stay_rate,0.6104718810601164
M7_single_alpha_full_response,72,switch_after_loss,0.47861271676300576
M7_single_alpha_full_response,72,switch_after_no_loss,0.31742690058479534
M7_single_alpha_full_response,73,optimal_choice,0.6009049773755656
M7_single_alpha_full_response,73,choose_blue,0.5173076923076924
M7_single_alpha_full_response,73,stay_rate,0.611764705882353
M7_single_alpha_full_response,73,switch_after_loss,0.460219285915097
M7_single_alpha_full_response,73,switch_after_no_loss,0.3269506941120153
M7_single_alpha_full_response,74,optimal_choice,0.6122818358112476
M7_single_alpha_full_response,74,choose_blue,0.5269230769230769
M7_single_alpha_full_response,74,stay_rate,0.6249515190691661
M7_single_alpha_full_response,74,switch_after_loss,0.4514088556641748
M7_single_alpha_full_response,74,switch_after_no_loss,0.31266149870801035
M7_single_alpha_full_response,75,optimal_choice,0.5887524240465417
M7_single_alpha_full_response,75,choose_blue,0.522051282051282
M7_single_alpha_full_response,75,stay_rate,0.6032320620555914
M7_single_alpha_full_response,75,switch_after_loss,0.46111111111111114
M7_single_alpha_full_response,75,switch_after_no_loss,0.3407496977025393
M7_single_alpha_full_response,76,optimal_choice,0.5910795087265676
M7_single_alpha_full_response,76,choose_blue,0.5192307692307693
M7_single_alpha_full_response,76,stay_rate,0.6055591467356173
M7_single_alpha_full_response,76,switch_after_loss,0.46967167501391205
M7_single_alpha_full_response,76,switch_after_no_loss,0.3291475489012316
M7_single_alpha_full_response,77,optimal_choice,0.5948287007110536
M7_single_alpha_full_response,77,choose_blue,0.5266666666666666
M7_single_alpha_full_response,77,stay_rate,0.6063348416289592
M7_single_alpha_full_response,77,switch_after_loss,0.4598088813940416
M7_single_alpha_full_response,77,switch_after_no_loss,0.3373234378740723
M7_single_alpha_full_response,78,optimal_choice,0.5835811247575954
M7_single_alpha_full_response,78,choose_blue,0.5056410256410256
M7_single_alpha_full_response,78,stay_rate,0.6149967679379444
M7_single_alpha_full_response,78,switch_after_loss,0.44883203559510565
M7_single_alpha_full_response,78,switch_after_no_loss,0.32954820004832086
M7_single_alpha_full_response,79,optimal_choice,0.6064641241111829
M7_single_alpha_full_response,79,choose_blue,0.5396153846153846
M7_single_alpha_full_response,79,stay_rate,0.6125404007756949
M7_single_alpha_full_response,79,switch_after_loss,0.47062179121505987
M7_single_alpha_full_response,79,switch_after_no_loss,0.3185150153700638
M7_single_alpha_full_response,80,optimal_choice,0.5934065934065934
M7_single_alpha_full_response,80,choose_blue,0.5332051282051282
M7_single_alpha_full_response,80,stay_rate,0.6085326438267614
M7_single_alpha_full_response,80,switch_after_loss,0.47060486150367437
M7_single_alpha_full_response,80,switch_after_no_loss,0.3247557779366214
M7_single_alpha_full_response,81,optimal_choice,0.604912734324499
M7_single_alpha_full_response,81,choose_blue,0.5244871794871795
M7_single_alpha_full_response,81,stay_rate,0.6027149321266968
M7_single_alpha_full_response,81,switch_after_loss,0.4779308405960079
M7_single_alpha_full_response,81,switch_after_no_loss,0.3286261369076113
M7_single_alpha_full_response,82,optimal_choice,0.6076276664511958
M7_single_alpha_full_response,82,choose_blue,0.523974358974359
M7_single_alpha_full_response,82,stay_rate,0.6040077569489334
M7_single_alpha_full_response,82,switch_after_loss,0.4699576868829337
M7_single_alpha_full_response,82,switch_after_no_loss,0.3334128878281623
M7_single_alpha_full_response,83,optimal_choice,0.5896574014221073
M7_single_alpha_full_response,83,choose_blue,0.5169230769230769
M7_single_alpha_full_response,83,stay_rate,0.6020685197155785
M7_single_alpha_full_response,83,switch_after_loss,0.4578012215435869
M7_single_alpha_full_response,83,switch_after_no_loss,0.34575368981369464
M7_single_alpha_full_response,84,optimal_choice,0.5928894634776988
M7_single_alpha_full_response,84,choose_blue,0.5258974358974359
M7_single_alpha_full_response,84,stay_rate,0.604912734324499
M7_single_alpha_full_response,84,switch_after_loss,0.45939157130895897
M7_single_alpha_full_response,84,switch_after_no_loss,0.33959537572254334
M7_single_alpha_full_response,85,optimal_choice,0.6020685197155785
M7_single_alpha_full_response,85,choose_blue,0.517051282051282
M7_single_alpha_full_response,85,stay_rate,0.616677440206852
M7_single_alpha_full_response,85,switch_after_loss,0.4645400170891484
M7_single_alpha_full_response,85,switch_after_no_loss,0.3158143939393939
M7_single_alpha_full_response,86,optimal_choice,0.5945701357466063
M7_single_alpha_full_response,86,choose_blue,0.5253846153846153
M7_single_alpha_full_response,86,stay_rate,0.6085326438267614
M7_single_alpha_full_response,86,switch_after_loss,0.45726141078838173
M7_single_alpha_full_response,86,switch_after_no_loss,0.3337378640776699
M7_single_alpha_full_response,87,optimal_choice,0.6037491919844861
M7_single_alpha_full_response,87,choose_blue,0.5176923076923077
M7_single_alpha_full_response,87,stay_rate,0.6164188752424047
M7_single_alpha_full_response,87,switch_after_loss,0.45534698521046646
M7_single_alpha_full_response,87,switch_after_no_loss,0.32377340602038396
M7_single_alpha_full_response,88,optimal_choice,0.6
M7_single_alpha_full_response,88,choose_blue,0.5223076923076924
M7_single_alpha_full_response,88,stay_rate,0.6
M7_single_alpha_full_response,88,switch_after_loss,0.46636645088657475
M7_single_alpha_full_response,88,switch_after_no_loss,0.3436154949784792
M7_single_alpha_full_response,89,optimal_choice,0.5965093729799612
M7_single_alpha_full_response,89,choose_blue,0.523974358974359
M7_single_alpha_full_response,89,stay_rate,0.6188752424046542
M7_single_alpha_full_response,89,switch_after_loss,0.4576271186440678
M7_single_alpha_full_response,89,switch_after_no_loss,0.3145551257253385
M7_single_alpha_full_response,90,optimal_choice,0.6089204912734324
M7_single_alpha_full_response,90,choose_blue,0.5355128205128206
M7_single_alpha_full_response,90,stay_rate,0.6239172592113769
M7_single_alpha_full_response,90,switch_after_loss,0.4582379862700229
M7_single_alpha_full_response,90,switch_after_no_loss,0.30832743571597077
M7_single_alpha_full_response,91,optimal_choice,0.593923723335488
M7_single_alpha_full_response,91,choose_blue,0.5201282051282051
M7_single_alpha_full_response,91,stay_rate,0.6063348416289592
M7_single_alpha_full_response,91,switch_after_loss,0.4630306438009559
M7_single_alpha_full_response,91,switch_after_no_loss,0.33460986117759695
M7_single_alpha_full_response,92,optimal_choice,0.5868131868131868
M7_single_alpha_full_response,92,choose_blue,0.5256410256410257
M7_single_alpha_full_response,92,stay_rate,0.6142210730446025
M7_single_alpha_full_response,92,switch_after_loss,0.4671717171717172
M7_single_alpha_full_response,92,switch_after_no_loss,0.316231119635579
M7_single_alpha_full_response,93,optimal_choice,0.6025856496444731
M7_single_alpha_full_response,93,choose_blue,0.5325641025641026
M7_single_alpha_full_response,93,stay_rate,0.621590174531351
M7_single_alpha_full_response,93,switch_after_loss,0.4451428571428571
M7_single_alpha_full_response,93,switch_after_no_loss,0.32325855962219596
M7_single_alpha_full_response,94,optimal_choice,0.5948287007110536
M7_single_alpha_full_response,94,choose_blue,0.5102564102564102
M7_single_alpha_full_response,94,stay_rate,0.6042663219133807
M7_single_alpha_full_response,94,switch_after_loss,0.4681793027116768
M7_single_alpha_full_response,94,switch_after_no_loss,0.3322009221062849
M7_single_alpha_full_response,95,optimal_choice,0.590174531351002
M7_single_alpha_full_response,95,choose_blue,0.5247435897435897
M7_single_alpha_full_response,95,stay_rate,0.61590174531351
M7_single_alpha_full_response,95,switch_after_loss,0.45037953331459096
M7_single_alpha_full_response,95,switch_after_no_loss,0.32766874102441357
M7_single_alpha_full_response,96,optimal_choice,0.5908209437621202
M7_single_alpha_full_response,96,choose_blue,0.5324358974358975
M7_single_alpha_full_response,96,stay_rate,0.6111182934712347
M7_single_alpha_full_response,96,switch_after_loss,0.4630471859010802
M7_single_alpha_full_response,96,switch_after_no_loss,0.32700972255157695
M7_single_alpha_full_response,97,optimal_choice,0.6009049773755656
M7_single_alpha_full_response,97,choose_blue,0.5302564102564102
M7_single_alpha_full_response,97,stay_rate,0.611764705882353
M7_single_alpha_full_response,97,switch_after_loss,0.4692881745120551
M7_single_alpha_full_response,97,switch_after_no_loss,0.32180663373323926
M7_single_alpha_full_response,98,optimal_choice,0.5976729153199741
M7_single_alpha_full_response,98,choose_blue,0.5243589743589744
M7_single_alpha_full_response,98,stay_rate,0.6202973497091144
M7_single_alpha_full_response,98,switch_after_loss,0.44236229415105055
M7_single_alpha_full_response,98,switch_after_no_loss,0.32732019938286255
M7_single_alpha_full_response,99,optimal_choice,0.5972850678733032
M7_single_alpha_full_response,99,choose_blue,0.5235897435897436
M7_single_alpha_full_response,99,stay_rate,0.6124111182934713
M7_single_alpha_full_response,99,switch_after_loss,0.4613020396758871
M7_single_alpha_full_response,99,switch_after_no_loss,0.3241097208854668
M7_single_alpha_full_response,100,optimal_choice,0.6047834518422753
M7_single_alpha_full_response,100,choose_blue,0.5098717948717949
M7_single_alpha_full_response,100,stay_rate,0.6055591467356173
M7_single_alpha_full_response,100,switch_after_loss,0.46974387841260906
M7_single_alpha_full_response,100,switch_after_no_loss,0.33046389287422284
M7_single_alpha_full_response,101,optimal_choice,0.6076276664511958
M7_single_alpha_full_response,101,choose_blue,0.5262820512820513
M7_single_alpha_full_response,101,stay_rate,0.6077569489334195
M7_single_alpha_full_response,101,switch_after_loss,0.4703222159412097
M7_single_alpha_full_response,101,switch_after_no_loss,0.3264236359304265
M7_single_alpha_full_response,102,optimal_choice,0.5978021978021978
M7_single_alpha_full_response,102,choose_blue,0.523974358974359
M7_single_alpha_full_response,102,stay_rate,0.6084033613445378
M7_single_alpha_full_response,102,switch_after_loss,0.4683687943262411
M7_single_alpha_full_response,102,switch_after_no_loss,0.3273159144893112
M7_single_alpha_full_response,103,optimal_choice,0.6019392372333549
M7_single_alpha_full_response,103,choose_blue,0.5166666666666667
M7_single_alpha_full_response,103,stay_rate,0.6152553329023918
M7_single_alpha_full_response,103,switch_after_loss,0.4624964619303708
M7_single_alpha_full_response,103,switch_after_no_loss,0.3193717277486911
M7_single_alpha_full_response,104,optimal_choice,0.5989657401422107
M7_single_alpha_full_response,104,choose_blue,0.5112820512820513
M7_single_alpha_full_response,104,stay_rate,0.6130575307045896
M7_single_alpha_full_response,104,switch_after_loss,0.45059507334624965
M7_single_alpha_full_response,104,switch_after_no_loss,0.3311499272197962
M7_single_alpha_full_response,105,optimal_choice,0.5998707175177763
M7_single_alpha_full_response,105,choose_blue,0.5238461538461539
M7_single_alpha_full_response,105,stay_rate,0.6192630898513252
M7_single_alpha_full_response,105,switch_after_loss,0.4616709732988803
M7_single_alpha_full_response,105,switch_after_no_loss,0.3144402634054563
M7_single_alpha_full_response,106,optimal_choice,0.5865546218487395
M7_single_alpha_full_response,106,choose_blue,0.5296153846153846
M7_single_alpha_full_response,106,stay_rate,0.6018099547511312
M7_single_alpha_full_response,106,switch_after_loss,0.46612541993281076
M7_single_alpha_full_response,106,switch_after_no_loss,0.33989911121787175
M7_single_alpha_full_response,107,optimal_choice,0.600387847446671
M7_single_alpha_full_response,107,choose_blue,0.5333333333333333
M7_single_alpha_full_response,107,stay_rate,0.6125404007756949
M7_single_alpha_full_response,107,switch_after_loss,0.4678461106430778
M7_single_alpha_full_response,107,switch_after_no_loss,0.31887877335888837
M7_single_alpha_full_response,108,optimal_choice,0.5925016160310278
M7_single_alpha_full_response,108,choose_blue,0.5348717948717949
M7_single_alpha_full_response,108,stay_rate,0.6015513897866839
M7_single_alpha_full_response,108,switch_after_loss,0.4754051748649417
M7_single_alpha_full_response,108,switch_after_no_loss,0.33428165007112376
M7_single_alpha_full_response,109,optimal_choice,0.6038784744667097
M7_single_alpha_full_response,109,choose_blue,0.5146153846153846
M7_single_alpha_full_response,109,stay_rate,0.6095669036845508
M7_single_alpha_full_response,109,switch_after_loss,0.4702346880366342
M7_single_alpha_full_response,109,switch_after_no_loss,0.32468757368545154
M7_single_alpha_full_response,110,optimal_choice,0.5968972204266322
M7_single_alpha_full_response,110,choose_blue,0.5366666666666666
M7_single_alpha_full_response,110,stay_rate,0.6153846153846154
M7_single_alpha_full_response,110,switch_after_loss,0.44320401897850964
M7_single_alpha_full_response,110,switch_after_no_loss,0.3340558766859345
M7_single_alpha_full_response,111,optimal_choice,0.6023270846800258
M7_single_alpha_full_response,111,choose_blue,0.5242307692307693
M7_single_alpha_full_response,111,stay_rate,0.6134453781512605
M7_single_alpha_full_response,111,switch_after_loss,0.45309437132455893
M7_single_alpha_full_response,111,switch_after_no_loss,0.32949087415946204
M7_single_alpha_full_response,112,optimal_choice,0.5903038138332256
M7_single_alpha_full_response,112,choose_blue,0.5157692307692308
M7_single_alpha_full_response,112,stay_rate,0.6147382029734971
M7_single_alpha_full_response,112,switch_after_loss,0.44123261521679846
M7_single_alpha_full_response,112,switch_after_no_loss,0.33480825958702065
M7_single_alpha_full_response,113,optimal_choice,0.6033613445378151
M7_single_alpha_full_response,113,choose_blue,0.5262820512820513
M7_single_alpha_full_response,113,stay_rate,0.6099547511312218
M7_single_alpha_full_response,113,switch_after_loss,0.46538570217575587
M7_single_alpha_full_response,113,switch_after_no_loss,0.3265014299332698
M7_single_alpha_full_response,114,optimal_choice,0.5895281189398837
M7_single_alpha_full_response,114,choose_blue,0.5223076923076924
M7_single_alpha_full_response,114,stay_rate,0.611764705882353
M7_single_alpha_full_response,114,switch_after_loss,0.45859697386519943
M7_single_alpha_full_response,114,switch_after_no_loss,0.3258536585365854
M7_single_alpha_full_response,115,optimal_choice,0.6179702650290886
M7_single_alpha_full_response,115,choose_blue,0.5228205128205128
M7_single_alpha_full_response,115,stay_rate,0.6175824175824176
M7_single_alpha_full_response,115,switch_after_loss,0.46924829157175396
M7_single_alpha_full_response,115,switch_after_no_loss,0.31020601468150605
M7_single_alpha_full_response,116,optimal_choice,0.6029734970911441
M7_single_alpha_full_response,116,choose_blue,0.5292307692307693
M7_single_alpha_full_response,116,stay_rate,0.6271493212669683
M7_single_alpha_full_response,116,switch_after_loss,0.44006752954417555
M7_single_alpha_full_response,116,switch_after_no_loss,0.3157139440325281
M7_single_alpha_full_response,117,optimal_choice,0.6037491919844861
M7_single_alpha_full_response,117,choose_blue,0.5257692307692308
M7_single_alpha_full_response,117,stay_rate,0.6146089204912735
M7_single_alpha_full_response,117,switch_after_loss,0.4578827546955037
M7_single_alpha_full_response,117,switch_after_no_loss,0.3250414593698176
M7_single_alpha_full_response,118,optimal_choice,0.6037491919844861
M7_single_alpha_full_response,118,choose_blue,0.5112820512820513
M7_single_alpha_full_response,118,stay_rate,0.6164188752424047
M7_single_alpha_full_response,118,switch_after_loss,0.4536571747627024
M7_single_alpha_full_response,118,switch_after_no_loss,0.323139898868288
M7_single_alpha_full_response,119,optimal_choice,0.5968972204266322
M7_single_alpha_full_response,119,choose_blue,0.5241025641025641
M7_single_alpha_full_response,119,stay_rate,0.6149967679379444
M7_single_alpha_full_response,119,switch_after_loss,0.4540034071550256
M7_single_alpha_full_response,119,switch_after_no_loss,0.32732019938286255
M7_single_alpha_full_response,120,optimal_choice,0.6131868131868132
M7_single_alpha_full_response,120,choose_blue,0.5341025641025641
M7_single_alpha_full_response,120,stay_rate,0.6089204912734324
M7_single_alpha_full_response,120,switch_after_loss,0.47026558891454967
M7_single_alpha_full_response,120,switch_after_no_loss,0.3268555373448841
M7_single_alpha_full_response,121,optimal_choice,0.595087265675501
M7_single_alpha_full_response,121,choose_blue,0.5319230769230769
M7_single_alpha_full_response,121,stay_rate,0.6191338073691015
M7_single_alpha_full_response,121,switch_after_loss,0.4563435998869737
M7_single_alpha_full_response,121,switch_after_no_loss,0.317206863679695
M7_single_alpha_full_response,122,optimal_choice,0.6047834518422753
M7_single_alpha_full_response,122,choose_blue,0.536923076923077
M7_single_alpha_full_response,122,stay_rate,0.600387847446671
M7_single_alpha_full_response,122,switch_after_loss,0.48066610217329947
M7_single_alpha_full_response,122,switch_after_no_loss,0.33110687022900764
M7_single_alpha_full_response,123,optimal_choice,0.6024563671622495
M7_single_alpha_full_response,123,choose_blue,0.5224358974358975
M7_single_alpha_full_response,123,stay_rate,0.6073691014867485
M7_single_alpha_full_response,123,switch_after_loss,0.4743479507022069
M7_single_alpha_full_response,123,switch_after_no_loss,0.3254828073480923
M7_single_alpha_full_response,124,optimal_choice,0.5987071751777634
M7_single_alpha_full_response,124,choose_blue,0.5162820512820513
M7_single_alpha_full_response,124,stay_rate,0.6253393665158371
M7_single_alpha_full_response,124,switch_after_loss,0.43795013850415515
M7_single_alpha_full_response,124,switch_after_no_loss,0.31927272727272726
M7_single_alpha_full_response,125,optimal_choice,0.5963800904977375
M7_single_alpha_full_response,125,choose_blue,0.5287179487179487
M7_single_alpha_full_response,125,stay_rate,0.6115061409179057
M7_single_alpha_full_response,125,switch_after_loss,0.4600456621004566
M7_single_alpha_full_response,125,switch_after_no_loss,0.32923658709524933
M7_single_alpha_full_response,126,optimal_choice,0.5936651583710407
M7_single_alpha_full_response,126,choose_blue,0.5164102564102564
M7_single_alpha_full_response,126,stay_rate,0.6160310277957337
M7_single_alpha_full_response,126,switch_after_loss,0.46435560525580094
M7_single_alpha_full_response,126,switch_after_no_loss,0.3148148148148148
M7_single_alpha_full_response,127,optimal_choice,0.6024563671622495
M7_single_alpha_full_response,127,choose_blue,0.5302564102564102
M7_single_alpha_full_response,127,stay_rate,0.6280542986425339
M7_single_alpha_full_response,127,switch_after_loss,0.4464234415397874
M7_single_alpha_full_response,127,switch_after_no_loss,0.31100141043723556
M7_single_alpha_full_response,128,optimal_choice,0.5989657401422107
M7_single_alpha_full_response,128,choose_blue,0.5311538461538462
M7_single_alpha_full_response,128,stay_rate,0.6228829993535876
M7_single_alpha_full_response,128,switch_after_loss,0.45488613433266073
M7_single_alpha_full_response,128,switch_after_no_loss,0.313877168307548
M7_single_alpha_full_response,129,optimal_choice,0.593923723335488
M7_single_alpha_full_response,129,choose_blue,0.5176923076923077
M7_single_alpha_full_response,129,stay_rate,0.5957336780866193
M7_single_alpha_full_response,129,switch_after_loss,0.4710651383841208
M7_single_alpha_full_response,129,switch_after_no_loss,0.3468013468013468
M7_single_alpha_full_response,130,optimal_choice,0.5935358758888171
M7_single_alpha_full_response,130,choose_blue,0.5243589743589744
M7_single_alpha_full_response,130,stay_rate,0.6080155138978668
M7_single_alpha_full_response,130,switch_after_loss,0.47135196161445103
M7_single_alpha_full_response,130,switch_after_no_loss,0.32490458015267176
M7_single_alpha_full_response,131,optimal_choice,0.5976729153199741
M7_single_alpha_full_response,131,choose_blue,0.5147435897435897
M7_single_alpha_full_response,131,stay_rate,0.6161603102779574
M7_single_alpha_full_response,131,switch_after_loss,0.4588904694167852
M7_single_alpha_full_response,131,switch_after_no_loss,0.32132701421800947
M7_single_alpha_full_response,132,optimal_choice,0.6124111182934713
M7_single_alpha_full_response,132,choose_blue,0.5232051282051282
M7_single_alpha_full_response,132,stay_rate,0.6140917905623788
M7_single_alpha_full_response,132,switch_after_loss,0.450368689733409
M7_single_alpha_full_response,132,switch_after_no_loss,0.33190781658351154
M7_single_alpha_full_response,133,optimal_choice,0.5923723335488041
M7_single_alpha_full_response,133,choose_blue,0.5305128205128206
M7_single_alpha_full_response,133,stay_rate,0.6120232708468003
M7_single_alpha_full_response,133,switch_after_loss,0.4531076581576027
M7_single_alpha_full_response,133,switch_after_no_loss,0.3311546840958606
M7_single_alpha_full_response,134,optimal_choice,0.6046541693600517
M7_single_alpha_full_response,134,choose_blue,0.531025641025641
M7_single_alpha_full_response,134,stay_rate,0.5990950226244344
M7_single_alpha_full_response,134,switch_after_loss,0.4737914967967385
M7_single_alpha_full_response,134,switch_after_no_loss,0.34271099744245526
M7_single_alpha_full_response,135,optimal_choice,0.5984486102133161
M7_single_alpha_full_response,135,choose_blue,0.5205128205128206
M7_single_alpha_full_response,135,stay_rate,0.6009049773755656
M7_single_alpha_full_response,135,switch_after_loss,0.4730999146029035
M7_single_alpha_full_response,135,switch_after_no_loss,0.337517764092847
M7_single_alpha_full_response,136,optimal_choice,0.6077569489334195
M7_single_alpha_full_response,136,choose_blue,0.5169230769230769
M7_single_alpha_full_response,136,stay_rate,0.6147382029734971
M7_single_alpha_full_response,136,switch_after_loss,0.45755517826825126
M7_single_alpha_full_response,136,switch_after_no_loss,0.3244465603427755
M7_single_alpha_full_response,137,optimal_choice,0.6023270846800258
M7_single_alpha_full_response,137,choose_blue,0.5292307692307693
M7_single_alpha_full_response,137,stay_rate,0.6033613445378151
M7_single_alpha_full_response,137,switch_after_loss,0.46919831223628694
M7_single_alpha_full_response,137,switch_after_no_loss,0.3349282296650718
M7_single_alpha_full_response,138,optimal_choice,0.5935358758888171
M7_single_alpha_full_response,138,choose_blue,0.5215384615384615
M7_single_alpha_full_response,138,stay_rate,0.6173238526179703
M7_single_alpha_full_response,138,switch_after_loss,0.4575799721835883
M7_single_alpha_full_response,138,switch_after_no_loss,0.3176328502415459
M7_single_alpha_full_response,139,optimal_choice,0.6122818358112476
M7_single_alpha_full_response,139,choose_blue,0.5188461538461538
M7_single_alpha_full_response,139,stay_rate,0.6190045248868778
M7_single_alpha_full_response,139,switch_after_loss,0.4658703071672355
M7_single_alpha_full_response,139,switch_after_no_loss,0.3102630955202655
M7_single_alpha_full_response,140,optimal_choice,0.6058177117000646
M7_single_alpha_full_response,140,choose_blue,0.5208974358974359
M7_single_alpha_full_response,140,stay_rate,0.610989010989011
M7_single_alpha_full_response,140,switch_after_loss,0.46813310772701633
M7_single_alpha_full_response,140,switch_after_no_loss,0.3220338983050847
M7_single_alpha_full_response,141,optimal_choice,0.5978021978021978
M7_single_alpha_full_response,141,choose_blue,0.5292307692307693
M7_single_alpha_full_response,141,stay_rate,0.6091790562378797
M7_single_alpha_full_response,141,switch_after_loss,0.4623072529982867
M7_single_alpha_full_response,141,switch_after_no_loss,0.3316796598157335
M7_single_alpha_full_response,142,optimal_choice,0.6093083387201034
M7_single_alpha_full_response,142,choose_blue,0.541025641025641
M7_single_alpha_full_response,142,stay_rate,0.6077569489334195
M7_single_alpha_full_response,142,switch_after_loss,0.46222095020034343
M7_single_alpha_full_response,142,switch_after_no_loss,0.33459089837302525
M7_single_alpha_full_response,143,optimal_choice,0.5866839043309632
M7_single_alpha_full_response,143,choose_blue,0.525
M7_single_alpha_full_response,143,stay_rate,0.6199095022624435
M7_single_alpha_full_response,143,switch_after_loss,0.44818871103622576
M7_single_alpha_full_response,143,switch_after_no_loss,0.3219932918064207
M7_single_alpha_full_response,144,optimal_choice,0.5970265029088558
M7_single_alpha_full_response,144,choose_blue,0.5224358974358975
M7_single_alpha_full_response,144,stay_rate,0.6
M7_single_alpha_full_response,144,switch_after_loss,0.4708670197936995
M7_single_alpha_full_response,144,switch_after_no_loss,0.33871745419479266
M7_single_alpha_full_response,145,optimal_choice,0.5934065934065934
M7_single_alpha_full_response,145,choose_blue,0.5244871794871795
M7_single_alpha_full_response,145,stay_rate,0.6034906270200388
M7_single_alpha_full_response,145,switch_after_loss,0.4664231525709469
M7_single_alpha_full_response,145,switch_after_no_loss,0.3369252873563218
M7_single_alpha_full_response,146,optimal_choice,0.5862960568842922
M7_single_alpha_full_response,146,choose_blue,0.5287179487179487
M7_single_alpha_full_response,146,stay_rate,0.6190045248868778
M7_single_alpha_full_response,146,switch_after_loss,0.4531032563317562
M7_single_alpha_full_response,146,switch_after_no_loss,0.31844519555770157
M7_single_alpha_full_response,147,optimal_choice,0.5961215255332902
M7_single_alpha_full_response,147,choose_blue,0.5202564102564102
M7_single_alpha_full_response,147,stay_rate,0.6147382029734971
M7_single_alpha_full_response,147,switch_after_loss,0.4587129840546697
M7_single_alpha_full_response,147,switch_after_no_loss,0.3241771252663983
M7_single_alpha_full_response,148,optimal_choice,0.5961215255332902
M7_single_alpha_full_response,148,choose_blue,0.5283333333333333
M7_single_alpha_full_response,148,stay_rate,0.6134453781512605
M7_single_alpha_full_response,148,switch_after_loss,0.4521985815602837
M7_single_alpha_full_response,148,switch_after_no_loss,0.3315914489311164
M7_single_alpha_full_response,149,optimal_choice,0.6034906270200388
M7_single_alpha_full_response,149,choose_blue,0.528974358974359
M7_single_alpha_full_response,149,stay_rate,0.617065287653523
M7_single_alpha_full_response,149,switch_after_loss,0.4628635978537136
M7_single_alpha_full_response,149,switch_after_no_loss,0.315450643776824
M7_single_alpha_full_response,150,optimal_choice,0.5949579831932773
M7_single_alpha_full_response,150,choose_blue,0.5192307692307693
M7_single_alpha_full_response,150,stay_rate,0.6173238526179703
M7_single_alpha_full_response,150,switch_after_loss,0.44660467737390813
M7_single_alpha_full_response,150,switch_after_no_loss,0.3284758719541328
M7_single_alpha_full_response,151,optimal_choice,0.5975436328377505
M7_single_alpha_full_response,151,choose_blue,0.5373076923076923
M7_single_alpha_full_response,151,stay_rate,0.6102133160956691
M7_single_alpha_full_response,151,switch_after_loss,0.45685425685425685
M7_single_alpha_full_response,151,switch_after_no_loss,0.33536299765807964
M7_single_alpha_full_response,152,optimal_choice,0.5915966386554622
M7_single_alpha_full_response,152,choose_blue,0.5307692307692308
M7_single_alpha_full_response,152,stay_rate,0.6104718810601164
M7_single_alpha_full_response,152,switch_after_loss,0.46552690582959644
M7_single_alpha_full_response,152,switch_after_no_loss,0.3244540436765059
M7_single_alpha_full_response,153,optimal_choice,0.6056884292178409
M7_single_alpha_full_response,153,choose_blue,0.5282051282051282
M7_single_alpha_full_response,153,stay_rate,0.6190045248868778
M7_single_alpha_full_response,153,switch_after_loss,0.45640443055950014
M7_single_alpha_full_response,153,switch_after_no_loss,0.3179876601803512
M7_single_alpha_full_response,154,optimal_choice,0.6042663219133807
M7_single_alpha_full_response,154,choose_blue,0.5274358974358975
M7_single_alpha_full_response,154,stay_rate,0.6169360051712993
M7_single_alpha_full_response,154,switch_after_loss,0.46693386773547096
M7_single_alpha_full_response,154,switch_after_no_loss,0.314002828854314
M7_single_alpha_full_response,155,optimal_choice,0.5930187459599224
M7_single_alpha_full_response,155,choose_blue,0.5242307692307693
M7_single_alpha_full_response,155,stay_rate,0.6067226890756302
M7_single_alpha_full_response,155,switch_after_loss,0.46073008849557523
M7_single_alpha_full_response,155,switch_after_no_loss,0.3340616654527798
M7_single_alpha_full_response,156,optimal_choice,0.5922430510665805
M7_single_alpha_full_response,156,choose_blue,0.5373076923076923
M7_single_alpha_full_response,156,stay_rate,0.6231415643180349
M7_single_alpha_full_response,156,switch_after_loss,0.44902016472593015
M7_single_alpha_full_response,156,switch_after_no_loss,0.3165638348362601
M7_single_alpha_full_response,157,optimal_choice,0.6084033613445378
M7_single_alpha_full_response,157,choose_blue,0.5275641025641026
M7_single_alpha_full_response,157,stay_rate,0.6069812540400775
M7_single_alpha_full_response,157,switch_after_loss,0.4736693889045339
M7_single_alpha_full_response,157,switch_after_no_loss,0.3245697896749522
M7_single_alpha_full_response,158,optimal_choice,0.610989010989011
M7_single_alpha_full_response,158,choose_blue,0.5306410256410257
M7_single_alpha_full_response,158,stay_rate,0.611764705882353
M7_single_alpha_full_response,158,switch_after_loss,0.4650359712230216
M7_single_alpha_full_response,158,switch_after_no_loss,0.3255868544600939
M7_single_alpha_full_response,159,optimal_choice,0.6016806722689075
M7_single_alpha_full_response,159,choose_blue,0.5197435897435897
M7_single_alpha_full_response,159,stay_rate,0.5989657401422107
M7_single_alpha_full_response,159,switch_after_loss,0.4771057094403618
M7_single_alpha_full_response,159,switch_after_no_loss,0.33690731474862995
M7_single_alpha_full_response,160,optimal_choice,0.6122818358112476
M7_single_alpha_full_response,160,choose_blue,0.5244871794871795
M7_single_alpha_full_response,160,stay_rate,0.6152553329023918
M7_single_alpha_full_response,160,switch_after_loss,0.4647967945048655
M7_single_alpha_full_response,160,switch_after_no_loss,0.3187927375618958
M7_single_alpha_full_response,161,optimal_choice,0.6031027795733678
M7_single_alpha_full_response,161,choose_blue,0.5228205128205128
M7_single_alpha_full_response,161,stay_rate,0.6224951519069166
M7_single_alpha_full_response,161,switch_after_loss,0.44419327493642274
M7_single_alpha_full_response,161,switch_after_no_loss,0.32125834127740704
M7_single_alpha_full_response,162,optimal_choice,0.5968972204266322
M7_single_alpha_full_response,162,choose_blue,0.5246153846153846
M7_single_alpha_full_response,162,stay_rate,0.610989010989011
M7_single_alpha_full_response,162,switch_after_loss,0.457689063817824
M7_single_alpha_full_response,162,switch_after_no_loss,0.3305409286740067
M7_single_alpha_full_response,163,optimal_choice,0.604137039431157
M7_single_alpha_full_response,163,choose_blue,0.5258974358974359
M7_single_alpha_full_response,163,stay_rate,0.6055591467356173
M7_single_alpha_full_response,163,switch_after_loss,0.46826758147512865
M7_single_alpha_full_response,163,switch_after_no_loss,0.3334906773660609
M7_single_alpha_full_response,164,optimal_choice,0.6031027795733678
M7_single_alpha_full_response,164,choose_blue,0.5275641025641026
M7_single_alpha_full_response,164,stay_rate,0.6104718810601164
M7_single_alpha_full_response,164,switch_after_loss,0.45925078638833283
M7_single_alpha_full_response,164,switch_after_no_loss,0.3319962246342614
M7_single_alpha_full_response,165,optimal_choice,0.5965093729799612
M7_single_alpha_full_response,165,choose_blue,0.5197435897435897
M7_single_alpha_full_response,165,stay_rate,0.6226244343891403
M7_single_alpha_full_response,165,switch_after_loss,0.4458580718122703
M7_single_alpha_full_response,165,switch_after_no_loss,0.31967603620771795
M7_single_alpha_full_response,166,optimal_choice,0.600387847446671
M7_single_alpha_full_response,166,choose_blue,0.5198717948717949
M7_single_alpha_full_response,166,stay_rate,0.6094376212023271
M7_single_alpha_full_response,166,switch_after_loss,0.47731755424063116
M7_single_alpha_full_response,166,switch_after_no_loss,0.3170090778786431
M7_single_alpha_full_response,167,optimal_choice,0.600387847446671
M7_single_alpha_full_response,167,choose_blue,0.5234615384615384
M7_single_alpha_full_response,167,stay_rate,0.6081447963800904
M7_single_alpha_full_response,167,switch_after_loss,0.46339362618432384
M7_single_alpha_full_response,167,switch_after_no_loss,0.3332549388523048
M7_single_alpha_full_response,168,optimal_choice,0.6019392372333549
M7_single_alpha_full_response,168,choose_blue,0.5192307692307693
M7_single_alpha_full_response,168,stay_rate,0.6146089204912735
M7_single_alpha_full_response,168,switch_after_loss,0.4701025056947608
M7_single_alpha_full_response,168,switch_after_no_loss,0.3149419843713
M7_single_alpha_full_response,169,optimal_choice,0.5949579831932773
M7_single_alpha_full_response,169,choose_blue,0.5241025641025641
M7_single_alpha_full_response,169,stay_rate,0.6281835811247576
M7_single_alpha_full_response,169,switch_after_loss,0.43286516853932583
M7_single_alpha_full_response,169,switch_after_no_loss,0.3197604790419162
M7_single_alpha_full_response,170,optimal_choice,0.6007756948933419
M7_single_alpha_full_response,170,choose_blue,0.5284615384615384
M7_single_alpha_full_response,170,stay_rate,0.6019392372333549
M7_single_alpha_full_response,170,switch_after_loss,0.4702886247877759
M7_single_alpha_full_response,170,switch_after_no_loss,0.3373006427041181
M7_single_alpha_full_response,171,optimal_choice,0.5987071751777634
M7_single_alpha_full_response,171,choose_blue,0.5197435897435897
M7_single_alpha_full_response,171,stay_rate,0.6025856496444731
M7_single_alpha_full_response,171,switch_after_loss,0.4745277618775043
M7_single_alpha_full_response,171,switch_after_no_loss,0.33388351803819855
M7_single_alpha_full_response,172,optimal_choice,0.5797026502908856
M7_single_alpha_full_response,172,choose_blue,0.5173076923076924
M7_single_alpha_full_response,172,stay_rate,0.6155138978668391
M7_single_alpha_full_response,172,switch_after_loss,0.4565156206023079
M7_single_alpha_full_response,172,switch_after_no_loss,0.3232902917264467
M7_single_alpha_full_response,173,optimal_choice,0.5990950226244344
M7_single_alpha_full_response,173,choose_blue,0.5271794871794871
M7_single_alpha_full_response,173,stay_rate,0.617453135100194
M7_single_alpha_full_response,173,switch_after_loss,0.4572001145147438
M7_single_alpha_full_response,173,switch_after_no_loss,0.32107496463932106
M7_single_alpha_full_response,174,optimal_choice,0.6016806722689075
M7_single_alpha_full_response,174,choose_blue,0.522948717948718
M7_single_alpha_full_response,174,stay_rate,0.6028442146089205
M7_single_alpha_full_response,174,switch_after_loss,0.47375967880699743
M7_single_alpha_full_response,174,switch_after_no_loss,0.3342749529190207
M7_single_alpha_full_response,175,optimal_choice,0.6029734970911441
M7_single_alpha_full_response,175,choose_blue,0.5357692307692308
M7_single_alpha_full_response,175,stay_rate,0.6009049773755656
M7_single_alpha_full_response,175,switch_after_loss,0.48218325791855204
M7_single_alpha_full_response,175,switch_after_no_loss,0.3291259823767564
M7_single_alpha_full_response,176,optimal_choice,0.5980607627666451
M7_single_alpha_full_response,176,choose_blue,0.5296153846153846
M7_single_alpha_full_response,176,stay_rate,0.6100840336134454
M7_single_alpha_full_response,176,switch_after_loss,0.4699344542604731
M7_single_alpha_full_response,176,switch_after_no_loss,0.3234737340274491
M7_single_alpha_full_response,177,optimal_choice,0.5914673561732385
M7_single_alpha_full_response,177,choose_blue,0.513974358974359
M7_single_alpha_full_response,177,stay_rate,0.6104718810601164
M7_single_alpha_full_response,177,switch_after_loss,0.45064613692603794
M7_single_alpha_full_response,177,switch_after_no_loss,0.33528550512445093
M7_single_alpha_full_response,178,optimal_choice,0.6014221073044602
M7_single_alpha_full_response,178,choose_blue,0.54
M7_single_alpha_full_response,178,stay_rate,0.6067226890756302
M7_single_alpha_full_response,178,switch_after_loss,0.47652916073968704
M7_single_alpha_full_response,178,switch_after_no_loss,0.3239336492890995
M7_single_alpha_full_response,179,optimal_choice,0.6014221073044602
M7_single_alpha_full_response,179,choose_blue,0.5282051282051282
M7_single_alpha_full_response,179,stay_rate,0.6116354234001293
M7_single_alpha_full_response,179,switch_after_loss,0.45891952729319074
M7_single_alpha_full_response,179,switch_after_no_loss,0.32839033723989475
M7_single_alpha_full_response,180,optimal_choice,0.5978021978021978
M7_single_alpha_full_response,180,choose_blue,0.5319230769230769
M7_single_alpha_full_response,180,stay_rate,0.6210730446024564
M7_single_alpha_full_response,180,switch_after_loss,0.4455029420005604
M7_single_alpha_full_response,180,switch_after_no_loss,0.3218915026404225
M7_single_alpha_full_response,181,optimal_choice,0.6034906270200388
M7_single_alpha_full_response,181,choose_blue,0.5171794871794871
M7_single_alpha_full_response,181,stay_rate,0.6164188752424047
M7_single_alpha_full_response,181,switch_after_loss,0.4560344827586207
M7_single_alpha_full_response,181,switch_after_no_loss,0.32432432432432434
M7_single_alpha_full_response,182,optimal_choice,0.5887524240465417
M7_single_alpha_full_response,182,choose_blue,0.5175641025641026
M7_single_alpha_full_response,182,stay_rate,0.6193923723335488
M7_single_alpha_full_response,182,switch_after_loss,0.4389839867476532
M7_single_alpha_full_response,182,switch_after_no_loss,0.3292000972526137
M7_single_alpha_full_response,183,optimal_choice,0.6040077569489334
M7_single_alpha_full_response,183,choose_blue,0.5297435897435897
M7_single_alpha_full_response,183,stay_rate,0.6098254686489981
M7_single_alpha_full_response,183,switch_after_loss,0.4658992805755396
M7_single_alpha_full_response,183,switch_after_no_loss,0.3284037558685446
M7_single_alpha_full_response,184,optimal_choice,0.6012928248222366
M7_single_alpha_full_response,184,choose_blue,0.5194871794871795
M7_single_alpha_full_response,184,stay_rate,0.6178409825468649
M7_single_alpha_full_response,184,switch_after_loss,0.4493834241468311
M7_single_alpha_full_response,184,switch_after_no_loss,0.3269774011299435
M7_single_alpha_full_response,185,optimal_choice,0.5794440853264383
M7_single_alpha_full_response,185,choose_blue,0.5084615384615384
M7_single_alpha_full_response,185,stay_rate,0.6089204912734324
M7_single_alpha_full_response,185,switch_after_loss,0.4521544487968663
M7_single_alpha_full_response,185,switch_after_no_loss,0.338620523912521
M7_single_alpha_full_response,186,optimal_choice,0.6024563671622495
M7_single_alpha_full_response,186,choose_blue,0.5230769230769231
M7_single_alpha_full_response,186,stay_rate,0.6125404007756949
M7_single_alpha_full_response,186,switch_after_loss,0.44834307992202727
M7_single_alpha_full_response,186,switch_after_no_loss,0.3347007722007722
M7_single_alpha_full_response,187,optimal_choice,0.5989657401422107
M7_single_alpha_full_response,187,choose_blue,0.5215384615384615
M7_single_alpha_full_response,187,stay_rate,0.6060762766645119
M7_single_alpha_full_response,187,switch_after_loss,0.47124824684431976
M7_single_alpha_full_response,187,switch_after_no_loss,0.3278177458033573
M7_single_alpha_full_response,188,optimal_choice,0.5956043956043956
M7_single_alpha_full_response,188,choose_blue,0.533974358974359
M7_single_alpha_full_response,188,stay_rate,0.6168067226890757
M7_single_alpha_full_response,188,switch_after_loss,0.45528683914510687
M7_single_alpha_full_response,188,switch_after_no_loss,0.32184733189758313
M7_single_alpha_full_response,189,optimal_choice,0.6025856496444731
M7_single_alpha_full_response,189,choose_blue,0.5266666666666666
M7_single_alpha_full_response,189,stay_rate,0.6077569489334195
M7_single_alpha_full_response,189,switch_after_loss,0.460655278633436
M7_single_alpha_full_response,189,switch_after_no_loss,0.3335734870317003
M7_single_alpha_full_response,190,optimal_choice,0.5981900452488688
M7_single_alpha_full_response,190,choose_blue,0.5352564102564102
M7_single_alpha_full_response,190,stay_rate,0.6235294117647059
M7_single_alpha_full_response,190,switch_after_loss,0.453537936913896
M7_single_alpha_full_response,190,switch_after_no_loss,0.31214421252371916
M7_single_alpha_full_response,191,optimal_choice,0.6015513897866839
M7_single_alpha_full_response,191,choose_blue,0.525
M7_single_alpha_full_response,191,stay_rate,0.6206851971557854
M7_single_alpha_full_response,191,switch_after_loss,0.4588707366007452
M7_single_alpha_full_response,191,switch_after_no_loss,0.313942534149788
M7_single_alpha_full_response,192,optimal_choice,0.6011635423400129
M7_single_alpha_full_response,192,choose_blue,0.5253846153846153
M7_single_alpha_full_response,192,stay_rate,0.6103425985778927
M7_single_alpha_full_response,192,switch_after_loss,0.4582860385925085
M7_single_alpha_full_response,192,switch_after_no_loss,0.33222512467347426
M7_single_alpha_full_response,193,optimal_choice,0.6043956043956044
M7_single_alpha_full_response,193,choose_blue,0.5271794871794871
M7_single_alpha_full_response,193,stay_rate,0.6076276664511958
M7_single_alpha_full_response,193,switch_after_loss,0.4722063037249284
M7_single_alpha_full_response,193,switch_after_no_loss,0.3267373380447585
M7_single_alpha_full_response,194,optimal_choice,0.6027149321266968
M7_single_alpha_full_response,194,choose_blue,0.5266666666666666
M7_single_alpha_full_response,194,stay_rate,0.6081447963800904
M7_single_alpha_full_response,194,switch_after_loss,0.46697169002001715
M7_single_alpha_full_response,194,switch_after_no_loss,0.32987258140632375
M7_single_alpha_full_response,195,optimal_choice,0.6001292824822236
M7_single_alpha_full_response,195,choose_blue,0.5247435897435897
M7_single_alpha_full_response,195,stay_rate,0.6182288299935359
M7_single_alpha_full_response,195,switch_after_loss,0.44082428292954606
M7_single_alpha_full_response,195,switch_after_no_loss,0.3305984555984556
M7_single_alpha_full_response,196,optimal_choice,0.5900452488687783
M7_single_alpha_full_response,196,choose_blue,0.5198717948717949
M7_single_alpha_full_response,196,stay_rate,0.6085326438267614
M7_single_alpha_full_response,196,switch_after_loss,0.4607182940516274
M7_single_alpha_full_response,196,switch_after_no_loss,0.332294413809638
M7_single_alpha_full_response,197,optimal_choice,0.5965093729799612
M7_single_alpha_full_response,197,choose_blue,0.5326923076923077
M7_single_alpha_full_response,197,stay_rate,0.6062055591467356
M7_single_alpha_full_response,197,switch_after_loss,0.46749494365790234
M7_single_alpha_full_response,197,switch_after_no_loss,0.3341132428638278
M7_single_alpha_full_response,198,optimal_choice,0.5966386554621849
M7_single_alpha_full_response,198,choose_blue,0.5165384615384615
M7_single_alpha_full_response,198,stay_rate,0.6284421460892049
M7_single_alpha_full_response,198,switch_after_loss,0.44419327493642274
M7_single_alpha_full_response,198,switch_after_no_loss,0.31029551954242135
M7_single_alpha_full_response,199,optimal_choice,0.5980607627666451
M7_single_alpha_full_response,199,choose_blue,0.5155128205128205
M7_single_alpha_full_response,199,stay_rate,0.6077569489334195
M7_single_alpha_full_response,199,switch_after_loss,0.45861486486486486
M7_single_alpha_full_response,199,switch_after_no_loss,0.3358833373177146
M7_single_alpha_full_response,200,optimal_choice,0.588623141564318
M7_single_alpha_full_response,200,choose_blue,0.5137179487179487
M7_single_alpha_full_response,200,stay_rate,0.6106011635423401
M7_single_alpha_full_response,200,switch_after_loss,0.45710306406685236
M7_single_alpha_full_response,200,switch_after_no_loss,0.3307599517490953
M7_single_alpha_full_response,201,optimal_choice,0.595087265675501
M7_single_alpha_full_response,201,choose_blue,0.527051282051282
M7_single_alpha_full_response,201,stay_rate,0.6120232708468003
M7_single_alpha_full_response,201,switch_after_loss,0.45655210952780106
M7_single_alpha_full_response,201,switch_after_no_loss,0.3289220404234841
M7_single_alpha_full_response,202,optimal_choice,0.6047834518422753
M7_single_alpha_full_response,202,choose_blue,0.5408974358974359
M7_single_alpha_full_response,202,stay_rate,0.6226244343891403
M7_single_alpha_full_response,202,switch_after_loss,0.44878048780487806
M7_single_alpha_full_response,202,switch_after_no_loss,0.31882352941176473
M7_single_alpha_full_response,203,optimal_choice,0.5923723335488041
M7_single_alpha_full_response,203,choose_blue,0.5273076923076923
M7_single_alpha_full_response,203,stay_rate,0.611376858435682
M7_single_alpha_full_response,203,switch_after_loss,0.4644793152639087
M7_single_alpha_full_response,203,switch_after_no_loss,0.3257683215130024
M7_single_alpha_full_response,204,optimal_choice,0.600387847446671
M7_single_alpha_full_response,204,choose_blue,0.5242307692307693
M7_single_alpha_full_response,204,stay_rate,0.6006464124111183
M7_single_alpha_full_response,204,switch_after_loss,0.46730823662609683
M7_single_alpha_full_response,204,switch_after_no_loss,0.34221799143265114
M7_single_alpha_full_response,205,optimal_choice,0.5815126050420169
M7_single_alpha_full_response,205,choose_blue,0.5214102564102564
M7_single_alpha_full_response,205,stay_rate,0.6089204912734324
M7_single_alpha_full_response,205,switch_after_loss,0.4583219458868543
M7_single_alpha_full_response,205,switch_after_no_loss,0.3307163886162905
M7_single_alpha_full_response,206,optimal_choice,0.5985778926955397
M7_single_alpha_full_response,206,choose_blue,0.5219230769230769
M7_single_alpha_full_response,206,stay_rate,0.6086619263089851
M7_single_alpha_full_response,206,switch_after_loss,0.47135041750647855
M7_single_alpha_full_response,206,switch_after_no_loss,0.326137963397466
M7_single_alpha_full_response,207,optimal_choice,0.5887524240465417
M7_single_alpha_full_response,207,choose_blue,0.5269230769230769
M7_single_alpha_full_response,207,stay_rate,0.6118939883645766
M7_single_alpha_full_response,207,switch_after_loss,0.4488620784206197
M7_single_alpha_full_response,207,switch_after_no_loss,0.3339041095890411
M7_single_alpha_full_response,208,optimal_choice,0.5949579831932773
M7_single_alpha_full_response,208,choose_blue,0.5319230769230769
M7_single_alpha_full_response,208,stay_rate,0.6160310277957337
M7_single_alpha_full_response,208,switch_after_loss,0.4450947603121516
M7_single_alpha_full_response,208,switch_after_no_loss,0.3310827103930552
M7_single_alpha_full_response,209,optimal_choice,0.6005171299288946
M7_single_alpha_full_response,209,choose_blue,0.5256410256410257
M7_single_alpha_full_response,209,stay_rate,0.6115061409179057
M7_single_alpha_full_response,209,switch_after_loss,0.4694915254237288
M7_single_alpha_full_response,209,switch_after_no_loss,0.3201430274135876
M7_single_alpha_full_response,210,optimal_choice,0.5972850678733032
M7_single_alpha_full_response,210,choose_blue,0.5169230769230769
M7_single_alpha_full_response,210,stay_rate,0.6032320620555914
M7_single_alpha_full_response,210,switch_after_loss,0.4813979706877114
M7_single_alpha_full_response,210,switch_after_no_loss,0.3250537377597325
M7_single_alpha_full_response,211,optimal_choice,0.5987071751777634
M7_single_alpha_full_response,211,choose_blue,0.5182051282051282
M7_single_alpha_full_response,211,stay_rate,0.6165481577246283
M7_single_alpha_full_response,211,switch_after_loss,0.4580589750930432
M7_single_alpha_full_response,211,switch_after_no_loss,0.322017916077322
M7_single_alpha_full_response,212,optimal_choice,0.6047834518422753
M7_single_alpha_full_response,212,choose_blue,0.525
M7_single_alpha_full_response,212,stay_rate,0.6047834518422753
M7_single_alpha_full_response,212,switch_after_loss,0.4754566210045662
M7_single_alpha_full_response,212,switch_after_no_loss,0.32876388560623965
M7_single_alpha_full_response,213,optimal_choice,0.5972850678733032
M7_single_alpha_full_response,213,choose_blue,0.5174358974358975
M7_single_alpha_full_response,213,stay_rate,0.6094376212023271
M7_single_alpha_full_response,213,switch_after_loss,0.4662968099861304
M7_single_alpha_full_response,213,switch_after_no_loss,0.324455205811138
M7_single_alpha_full_response,214,optimal_choice,0.5926308985132515
M7_single_alpha_full_response,214,choose_blue,0.5266666666666666
M7_single_alpha_full_response,214,stay_rate,0.6032320620555914
M7_single_alpha_full_response,214,switch_after_loss,0.4714774671990873
M7_single_alpha_full_response,214,switch_after_no_loss,0.3348309292977063
M7_single_alpha_full_response,215,optimal_choice,0.5913380736910149
M7_single_alpha_full_response,215,choose_blue,0.5182051282051282
M7_single_alpha_full_response,215,stay_rate,0.6096961861667745
M7_single_alpha_full_response,215,switch_after_loss,0.46184173472261336
M7_single_alpha_full_response,215,switch_after_no_loss,0.3295889101338432
M7_single_alpha_full_response,216,optimal_choice,0.604137039431157
M7_single_alpha_full_response,216,choose_blue,0.53
M7_single_alpha_full_response,216,stay_rate,0.6021978021978022
M7_single_alpha_full_response,216,switch_after_loss,0.4820247339660627
M7_single_alpha_full_response,216,switch_after_no_loss,0.3290277125410991
M7_single_alpha_full_response,217,optimal_choice,0.5983193277310924
M7_single_alpha_full_response,217,choose_blue,0.5307692307692308
M7_single_alpha_full_response,217,stay_rate,0.6188752424046542
M7_single_alpha_full_response,217,switch_after_loss,0.44232388436710635
M7_single_alpha_full_response,217,switch_after_no_loss,0.3288590604026846
M7_single_alpha_full_response,218,optimal_choice,0.5966386554621849
M7_single_alpha_full_response,218,choose_blue,0.5296153846153846
M7_single_alpha_full_response,218,stay_rate,0.6102133160956691
M7_single_alpha_full_response,218,switch_after_loss,0.4701449275362319
M7_single_alpha_full_response,218,switch_after_no_loss,0.3250875145857643
M7_single_alpha_full_response,219,optimal_choice,0.6125404007756949
M7_single_alpha_full_response,219,choose_blue,0.5294871794871795
M7_single_alpha_full_response,219,stay_rate,0.6217194570135747
M7_single_alpha_full_response,219,switch_after_loss,0.4603265539959897
M7_single_alpha_full_response,219,switch_after_no_loss,0.31079170593779454
M7_single_alpha_full_response,220,optimal_choice,0.5980607627666451
M7_single_alpha_full_response,220,choose_blue,0.5301282051282051
M7_single_alpha_full_response,220,stay_rate,0.6076276664511958
M7_single_alpha_full_response,220,switch_after_loss,0.45791245791245794
M7_single_alpha_full_response,220,switch_after_no_loss,0.3363701750179813
M7_single_alpha_full_response,221,optimal_choice,0.5904330963154493
M7_single_alpha_full_response,221,choose_blue,0.5282051282051282
M7_single_alpha_full_response,221,stay_rate,0.6060762766645119
M7_single_alpha_full_response,221,switch_after_loss,0.45406162464985994
M7_single_alpha_full_response,221,switch_after_no_loss,0.3423769507803121
M7_single_alpha_full_response,222,optimal_choice,0.5971557853910795
M7_single_alpha_full_response,222,choose_blue,0.5201282051282051
M7_single_alpha_full_response,222,stay_rate,0.5940530058177117
M7_single_alpha_full_response,222,switch_after_loss,0.4700640490114174
M7_single_alpha_full_response,222,switch_after_no_loss,0.3503861003861004
M7_single_alpha_full_response,223,optimal_choice,0.599612152553329
M7_single_alpha_full_response,223,choose_blue,0.5183333333333333
M7_single_alpha_full_response,223,stay_rate,0.6143503555268262
M7_single_alpha_full_response,223,switch_after_loss,0.45454545454545453
M7_single_alpha_full_response,223,switch_after_no_loss,0.3267801486454088
M7_single_alpha_full_response,224,optimal_choice,0.5957336780866193
M7_single_alpha_full_response,224,choose_blue,0.5323076923076923
M7_single_alpha_full_response,224,stay_rate,0.6050420168067226
M7_single_alpha_full_response,224,switch_after_loss,0.4742647058823529
M7_single_alpha_full_response,224,switch_after_no_loss,0.3281733746130031
M7_single_alpha_full_response,225,optimal_choice,0.5983193277310924
M7_single_alpha_full_response,225,choose_blue,0.5203846153846153
M7_single_alpha_full_response,225,stay_rate,0.6157724628312864
M7_single_alpha_full_response,225,switch_after_loss,0.444851904090268
M7_single_alpha_full_response,225,switch_after_no_loss,0.3329355608591885
M7_single_alpha_full_response,226,optimal_choice,0.5979314802844214
M7_single_alpha_full_response,226,choose_blue,0.5185897435897436
M7_single_alpha_full_response,226,stay_rate,0.6051712992889463
M7_single_alpha_full_response,226,switch_after_loss,0.4746871444823663
M7_single_alpha_full_response,226,switch_after_no_loss,0.3282768428537568
M7_single_alpha_full_response,227,optimal_choice,0.6011635423400129
M7_single_alpha_full_response,227,choose_blue,0.5287179487179487
M7_single_alpha_full_response,227,stay_rate,0.6037491919844861
M7_single_alpha_full_response,227,switch_after_loss,0.47010716300056404
M7_single_alpha_full_response,227,switch_after_no_loss,0.33373120076390544
M7_single_alpha_full_response,228,optimal_choice,0.5987071751777634
M7_single_alpha_full_response,228,choose_blue,0.5221794871794871
M7_single_alpha_full_response,228,stay_rate,0.617065287653523
M7_single_alpha_full_response,228,switch_after_loss,0.4618924360080529
M7_single_alpha_full_response,228,switch_after_no_loss,0.3184593705965242
M7_single_alpha_full_response,229,optimal_choice,0.609049773755656
M7_single_alpha_full_response,229,choose_blue,0.5198717948717949
M7_single_alpha_full_response,229,stay_rate,0.6071105365223012
M7_single_alpha_full_response,229,switch_after_loss,0.4645053102291783
M7_single_alpha_full_response,229,switch_after_no_loss,0.33124849651190763
M7_single_alpha_full_response,230,optimal_choice,0.6124111182934713
M7_single_alpha_full_response,230,choose_blue,0.5271794871794871
M7_single_alpha_full_response,230,stay_rate,0.6241758241758242
M7_single_alpha_full_response,230,switch_after_loss,0.4335227272727273
M7_single_alpha_full_response,230,switch_after_no_loss,0.32763938315539737
M7_single_alpha_full_response,231,optimal_choice,0.5967679379444085
M7_single_alpha_full_response,231,choose_blue,0.5219230769230769
M7_single_alpha_full_response,231,stay_rate,0.6085326438267614
M7_single_alpha_full_response,231,switch_after_loss,0.4623297192104532
M7_single_alpha_full_response,231,switch_after_no_loss,0.32986950217496375
M7_single_alpha_full_response,232,optimal_choice,0.5923723335488041
M7_single_alpha_full_response,232,choose_blue,0.5173076923076924
M7_single_alpha_full_response,232,stay_rate,0.6171945701357466
M7_single_alpha_full_response,232,switch_after_loss,0.4550099347147318
M7_single_alpha_full_response,232,switch_after_no_loss,0.3224121557454891
M7_single_alpha_full_response,233,optimal_choice,0.5932773109243697
M7_single_alpha_full_response,233,choose_blue,0.522948717948718
M7_single_alpha_full_response,233,stay_rate,0.6054298642533936
M7_single_alpha_full_response,233,switch_after_loss,0.4703389830508475
M7_single_alpha_full_response,233,switch_after_no_loss,0.33063170441001194
M7_single_alpha_full_response,234,optimal_choice,0.5958629605688429
M7_single_alpha_full_response,234,choose_blue,0.5224358974358975
M7_single_alpha_full_response,234,stay_rate,0.62120232708468
M7_single_alpha_full_response,234,switch_after_loss,0.44623506529591556
M7_single_alpha_full_response,234,switch_after_no_loss,0.32011605415860733
M7_single_alpha_full_response,235,optimal_choice,0.6002585649644473
M7_single_alpha_full_response,235,choose_blue,0.526025641025641
M7_single_alpha_full_response,235,stay_rate,0.6135746606334842
M7_single_alpha_full_response,235,switch_after_loss,0.4692995099452292
M7_single_alpha_full_response,235,switch_after_no_loss,0.31903422409751525
M7_single_alpha_full_response,236,optimal_choice,0.5963800904977375
M7_single_alpha_full_response,236,choose_blue,0.5271794871794871
M7_single_alpha_full_response,236,stay_rate,0.6103425985778927
M7_single_alpha_full_response,236,switch_after_loss,0.46449621105809713
M7_single_alpha_full_response,236,switch_after_no_loss,0.3257430488974113
M7_single_alpha_full_response,237,optimal_choice,0.5940530058177117
M7_single_alpha_full_response,237,choose_blue,0.5228205128205128
M7_single_alpha_full_response,237,stay_rate,0.6108597285067874
M7_single_alpha_full_response,237,switch_after_loss,0.44401114206128134
M7_single_alpha_full_response,237,switch_after_no_loss,0.3416164053075995
M7_single_alpha_full_response,238,optimal_choice,0.6011635423400129
M7_single_alpha_full_response,238,choose_blue,0.5256410256410257
M7_single_alpha_full_response,238,stay_rate,0.604524886877828
M7_single_alpha_full_response,238,switch_after_loss,0.47678724010253487
M7_single_alpha_full_response,238,switch_after_no_loss,0.32788825757575757
M7_single_alpha_full_response,239,optimal_choice,0.594311570782159
M7_single_alpha_full_response,239,choose_blue,0.5196153846153846
M7_single_alpha_full_response,239,stay_rate,0.6086619263089851
M7_single_alpha_full_response,239,switch_after_loss,0.45846328324354974
M7_single_alpha_full_response,239,switch_after_no_loss,0.3350760456273764
M7_single_alpha_full_response,240,optimal_choice,0.5965093729799612
M7_single_alpha_full_response,240,choose_blue,0.5306410256410257
M7_single_alpha_full_response,240,stay_rate,0.6046541693600517
M7_single_alpha_full_response,240,switch_after_loss,0.472661670829864
M7_single_alpha_full_response,240,switch_after_no_loss,0.3279283639883834
M7_single_alpha_full_response,241,optimal_choice,0.6014221073044602
M7_single_alpha_full_response,241,choose_blue,0.5251282051282051
M7_single_alpha_full_response,241,stay_rate,0.6058177117000646
M7_single_alpha_full_response,241,switch_after_loss,0.4716451431779899
M7_single_alpha_full_response,241,switch_after_no_loss,0.3280613467529355
M7_single_alpha_full_response,242,optimal_choice,0.5962508080155139
M7_single_alpha_full_response,242,choose_blue,0.5221794871794871
M7_single_alpha_full_response,242,stay_rate,0.6177117000646413
M7_single_alpha_full_response,242,switch_after_loss,0.4526668528344038
M7_single_alpha_full_response,242,switch_after_no_loss,0.3216177178623014
M7_single_alpha_full_response,243,optimal_choice,0.600387847446671
M7_single_alpha_full_response,243,choose_blue,0.5323076923076923
M7_single_alpha_full_response,243,stay_rate,0.6206851971557854
M7_single_alpha_full_response,243,switch_after_loss,0.4563079516718179
M7_single_alpha_full_response,243,switch_after_no_loss,0.3136973180076628
M7_single_alpha_full_response,244,optimal_choice,0.6020685197155785
M7_single_alpha_full_response,244,choose_blue,0.5157692307692308
M7_single_alpha_full_response,244,stay_rate,0.6199095022624435
M7_single_alpha_full_response,244,switch_after_loss,0.45389088895042923
M7_single_alpha_full_response,244,switch_after_no_loss,0.31547041707080503
M7_single_alpha_full_response,245,optimal_choice,0.6036199095022624
M7_single_alpha_full_response,245,choose_blue,0.5205128205128206
M7_single_alpha_full_response,245,stay_rate,0.6277957336780866
M7_single_alpha_full_response,245,switch_after_loss,0.44234030525720747
M7_single_alpha_full_response,245,switch_after_no_loss,0.3130807719799857
M7_single_alpha_full_response,246,optimal_choice,0.5953458306399483
M7_single_alpha_full_response,246,choose_blue,0.528974358974359
M7_single_alpha_full_response,246,stay_rate,0.6056884292178409
M7_single_alpha_full_response,246,switch_after_loss,0.4653770675637791
M7_single_alpha_full_response,246,switch_after_no_loss,0.3334932821497121
M7_single_alpha_full_response,247,optimal_choice,0.5941822882999354
M7_single_alpha_full_response,247,choose_blue,0.5235897435897436
M7_single_alpha_full_response,247,stay_rate,0.6042663219133807
M7_single_alpha_full_response,247,switch_after_loss,0.45665378244064053
M7_single_alpha_full_response,247,switch_after_no_loss,0.34208606856309265
M7_single_alpha_full_response,248,optimal_choice,0.6034906270200388
M7_single_alpha_full_response,248,choose_blue,0.5284615384615384
M7_single_alpha_full_response,248,stay_rate,0.6140917905623788
M7_single_alpha_full_response,248,switch_after_loss,0.4579596412556054
M7_single_alpha_full_response,248,switch_after_no_loss,0.32421406287497
M7_single_alpha_full_response,249,optimal_choice,0.5979314802844214
M7_single_alpha_full_response,249,choose_blue,0.5232051282051282
M7_single_alpha_full_response,249,stay_rate,0.6126696832579186
M7_single_alpha_full_response,249,switch_after_loss,0.4511067525917624
M7_single_alpha_full_response,249,switch_after_no_loss,0.3326932309169467
M7_single_alpha_full_response,250,optimal_choice,0.6040077569489334
M7_single_alpha_full_response,250,choose_blue,0.5167948717948718
M7_single_alpha_full_response,250,stay_rate,0.6125404007756949
M7_single_alpha_full_response,250,switch_after_loss,0.45990365542646644
M7_single_alpha_full_response,250,switch_after_no_loss,0.32667617689015693
M7_single_alpha_full_response,251,optimal_choice,0.5961215255332902
M7_single_alpha_full_response,251,choose_blue,0.5238461538461539
M7_single_alpha_full_response,251,stay_rate,0.6104718810601164
M7_single_alpha_full_response,251,switch_after_loss,0.46103526734926054
M7_single_alpha_full_response,251,switch_after_no_loss,0.32993600379236787
M7_single_alpha_full_response,252,optimal_choice,0.6056884292178409
M7_single_alpha_full_response,252,choose_blue,0.5258974358974359
M7_single_alpha_full_response,252,stay_rate,0.6227537168713639
M7_single_alpha_full_response,252,switch_after_loss,0.46102771362586603
M7_single_alpha_full_response,252,switch_after_no_loss,0.30929524701475064
M7_single_alpha_full_response,253,optimal_choice,0.5921137685843568
M7_single_alpha_full_response,253,choose_blue,0.525
M7_single_alpha_full_response,253,stay_rate,0.6152553329023918
M7_single_alpha_full_response,253,switch_after_loss,0.4474491218288263
M7_single_alpha_full_response,253,switch_after_no_loss,0.33052073288331724
M7_single_alpha_full_response,254,optimal_choice,0.6031027795733678
M7_single_alpha_full_response,254,choose_blue,0.5338461538461539
M7_single_alpha_full_response,254,stay_rate,0.6142210730446025
M7_single_alpha_full_response,254,switch_after_loss,0.46247521948456527
M7_single_alpha_full_response,254,switch_after_no_loss,0.321360608943863
M7_single_alpha_full_response,255,optimal_choice,0.5956043956043956
M7_single_alpha_full_response,255,choose_blue,0.5133333333333333
M7_single_alpha_full_response,255,stay_rate,0.6180995475113122
M7_single_alpha_full_response,255,switch_after_loss,0.4477735019241341
M7_single_alpha_full_response,255,switch_after_no_loss,0.3234073712472541
M7_single_alpha_full_response,256,optimal_choice,0.6029734970911441
M7_single_alpha_full_response,256,choose_blue,0.5175641025641026
M7_single_alpha_full_response,256,stay_rate,0.6115061409179057
M7_single_alpha_full_response,256,switch_after_loss,0.45918367346938777
M7_single_alpha_full_response,256,switch_after_no_loss,0.3292132160684573
M7_single_alpha_full_response,257,optimal_choice,0.5965093729799612
M7_single_alpha_full_response,257,choose_blue,0.5197435897435897
M7_single_alpha_full_response,257,stay_rate,0.6206851971557854
M7_single_alpha_full_response,257,switch_after_loss,0.44901960784313727
M7_single_alpha_full_response,257,switch_after_no_loss,0.31956782713085236
M7_single_alpha_full_response,258,optimal_choice,0.5998707175177763
M7_single_alpha_full_response,258,choose_blue,0.5269230769230769
M7_single_alpha_full_response,258,stay_rate,0.6111182934712347
M7_single_alpha_full_response,258,switch_after_loss,0.46535211267605636
M7_single_alpha_full_response,258,switch_after_no_loss,0.3240143369175627
M7_single_alpha_full_response,259,optimal_choice,0.6011635423400129
M7_single_alpha_full_response,259,choose_blue,0.5151282051282051
M7_single_alpha_full_response,259,stay_rate,0.6040077569489334
M7_single_alpha_full_response,259,switch_after_loss,0.4680321062828674
M7_single_alpha_full_response,259,switch_after_no_loss,0.33284813197476953
M7_single_alpha_full_response,260,optimal_choice,0.5926308985132515
M7_single_alpha_full_response,260,choose_blue,0.5293589743589744
M7_single_alpha_full_response,260,stay_rate,0.617065287653523
M7_single_alpha_full_response,260,switch_after_loss,0.45572476029328823
M7_single_alpha_full_response,260,switch_after_no_loss,0.3213177369300549
M7_single_alpha_full_response,261,optimal_choice,0.5998707175177763
M7_single_alpha_full_response,261,choose_blue,0.5098717948717949
M7_single_alpha_full_response,261,stay_rate,0.6208144796380091
M7_single_alpha_full_response,261,switch_after_loss,0.44750914719954965
M7_single_alpha_full_response,261,switch_after_no_loss,0.32113821138211385
M7_single_alpha_full_response,262,optimal_choice,0.6037491919844861
M7_single_alpha_full_response,262,choose_blue,0.5371794871794872
M7_single_alpha_full_response,262,stay_rate,0.6074983839689722
M7_single_alpha_full_response,262,switch_after_loss,0.4679469076532053
M7_single_alpha_full_response,262,switch_after_no_loss,0.32880305197901766
M7_single_alpha_full_response,263,optimal_choice,0.5958629605688429
M7_single_alpha_full_response,263,choose_blue,0.5175641025641026
M7_single_alpha_full_response,263,stay_rate,0.610989010989011
M7_single_alpha_full_response,263,switch_after_loss,0.46881898454746135
M7_single_alpha_full_response,263,switch_after_no_loss,0.31865726100705427
M7_single_alpha_full_response,264,optimal_choice,0.5974143503555268
M7_single_alpha_full_response,264,choose_blue,0.5324358974358975
M7_single_alpha_full_response,264,stay_rate,0.6032320620555914
M7_single_alpha_full_response,264,switch_after_loss,0.4709236031927024
M7_single_alpha_full_response,264,switch_after_no_loss,0.3352259285545304
M7_single_alpha_full_response,265,optimal_choice,0.5941822882999354
M7_single_alpha_full_response,265,choose_blue,0.5098717948717949
M7_single_alpha_full_response,265,stay_rate,0.6042663219133807
M7_single_alpha_full_response,265,switch_after_loss,0.4652584769316287
M7_single_alpha_full_response,265,switch_after_no_loss,0.3352671017645637
M7_single_alpha_full_response,266,optimal_choice,0.610989010989011
M7_single_alpha_full_response,266,choose_blue,0.5402564102564102
M7_single_alpha_full_response,266,stay_rate,0.6124111182934713
M7_single_alpha_full_response,266,switch_after_loss,0.46259673258813416
M7_single_alpha_full_response,266,switch_after_no_loss,0.3259538389072068
M7_single_alpha_full_response,267,optimal_choice,0.6047834518422753
M7_single_alpha_full_response,267,choose_blue,0.5274358974358975
M7_single_alpha_full_response,267,stay_rate,0.6051712992889463
M7_single_alpha_full_response,267,switch_after_loss,0.47404063205417607
M7_single_alpha_full_response,267,switch_after_no_loss,0.3278453829634932
M7_single_alpha_full_response,268,optimal_choice,0.5927601809954751
M7_single_alpha_full_response,268,choose_blue,0.5246153846153846
M7_single_alpha_full_response,268,stay_rate,0.6111182934712347
M7_single_alpha_full_response,268,switch_after_loss,0.46366486178398403
M7_single_alpha_full_response,268,switch_after_no_loss,0.32678655939422624
M7_single_alpha_full_response,269,optimal_choice,0.6032320620555914
M7_single_alpha_full_response,269,choose_blue,0.5274358974358975
M7_single_alpha_full_response,269,stay_rate,0.6193923723335488
M7_single_alpha_full_response,269,switch_after_loss,0.4414007342558599
M7_single_alpha_full_response,269,switch_after_no_loss,0.32927992370052456
M7_single_alpha_full_response,270,optimal_choice,0.5919844861021332
M7_single_alpha_full_response,270,choose_blue,0.5353846153846153
M7_single_alpha_full_response,270,stay_rate,0.6074983839689722
M7_single_alpha_full_response,270,switch_after_loss,0.47028717657094116
M7_single_alpha_full_response,270,switch_after_no_loss,0.3276434329065908
M7_single_alpha_full_response,271,optimal_choice,0.6058177117000646
M7_single_alpha_full_response,271,choose_blue,0.5230769230769231
M7_single_alpha_full_response,271,stay_rate,0.617065287653523
M7_single_alpha_full_response,271,switch_after_loss,0.44859292281972696
M7_single_alpha_full_response,271,switch_after_no_loss,0.32609744331886154
M7_single_alpha_full_response,272,optimal_choice,0.6100840336134454
M7_single_alpha_full_response,272,choose_blue,0.5394871794871795
M7_single_alpha_full_response,272,stay_rate,0.6107304460245637
M7_single_alpha_full_response,272,switch_after_loss,0.46077316657191586
M7_single_alpha_full_response,272,switch_after_no_loss,0.32961821199905145
M7_single_alpha_full_response,273,optimal_choice,0.5908209437621202
M7_single_alpha_full_response,273,choose_blue,0.5185897435897436
M7_single_alpha_full_response,273,stay_rate,0.6214608920491274
M7_single_alpha_full_response,273,switch_after_loss,0.4353554762558331
M7_single_alpha_full_response,273,switch_after_no_loss,0.3279569892473118
M7_single_alpha_full_response,274,optimal_choice,0.5958629605688429
M7_single_alpha_full_response,274,choose_blue,0.5314102564102564
M7_single_alpha_full_response,274,stay_rate,0.6195216548157725
M7_single_alpha_full_response,274,switch_after_loss,0.4524682651622003
M7_single_alpha_full_response,274,switch_after_no_loss,0.3195704057279236
M7_single_alpha_full_response,275,optimal_choice,0.609049773755656
M7_single_alpha_full_response,275,choose_blue,0.5325641025641026
M7_single_alpha_full_response,275,stay_rate,0.6156431803490627
M7_single_alpha_full_response,275,switch_after_loss,0.4661525278491859
M7_single_alpha_full_response,275,switch_after_no_loss,0.31672177609825225
M7_single_alpha_full_response,276,optimal_choice,0.6060762766645119
M7_single_alpha_full_response,276,choose_blue,0.5257692307692308
M7_single_alpha_full_response,276,stay_rate,0.60530058177117
M7_single_alpha_full_response,276,switch_after_loss,0.47827338129496405
M7_single_alpha_full_response,276,switch_after_no_loss,0.32652582159624416
M7_single_alpha_full_response,277,optimal_choice,0.5975436328377505
M7_single_alpha_full_response,277,choose_blue,0.5253846153846153
M7_single_alpha_full_response,277,stay_rate,0.61590174531351
M7_single_alpha_full_response,277,switch_after_loss,0.453695836873407
M7_single_alpha_full_response,277,switch_after_no_loss,0.32564224548049475
M7_single_alpha_full_response,278,optimal_choice,0.604524886877828
M7_single_alpha_full_response,278,choose_blue,0.5323076923076923
M7_single_alpha_full_response,278,stay_rate,0.6153846153846154
M7_single_alpha_full_response,278,switch_after_loss,0.4634696755994358
M7_single_alpha_full_response,278,switch_after_no_loss,0.31789976133651554
M7_single_alpha_full_response,279,optimal_choice,0.5979314802844214
M7_single_alpha_full_response,279,choose_blue,0.5244871794871795
M7_single_alpha_full_response,279,stay_rate,0.599612152553329
M7_single_alpha_full_response,279,switch_after_loss,0.48490077653149266
M7_single_alpha_full_response,279,switch_after_no_loss,0.3313762329732269
M7_single_alpha_full_response,280,optimal_choice,0.6023270846800258
M7_single_alpha_full_response,280,choose_blue,0.5093589743589744
M7_single_alpha_full_response,280,stay_rate,0.6143503555268262
M7_single_alpha_full_response,280,switch_after_loss,0.45434173669467787
M7_single_alpha_full_response,280,switch_after_no_loss,0.32677070828331334
M7_single_alpha_full_response,281,optimal_choice,0.5910795087265676
M7_single_alpha_full_response,281,choose_blue,0.5261538461538462
M7_single_alpha_full_response,281,stay_rate,0.6078862314156431
M7_single_alpha_full_response,281,switch_after_loss,0.45160398230088494
M7_single_alpha_full_response,281,switch_after_no_loss,0.33988832240835154
M7_single_alpha_full_response,282,optimal_choice,0.6068519715578539
M7_single_alpha_full_response,282,choose_blue,0.5357692307692308
M7_single_alpha_full_response,282,stay_rate,0.6108597285067874
M7_single_alpha_full_response,282,switch_after_loss,0.47284434490481525
M7_single_alpha_full_response,282,switch_after_no_loss,0.3173192409320202
M7_single_alpha_full_response,283,optimal_choice,0.5934065934065934
M7_single_alpha_full_response,283,choose_blue,0.5217948717948718
M7_single_alpha_full_response,283,stay_rate,0.604524886877828
M7_single_alpha_full_response,283,switch_after_loss,0.45604242255093497
M7_single_alpha_full_response,283,switch_after_no_loss,0.3432080924855491
M7_single_alpha_full_response,284,optimal_choice,0.5949579831932773
M7_single_alpha_full_response,284,choose_blue,0.5233333333333333
M7_single_alpha_full_response,284,stay_rate,0.6107304460245637
M7_single_alpha_full_response,284,switch_after_loss,0.44862155388471175
M7_single_alpha_full_response,284,switch_after_no_loss,0.33783783783783783
M7_single_alpha_full_response,285,optimal_choice,0.5934065934065934
M7_single_alpha_full_response,285,choose_blue,0.5128205128205128
M7_single_alpha_full_response,285,stay_rate,0.6186166774402069
M7_single_alpha_full_response,285,switch_after_loss,0.46055979643765904
M7_single_alpha_full_response,285,switch_after_no_loss,0.31467365412101
M7_single_alpha_full_response,286,optimal_choice,0.6107304460245637
M7_single_alpha_full_response,286,choose_blue,0.53
M7_single_alpha_full_response,286,stay_rate,0.6249515190691661
M7_single_alpha_full_response,286,switch_after_loss,0.4584055459272097
M7_single_alpha_full_response,286,switch_after_no_loss,0.30751228644980105
M7_single_alpha_full_response,287,optimal_choice,0.5972850678733032
M7_single_alpha_full_response,287,choose_blue,0.5353846153846153
M7_single_alpha_full_response,287,stay_rate,0.6139625080801552
M7_single_alpha_full_response,287,switch_after_loss,0.46271618939608733
M7_single_alpha_full_response,287,switch_after_no_loss,0.3217680608365019
M7_single_alpha_full_response,288,optimal_choice,0.5944408532643827
M7_single_alpha_full_response,288,choose_blue,0.5182051282051282
M7_single_alpha_full_response,288,stay_rate,0.6147382029734971
M7_single_alpha_full_response,288,switch_after_loss,0.46079818850834986
M7_single_alpha_full_response,288,switch_after_no_loss,0.32175154688243696
M7_single_alpha_full_response,289,optimal_choice,0.5989657401422107
M7_single_alpha_full_response,289,choose_blue,0.5223076923076924
M7_single_alpha_full_response,289,stay_rate,0.6146089204912735
M7_single_alpha_full_response,289,switch_after_loss,0.4647092038396386
M7_single_alpha_full_response,289,switch_after_no_loss,0.3183877891724302
M7_single_alpha_full_response,290,optimal_choice,0.6055591467356173
M7_single_alpha_full_response,290,choose_blue,0.5206410256410257
M7_single_alpha_full_response,290,stay_rate,0.6112475759534584
M7_single_alpha_full_response,290,switch_after_loss,0.46431617856127383
M7_single_alpha_full_response,290,switch_after_no_loss,0.32574679943101
M7_single_alpha_full_response,291,optimal_choice,0.5892695539754363
M7_single_alpha_full_response,291,choose_blue,0.5266666666666666
M7_single_alpha_full_response,291,stay_rate,0.6143503555268262
M7_single_alpha_full_response,291,switch_after_loss,0.4660056657223796
M7_single_alpha_full_response,291,switch_after_no_loss,0.318192627824019
M7_single_alpha_full_response,292,optimal_choice,0.5981900452488688
M7_single_alpha_full_response,292,choose_blue,0.5298717948717949
M7_single_alpha_full_response,292,stay_rate,0.6126696832579186
M7_single_alpha_full_response,292,switch_after_loss,0.4630834512022631
M7_single_alpha_full_response,292,switch_after_no_loss,0.32357142857142857
M7_single_alpha_full_response,293,optimal_choice,0.5959922430510666
M7_single_alpha_full_response,293,choose_blue,0.5288461538461539
M7_single_alpha_full_response,293,stay_rate,0.6214608920491274
M7_single_alpha_full_response,293,switch_after_loss,0.4511784511784512
M7_single_alpha_full_response,293,switch_after_no_loss,0.3164708702948933
M7_single_alpha_full_response,294,optimal_choice,0.6071105365223012
M7_single_alpha_full_response,294,choose_blue,0.5039743589743589
M7_single_alpha_full_response,294,stay_rate,0.6099547511312218
M7_single_alpha_full_response,294,switch_after_loss,0.4780990552533639
M7_single_alpha_full_response,294,switch_after_no_loss,0.3175388967468175
M7_single_alpha_full_response,295,optimal_choice,0.6060762766645119
M7_single_alpha_full_response,295,choose_blue,0.5325641025641026
M7_single_alpha_full_response,295,stay_rate,0.6277957336780866
M7_single_alpha_full_response,295,switch_after_loss,0.4452015900056786
M7_single_alpha_full_response,295,switch_after_no_loss,0.3111796819368621
M7_single_alpha_full_response,296,optimal_choice,0.604912734324499
M7_single_alpha_full_response,296,choose_blue,0.5232051282051282
M7_single_alpha_full_response,296,stay_rate,0.6085326438267614
M7_single_alpha_full_response,296,switch_after_loss,0.4623115577889447
M7_single_alpha_full_response,296,switch_after_no_loss,0.3303635925836744
M7_single_alpha_full_response,297,optimal_choice,0.5989657401422107
M7_single_alpha_full_response,297,choose_blue,0.5283333333333333
M7_single_alpha_full_response,297,stay_rate,0.6067226890756302
M7_single_alpha_full_response,297,switch_after_loss,0.4768673355629877
M7_single_alpha_full_response,297,switch_after_no_loss,0.3209549071618037
M7_single_alpha_full_response,298,optimal_choice,0.6009049773755656
M7_single_alpha_full_response,298,choose_blue,0.5292307692307693
M7_single_alpha_full_response,298,stay_rate,0.6244343891402715
M7_single_alpha_full_response,298,switch_after_loss,0.4442865264354747
M7_single_alpha_full_response,298,switch_after_no_loss,0.31823571259189
M7_single_alpha_full_response,299,optimal_choice,0.5835811247575954
M7_single_alpha_full_response,299,choose_blue,0.5288461538461539
M7_single_alpha_full_response,299,stay_rate,0.6236586942469295
M7_single_alpha_full_response,299,switch_after_loss,0.43832236842105265
M7_single_alpha_full_response,299,switch_after_no_loss,0.3210178615121116
M7_single_alpha_full_response,300,optimal_choice,0.6005171299288946
M7_single_alpha_full_response,300,choose_blue,0.5291025641025641
M7_single_alpha_full_response,300,stay_rate,0.6055591467356173
M7_single_alpha_full_response,300,switch_after_loss,0.4721829991527817
M7_single_alpha_full_response,300,switch_after_no_loss,0.32880305197901766
